app_id,game_title,developer,review_id,reviewer,review_title,review_text,review_rating,review_date,review_version,country,cleaned_review,pain_point_id,cluster_id
6748084174,Smash Fest!,Flow Games Bilisim Yazilim ve Pazarlama Anonim Sirketi,14392809101,Allie in the USA,KEEPS CRASHING!,Fun game but it crashed on me yesterday after getting to a high level. I deleted the app and re uploaded it. Then today it crashed again!!!,1,2026-08-05 23:34:56+00:00,568,US,fun but crashed yesterday after high level deleted the and uploaded then today crashed again,4,10
6748084174,Smash Fest!,Flow Games Bilisim Yazilim ve Pazarlama Anonim Sirketi,14392710581,juno nothing,Not what I expected,Looks better on ads but once you start to play you realize it’s just another game they make hard enough for us to need to start spending money.,1,2026-08-05 22:56:03+00:00,568,US,looks better ads but once you start you realize another they hard enough for need start spending money,7,10
6748084174,Smash Fest!,Flow Games Bilisim Yazilim ve Pazarlama Anonim Sirketi,14392290695,Godscountrygirl61,Not the same,The games I played before I downloaded it were more fun. I like to enjoy playing & winning. I don’t want these hard games where to blocks don’t even move after I’ve hit them several times. I’m about to delete this app n,1,2026-08-05 20:17:43+00:00,568,US,the before downloaded were more fun enjoy winning don these hard where blocks don even move after hit them several about delete this,3,10
6761760135,Meowdoku!,Oakever Games,14393734596,Pogmaster300,They added hints and ruined the game,Changed my review. Why did you start including hints by placing a cat when the game starts? At least let people opt out of an easy play mode. I managed just fine without help. Jeez. Devs are forever fixing things that ain’t broke!,1,2026-08-06 05:43:29+00:00,1.11.0,US,changed review why did you start including hints placing cat when the starts least let people opt out easy mode managed fine without help jeez devs are forever fixing that ain broke,0,10
6761760135,Meowdoku!,Oakever Games,14393722939,henxlv,No point,"What’s the point if the game does everything for you, the people that advertise are liars nothing like sudoku 🤦‍♀️",1,2026-08-06 05:38:19+00:00,1.11.0,US,what the point the does everything for you the people that advertise are liars nothing sudoku,0,10
6761760135,Meowdoku!,Oakever Games,14393680895,Cubicle dweller,Super cute game but...,I can only play it for very short periods of time. It overheats my device and drains my battery.,2,2026-08-06 05:19:44+00:00,1.11.0,US,can only for very short periods overheats device and drains battery,0,10
6761760135,Meowdoku!,Oakever Games,14393606180,Soggun,Awful practices,"I’ve never written an App Store review, but I had to for this…

What a bait and switch!!! Great game. Lots of fun. And then all of sudden, they change and go from no ads to ads between EVERY SINGLE LEVEL! And these ads aren’t the typical ones where you wait 10s and can then x out of them. You wait 10s, then hit arrows to advance them, which loads the App Store page, then you close that and repeat that process 3 more times before finally you can go back, do 1 more level and repeat the whole process.

The core of the game is great and addictive. No ads was fantastic. An ad every 10 levels or so would be okay. But long ads that you can’t even really click through after every single level is criminal. I was spending more time in ads than actually playing the game.

Such a shame.",1,2026-08-06 04:46:50+00:00,1.11.0,US,never written store review but had for this what bait and switch lots fun and then all sudden they change and from ads ads between every single level and these ads aren the typical ones where you wait and can then out them you wait then hit arrows advance them which loads the store page then you close that and repeat that process more before finally you can back more level and repeat the whole process the core the and addictive ads was fantastic every levels would okay but long ads that you can even click through after every single level criminal was spending more ads than actually the such shame,4,10
6761760135,Meowdoku!,Oakever Games,14393562416,DSly4425,"Decent game, terrible support.","The game is decent enough, but the ads are getting increasingly out of hand. They say that you should be able to close an ad within 5 seconds of the end of a level but this is proving to not be the case with increasing frequency. The support options do not work, and there is no longer any response when attempting to reach out to support in any capacity. Three times I’ve watched an ad with a promise of x2 reward and did not get the extra reward. 

Thankfully the game isn’t so challenging for me that I need the clues a lot, but at the same time if I am watching an ad to get them, they need to be delivered, or the portal they tell you to use to report issues needs to actually work. 

I’m also seeing tons of ads now for nearly identical games and I’m not sure if this is the original or one of the many copies.",2,2026-08-06 04:27:53+00:00,1.11.0,US,the decent enough but the ads are increasingly out hand they say that you should able close within seconds the end level but this proving not the case with increasing frequency the support options not work and there longer any response when attempting reach out support any capacity three watched with promise reward and did not the extra reward thankfully the isn challenging for that need the clues lot but the same watching them they need delivered the portal they tell you use report issues needs actually work also seeing tons ads now for nearly identical and not sure this the original one the many copies,4,10
6761760135,Meowdoku!,Oakever Games,14393555808,Brian from Texas,Unplayable if you are red/green colorblind,Unplayable if you are red/green colorblind,1,2026-08-06 04:25:03+00:00,1.11.0,US,unplayable you are red green colorblind,0,10
6761760135,Meowdoku!,Oakever Games,14393525105,jdnskskqlanxndnnsndbsjsjsn,Less Ads!!!!!,"This game is extremely good, but you need an option to have less ads. It makes the game unbearable to have so many with no option to get rid of them and your customer support bot isn’t worth anything either.",1,2026-08-06 04:12:08+00:00,1.11.0,US,this extremely but you need option have less ads the unbearable have many with option rid them and your customer support bot isn worth anything either,7,10
6761760135,Meowdoku!,Oakever Games,14393416219,MatthewK42,Great until…,Great game until about level 75. Unless you want to watch ads. I’m not going to do. I wish some games would just sell it and not make it obnoxious to play further on. Also for some reason you have to close out if you want to get out of an ad…,1,2026-08-06 03:27:34+00:00,1.11.0,US,until about level unless you watch ads not going wish some would sell and not obnoxious further also for some reason you have close out you out,4,10
6761760135,Meowdoku!,Oakever Games,14393369952,BigDaveHuddy,After 32 games it state you have a virus,"The game was a lot of fun, but after 32 games, your in game inbox starts to flash and has a warning that you have a virus push this button to clean the virus. Then other things flash on the screen, saying Google has detected a virus on your phone do not install this game",1,2026-08-06 03:09:11+00:00,1.11.0,US,the was lot fun but after your inbox starts flash and has warning that you have virus push this button clean the virus then other flash the screen saying google has detected virus your not install this,6,10
6761760135,Meowdoku!,Oakever Games,14393324091,validitymaiden,Forced ads,Forces an ad after each level after 10,1,2026-08-06 02:51:16+00:00,1.11.0,US,forces after each level after,4,10
6761760135,Meowdoku!,Oakever Games,14393235779,Dan the door,😿Adds that don’t go away!!!!,"The game is fun. But the adds after every stage are too much.  They don’t time out, causing you to close the game every few minutes.   If you pay for the game, I’m sure it will be enjoyable. But the free version 👎🏼",2,2026-08-06 02:17:19+00:00,1.11.0,US,the fun but the adds after every stage are too much they don out causing you close the every few minutes you pay for the sure will enjoyable but the free version,5,10
6752672568,Block Out! - Color Sort Puzzle,Grand Games A.Ş.,14390854266,bottleknocker 22,Spend money and watch ads,Game is fun until you get at a level that you can’t clear without spending money and you get nothing but ads.  Stay away from,1,2026-08-05 13:02:13+00:00,801,US,fun until you level that you can clear without spending money and you nothing but ads stay away from,4,10
6752672568,Block Out! - Color Sort Puzzle,Grand Games A.Ş.,14388814633,WobblyDuckie,Obnoxious ads,"I downloaded the game just so I could give it a zero star review for its obnoxious ads in other games. Impossible to turn off the mind numbing soundtrack. Reported many times to no avail. Fix It!
Game immediately wiped off my phone.",1,2026-08-05 00:06:07+00:00,801,US,downloaded the could give zero star review for its obnoxious ads other impossible turn off the mind numbing soundtrack reported many avail fix immediately wiped off,0,10
6752672568,Block Out! - Color Sort Puzzle,Grand Games A.Ş.,14388644739,Jjenniger,Adds,"The adds seem to be on the screen more than the game.  I get adds if you are trying to use a booster, but why do they have to be several minutes long. Insane",1,2026-08-04 22:59:42+00:00,801,US,the adds seem the screen more than the adds you are trying use booster but why they have several minutes long insane,6,10
6752672568,Block Out! - Color Sort Puzzle,Grand Games A.Ş.,14388475247,Ilovetocabocabutihateglitches,SO MANY ADS,"This game has so many ads and for the harder levels i have like no time to do it, i really thought this game had a chance but then i got sooo many ads and it was so annoying, step up your game man",2,2026-08-04 21:54:02+00:00,801,US,this has many ads and for the harder levels have thought this had chance but then sooo many ads and was annoying step your man,2,10
6752672568,Block Out! - Color Sort Puzzle,Grand Games A.Ş.,14388337075,MindB3nder,Good but could be better,"I enjoyed this game for about the first 30 minutes, but when I got to level 17 and you have to move blocks around continuously to get them lined up and the timer runs out and you don't have 900g  gold to continue it gets old quick. I love puzzle games, they keep your mind sharp. But nobody wants a timer. Most games have done away with those. It's challenging enough without those IMHO. If you ever get rid of the timer, I'll download it again.",2,2026-08-04 21:02:39+00:00,801,US,enjoyed this for about the first minutes but when level and you have move blocks around continuously them lined and the timer runs out and you don't have gold continue old quick puzzle they keep your mind sharp but nobody wants timer most have done away with those it's challenging enough without those imho you ever rid the timer i'll download again,4,10
6759763476,Bus Traffic Fever!,"GOODROID,Inc.",14393485381,Giant Dummy,Gamer,Love the game and played it a lot. The more I played the advertising increased with no way to mute adds sounds. Then the game would tell me I was out of moves when I had moves with more adds. Had to delete.,2,2026-08-06 03:55:35+00:00,1.6.0,US,the and lot the more the advertising increased with way mute adds sounds then the would tell was out moves when had moves with more adds had delete,6,10
6759763476,Bus Traffic Fever!,"GOODROID,Inc.",14393019913,EB24,Mostly Ads interrupted by brief spurts of gaming,"Title says it all.  Start a level. Get an ad. Click on a bonus. Get an ad.  Win a level. Get an ad.  Lose a level. Get an ad. And some of these ads are literally minutes long.  Do you feel how frustrated you are getting reading this repetitive, boring review?   Do you understand metaphor?   Good idea for a puzzle game.  Terrible execution.",1,2026-08-06 00:56:39+00:00,1.6.0,US,title says all start level click bonus win level lose level and some these ads are literally minutes long you feel how frustrated you are reading this repetitive boring review you understand metaphor idea for puzzle terrible execution,4,10
6759763476,Bus Traffic Fever!,"GOODROID,Inc.",14392699024,Gogogumdrops,don’t bother,you get past a certain level and tube only way to beat it is by watching a ton of ads or paying money,1,2026-08-05 22:51:24+00:00,1.6.0,US,you past certain level and tube only way beat watching ton ads paying money,4,10
6759763476,Bus Traffic Fever!,"GOODROID,Inc.",14392493163,Kalkan650,Meh,Thought this game would allow some playing without having to watch ads after just 2 moves.  The cars are facing the wrong direction in almost every level - too dependent on add watching - no fun,1,2026-08-05 21:31:23+00:00,1.6.0,US,thought this would allow some without having watch ads after moves the cars are facing the wrong direction almost every level too dependent add watching fun,4,10
6759763476,Bus Traffic Fever!,"GOODROID,Inc.",14392102590,TarToner5,Fun but too many ads,It started great til later on in levels now you get a ad every retry or new level. Ignorant. Will delete off now. I could see ad every 3 or 4 retry’s but not everyone.,2,2026-08-05 19:12:42+00:00,1.6.0,US,started til later levels now you every retry new level ignorant will delete off now could see every retry but not everyone,4,10
6759763476,Bus Traffic Fever!,"GOODROID,Inc.",14390751325,StedDOOM,Deleted,"Perfectly fine puzzle game until you reach level 115. Deleted after consulting multiple YouTube videos proving that the level cannot be beat without using power ups. It’s bad enough the game is already a way to churn out ads between every single level. If you can’t solve the puzzle with the pieces provided, it’s not a puzzle, it’s a sham.",1,2026-08-05 12:31:25+00:00,1.6.0,US,perfectly fine puzzle until you reach level deleted after consulting multiple youtube videos proving that the level cannot beat without using power ups enough the already way churn out ads between every single level you can solve the puzzle with the pieces provided not puzzle sham,4,10
6759763476,Bus Traffic Fever!,"GOODROID,Inc.",14390449661,jigga10000,Fun until not,Got to level 36 and it kept saying I didn’t have any free spaces when I did. Kept watching ads to get past it and eventually I was told I lost the round when I didn’t,2,2026-08-05 10:53:02+00:00,1.6.0,US,level and kept saying didn have any free spaces when did kept watching ads past and eventually was told lost the round when didn,7,10
6759763476,Bus Traffic Fever!,"GOODROID,Inc.",14388884898,ApolloCharms,Ad Malware,The game was fun for a few levels but I noticed that I started getting pop up ads in my other apps and they wouldn’t go away. I’ve never had that happen until I got this game. Erased it and the ads are all gone.,1,2026-08-05 00:32:45+00:00,1.6.0,US,the was fun for few levels but noticed that started pop ads other and they wouldn away never had that happen until this erased and the ads are all gone,2,10
6759763476,Bus Traffic Fever!,"GOODROID,Inc.",14388653620,carpitrnr,No colors,All the people are black. How do you play when they are not colors?,1,2026-08-04 23:03:16+00:00,1.6.0,US,all the people are black how you when they are not colors,0,10
6759763476,Bus Traffic Fever!,"GOODROID,Inc.",14388614791,sawert123456789987654321,False advertisement?,Not sure how you can sell a no ad package deal and then still force the player to watch ads. Seems very disingenuous.,1,2026-08-04 22:48:07+00:00,1.6.0,US,not sure how you can sell package deal and then still force the watch ads seems very disingenuous,2,10
6759763476,Bus Traffic Fever!,"GOODROID,Inc.",14388504172,Aubrey_25_99,Five-to-Ten minute ads,"I don't mind watching a few ads, but some of the ads in this game are ridiculously long and you have to click them 7 or 8 times to get out of them. Sometimes they hang up and crash your game and you lose all your level progress. I ended up deleting it because of this. Waste of time.",1,2026-08-04 22:05:06+00:00,1.6.0,US,don't mind watching few ads but some the ads this are ridiculously long and you have click them out them sometimes they hang and crash your and you lose all your level progress ended deleting because this waste,2,10
6759763476,Bus Traffic Fever!,"GOODROID,Inc.",14388248991,Purplepowpow,Ragebait with ads,"One of those bad apps that has rigged the game so you either have to spend money or watch several ads to progress your game. Rather than a fun little challenge, the colors change with the purpose to end the level (resulting in an ad) or forces you to watch ads to “open additional parking spaces”. Would consider purchasing the “No Ads” feature but 7.99 is a joke of a price considering what you get is the bare minimum of a game. Very disappointing.",1,2026-08-04 20:31:15+00:00,1.6.0,US,one those that has rigged the you either have spend money watch several ads progress your rather than fun little challenge the colors change with the purpose end the level resulting forces you watch ads open additional parking spaces would consider purchasing the ads feature but joke price considering what you the bare minimum very disappointing,2,10
6499209744,Magic Sort!,Grand Games A.Ş.,14393647093,Rampling,Torture/Killing Scene! 😾,"I had downloaded this game and found it amusing to play.  But just now I was playing a different game that was showing ads for other games and it showed an ad for Magic Sort.  It was one of those horrible offensive scenes where you have to solve a puzzle to save someone from drowning, but in this case it was to save a cat from drowning. I don’t find this amusing in the slightest; I will not play any games that show scenes threatening death to any human or animal.  I will never play this game again, and have deleted it from my phone.  😾

The description in the App Store says this game provides a “soothing, colorful escape, where water and color sorting provide a tranquil experience.”  These kinds of puzzles, motivated by looming threats of death, are the opposite of tranquility!!  🙀",1,2026-08-06 05:04:54+00:00,29.29,US,had downloaded this and found amusing but now was different that was showing ads for other and showed for magic sort was one those horrible offensive scenes where you have solve puzzle save someone from drowning but this case was save cat from drowning don find this amusing the slightest will not any that show scenes threatening death any human animal will never this again and have deleted from the description the store says this provides soothing colorful escape where water and color sorting provide tranquil experience these kinds puzzles motivated looming threats death are the opposite tranquility,0,10
6499209744,Magic Sort!,Grand Games A.Ş.,14393304719,Coach-Ray,Lost place,I changed phones and lost all places and levels,1,2026-08-06 02:43:39+00:00,29.29,US,changed phones and lost all places and levels,0,10
6499209744,Magic Sort!,Grand Games A.Ş.,14390647574,VegasFox0307,Gotta buy things to continue,Was having fun until level 129. I’ve tried at least 30 times to complete it. Even used AI 5 times with screenshots and it’s literally unbeatable unless you have enough stars to purchase an extra bottle or buy an extra bottle. I already paid to have no ads. I’m deleting the game from my phone. I hate games like this - they make you love it and then it’s ’oh what’s $1 here? Or there?’ To pass a level and before you know it you’ve spent $50 on a rigged puzzle game.,1,2026-08-05 11:59:04+00:00,29.29,US,was having fun until level tried least complete even used with screenshots and literally unbeatable unless you have enough stars purchase extra bottle buy extra bottle already paid have ads deleting the from hate this they you and then what here there pass level and before you know you spent rigged puzzle,4,10
6499209744,Magic Sort!,Grand Games A.Ş.,14390162326,DinoHeroMommy,You have to pay to beat levels,The app does not allow you to watch videos for coins. The only way to beat certain levels is to pay. Not worth it.,2,2026-08-05 09:04:53+00:00,29.29,US,the does not allow you watch videos for coins the only way beat certain levels pay not worth,5,10
6499209744,Magic Sort!,Grand Games A.Ş.,14390116209,mrs.dorian.gray,Just ads,The game pushes so many ads it’s not fun anymore it’s just annoying,1,2026-08-05 08:46:16+00:00,29.29,US,the pushes many ads not fun anymore annoying,3,10
6499209744,Magic Sort!,Grand Games A.Ş.,14389714440,Max Overload,Terrible ads,I was having fun until the first ad loaded and then never ended.,1,2026-08-05 05:58:59+00:00,29.29,US,was having fun until the first loaded and then never ended,3,10
6499209744,Magic Sort!,Grand Games A.Ş.,14389402717,qbert92,Charged,"I just got charged while playing the game, but I didn’t purchase anything",1,2026-08-05 03:47:10+00:00,29.29,US,charged while the but didn purchase anything,7,10
6499209744,Magic Sort!,Grand Games A.Ş.,14389273708,Riggle’s,Caution of glitches,"Fun game I enjoy playing. And I play a lot. But all the glitches causes you to lose lives, coins, rewards.  Freezes up, shuts down at the reward point and sometimes when you’re about to beat it. Then you lose everything.  Annoying",2,2026-08-05 02:56:27+00:00,29.29,US,fun enjoy and lot but all the glitches causes you lose lives coins rewards freezes shuts down the reward point and sometimes when you about beat then you lose everything annoying,3,10
6499209744,Magic Sort!,Grand Games A.Ş.,14388671546,T R Book,Bad bonus prizes,Most often win ‘more time’ or unlimited lives… nothing useful for playing.,1,2026-08-04 23:10:09+00:00,29.29,US,most often win more unlimited lives nothing useful for,0,10
6499209744,Magic Sort!,Grand Games A.Ş.,14388284542,NewBeginningLAX,Ads and Crashes,"I understand the app wants to make $$, but there are so many ads and distractions. Also, it’d crash suddenly and you’ll lose your progress. Needs improvement.",2,2026-08-04 20:43:43+00:00,29.29,US,understand the wants but there are many ads and distractions also crash suddenly and you lose your progress needs improvement,2,10
431946152,Roblox,Roblox Corporation,14394005838,Liquid alcoholic snake,Please remove the age groups.,"This doesn’t feel like the original Roblox everyone used to love, this version feels like no one cares about the players anymore",1,2026-08-06 07:41:09+00:00,2.730.790,US,this doesn feel the original roblox everyone used this version feels one cares about the anymore,7,2
431946152,Roblox,Roblox Corporation,14393978776,Carrotclan,Moblie,I have spent real money on this game and the one time I want to play a game on moblie I can’t play sideways I have to play with my phone standing up please do something about this,1,2026-08-06 07:29:40+00:00,2.730.790,US,have spent real money this and the one moblie can sideways have with standing please something about this,1,2
431946152,Roblox,Roblox Corporation,14393914416,Roblox used to better,Chat age restrictions,"Hey Roblox, I know that you put age restrictions on chats so that your app be a safer place but, it’s really not helping a lot of people, yes I do understand that you made this decision to keep adults away from communicating with younger people, but a lot of other players cant even talk to their friends anymore or let alone make new ones, the restrictions are actually starting to get out of hand and effect your app negatively, I advise that you let people talk to everyone in servers so you don’t get as much as bad reviews than you already do, you can keep the warning in the chat logs in case that there’s a huge age gap difference if one befriends another, if you do not take my advice, your app may not do so well after a while, just a heads up, and please consider removing it, thanks.",1,2026-08-06 07:02:08+00:00,2.730.790,US,hey roblox know that you put age restrictions chats that your safer place but not helping lot people yes understand that you made this decision keep adults away from communicating with younger people but lot other cant even talk their friends anymore let alone new ones the restrictions are actually starting out hand and effect your negatively advise that you let people talk everyone servers you don much reviews than you already you can keep the warning the chat logs case that there huge age gap difference one befriends another you not take advice your may not well after while heads and please consider removing thanks,7,2
431946152,Roblox,Roblox Corporation,14393875793,Minh-Chuong,Bad updates,We want our old Roblox back,1,2026-08-06 06:45:13+00:00,2.730.790,US,our old roblox back,0,2
431946152,Roblox,Roblox Corporation,14393857631,Goonable Greg,You took my face David,You took my face I can’t speak now u stole my face I can’t talk with friends,1,2026-08-06 06:37:23+00:00,2.730.790,US,you took face can speak now stole face can talk with friends,7,2
431946152,Roblox,Roblox Corporation,14393836073,Joseph2789,No reason,my device got banned forever because my account got deleted but I never got banned on this device only this time why is my device banned…?,1,2026-08-06 06:27:59+00:00,2.730.790,US,device banned forever because account deleted but never banned this device only this why device banned,0,2
431946152,Roblox,Roblox Corporation,14393835103,five stars  :)￼,"I love the app, but……",Roblox used to be so different and now it is different extremely different like we can’t even have the classic faces or classic heads anymore. I spent like 100 300. I don’t know Robux to get one of those classic heads and I barely ever get to get Robux. I want the old Roblox back every one does and that’s why I gave it low rating. Roblox used to be so fun but now I’ve been getting really bored of it. It’s not as fun as it used to,2,2026-08-06 06:27:34+00:00,2.730.790,US,roblox used different and now different extremely different can even have the classic faces classic heads anymore spent don know robux one those classic heads and barely ever robux the old roblox back every one does and that why gave low rating roblox used fun but now been bored not fun used,3,2
431946152,Roblox,Roblox Corporation,14393815541,It’s Kyovi,Fix Roblox now!,"THERE ARE SO MANY BOTS TRYING TO HACK ROBLOX PLAYERS ,WHY IS ALL MOST EVERY GAME FILLED WITH BOTS UGGGH I HATE THIS GAME",1,2026-08-06 06:19:00+00:00,2.730.790,US,there are many bots trying hack roblox why all most every filled with bots ugggh hate this,0,2
431946152,Roblox,Roblox Corporation,14393790873,LiamAsaenz,Horrible updates,This game used to be loved But now There’s age verification and they removed classic faces Classic 2D clothing And way other more horrible updates to,1,2026-08-06 06:08:16+00:00,2.730.790,US,this used loved but now there age verification and they removed classic faces classic clothing and way other more horrible updates,6,2
431946152,Roblox,Roblox Corporation,14393786149,Frick David Roblox,Roblox sucks,It has to many predators and the ceo sucks,1,2026-08-06 06:06:10+00:00,2.730.790,US,has many predators and the ceo sucks,0,2
431946152,Roblox,Roblox Corporation,14393777860,Princessmbabyyy,School feature,YOU BETTER NOT ADD A SCHOOL FEATURE MY TEACHERS ARE NOT LOOKING AT MY PROFILE GAMES FRIENDS OR ANYTHING REMOVE IT NOW🤬😡🤬😡🤬😡,1,2026-08-06 06:02:33+00:00,2.730.790,US,you better not add school feature teachers are not looking profile friends anything remove now,7,2
6468921495,Vita Mahjong,Vita Studio,14393845242,Kristenfl,Horrible advertisement,Why would you show a game played differently in ad then what I get after I download?????? Nope   I deleted,1,2026-08-06 06:31:58+00:00,3.32.0,US,why would you show differently then what after download nope deleted,0,3
6468921495,Vita Mahjong,Vita Studio,14393315506,Jonahboi is PO'd,TOO MANY ADS!!,"All I want to do is play, and there are too many irrelevant ads for stuff I will NEVER BUY.",1,2026-08-06 02:47:52+00:00,3.32.0,US,all and there are too many irrelevant ads for stuff will never buy,2,3
6468921495,Vita Mahjong,Vita Studio,14392996888,Mollysmom25!,Puzzle,I’ve played 1000 games and no pay yet.  They let you wait in the pay q a riduculasamoubt of time,1,2026-08-06 00:47:52+00:00,3.32.0,US,and pay yet they let you wait the pay riduculasamoubt,5,3
6468921495,Vita Mahjong,Vita Studio,14392978385,BWeav1382,App,I bought the game so I would not have to deal with ads and yet here I am with Ad after Ad after Ad. So irritating,1,2026-08-06 00:40:45+00:00,3.32.0,US,bought the would not have deal with ads and yet here with after after irritating,2,3
6468921495,Vita Mahjong,Vita Studio,14392694962,MarzIsFar,False advertising,I LOVE mahjong don’t get me wrong however with that being said I see ads all the time for games that have literally nothing to do with this app that is quite literally false advertising I enjoy this game and I know others do too so idk why you guys gotta stoop to false advertising it doesn’t make sense to me,2,2026-08-05 22:49:45+00:00,3.32.0,US,mahjong don wrong however with that being said see ads all the for that have literally nothing with this that quite literally false advertising enjoy this and know others too idk why you guys gotta stoop false advertising doesn sense,2,3
6468921495,Vita Mahjong,Vita Studio,14392629348,JohnME38,Ads still show up after paying,"I love the game, but I paid the fee to get rid of the ads and I still have ads! That is not good at all!",2,2026-08-05 22:23:45+00:00,3.32.0,US,the but paid the fee rid the ads and still have ads that not all,2,3
6468921495,Vita Mahjong,Vita Studio,14392400009,Debster52,Too many ads,I’ve been playing this game daily for quite awhile. I’m FEDUP with ALL the ads! It takes forever to get thru all the ads and many of them are broken so you have to watch repeatedly to get your reward or progress. And what’s with ALL the BRA ads? Really? Get this fixed or I’m moving on!,2,2026-08-05 20:57:04+00:00,3.32.0,US,been this daily for quite awhile fedup with all the ads takes forever thru all the ads and many them are broken you have watch repeatedly your reward progress and what with all the bra ads this fixed moving,2,3
638689075,Township,Playrix,14393714459,phineas&ferbfan,0/10,Nothing like the ads. 0/10,1,2026-08-06 05:34:34+00:00,37.1.0,US,nothing the ads,2,3
638689075,Township,Playrix,14393707536,morgy1001,stop scamming people out of money.,the price for the lowest amount of cash is 1.99 but it directs you to another site that’s trying to charge you 2.40. please get a grip you money hungry idiots.,2,2026-08-06 05:31:29+00:00,37.1.0,US,the price for the lowest amount cash but directs you another site that trying charge you please grip you money hungry idiots,1,3
638689075,Township,Playrix,14393699767,JCLowry,Nothing like the ad,The actual game is nothing like the playable ad for it.,1,2026-08-06 05:28:04+00:00,37.1.0,US,the actual nothing the playable for,7,3
638689075,Township,Playrix,14393388310,Rhonda P,No support response,"I’ve had 2 issues with the game over the past couple of months. BOTH times I received a message saying that due to the overwhelming amount of tickets, my ticket is being closed. No resolution. Just closing it. This is ridiculous. I’ve been playing this game for 13 months.  My recent issue is the programmers removed access to using coupons for the helicopter orders. I had been using coupons for helicopter orders for days … and you randomly take it away.  Was using coupons here a glitch?? IDK because I received NO RESPONSE from support.  You are taking away something positive for the player. ALSO, I had about 110,000 coupons THAT I EARNED!! You took away 100,000 coupons from me!! Ridiculous!!!!  You also need to refine your match-3 programming.  When launching 2-3 helicopters, they need to be programmed to go after the targets, NOT the location of the targets because the target locations often MOVE. I have lost MANY rounds due to shoddy programming !!! Get your act together!!!!!!!",1,2026-08-06 03:16:23+00:00,37.1.0,US,had issues with the over the past couple months both received message saying that due the overwhelming amount tickets ticket being closed resolution closing this ridiculous been this for months recent issue the programmers removed access using coupons for the helicopter orders had been using coupons for helicopter orders for days and you randomly take away was using coupons here glitch idk because received response from support you are taking away something positive for the also had about coupons that earned you took away coupons from ridiculous you also need refine your match programming when launching helicopters they need programmed after the targets not the location the targets because the target locations often move have lost many rounds due shoddy programming your act together,0,3
638689075,Township,Playrix,14393367953,notttttttt freeeeee,Too HARDDDDD,"Township use to be a relaxing and enjoyable game. Along with extra activities such as loading your train and airplane. But when it comes to the Super Hard or Hard Level, it makes its stressful and frustrating especially if it takes me 2 days to pass a game unacceptable. The only way you can pass those is to use up all of your powers and even that I notice that when you use powers. They make the game a little harder cause you have “a boost.”",2,2026-08-06 03:08:23+00:00,37.1.0,US,township use relaxing and enjoyable along with extra activities such loading your train and airplane but when comes the super hard hard level its stressful and frustrating especially takes days pass unacceptable the only way you can pass those use all your powers and even that notice that when you use powers they the little harder cause you have boost,4,3
638689075,Township,Playrix,14393363443,Mr. Teacher Man 021,Isn’t like it is advertised,"Nothing like the ads, AI ads",1,2026-08-06 03:06:37+00:00,37.1.0,US,nothing the ads ads,2,3
638689075,Township,Playrix,14393317795,Mrs Tall Paul,Deceptive game play,Ads are nothing like the actual game.,1,2026-08-06 02:48:47+00:00,37.1.0,US,ads are nothing the actual,2,3
638689075,Township,Playrix,14393115909,Evy312,0/10,don’t do it. it isn’t like the ads at all.,1,2026-08-06 01:32:31+00:00,37.1.0,US,don isn the ads all,2,3
638689075,Township,Playrix,14392518167,@crosbiecarter,The ad,"If you downloaded the game cause of the ad…you’d probably be as confused as I was,in conclusion it’s absolutely nothing like the ad",1,2026-08-05 21:40:55+00:00,37.1.0,US,you downloaded the cause the you probably confused was conclusion absolutely nothing the,0,3
638689075,Township,Playrix,14392516940,Yourprogrammingsux,Mini game programming is TERRIBLE,I quit playing for awhile but just started back. Now I remember why I quit. The mini game programming sux. The “specials” items blow up but they do not remove items they touch. It’s designed to fail to scam players into spending real money to beat levels. Play royal kingdom instead. They have good programmers where they don’t cheat you,1,2026-08-05 21:40:26+00:00,37.1.0,US,quit for awhile but started back now remember why quit the mini programming sux the specials items blow but they not remove items they touch designed fail scam into spending real money beat levels royal kingdom instead they have programmers where they don cheat you,1,3
638689075,Township,Playrix,14392233120,Emi626!,The match game sucks,"The main part of the game is so fun but the match game that you need to play is awful. They make every level almost impossible to beat without using some kind of bonus or booster. Even the easy ones! You can play the rest of the game without playing the matching game but it takes way longer to get ahead. If they overhauled the matching game to make it easier to earn cash and bonuses, I’d give the game 5 stars for sure.",2,2026-08-05 19:57:22+00:00,37.1.0,US,the main part the fun but the match that you need awful they every level almost impossible beat without using some kind bonus booster even the easy ones you can the rest the without the matching but takes way longer ahead they overhauled the matching easier earn cash and bonuses give the stars for sure,6,3
6780195090,82-0.com,Vaulty Studios Inc.,14391350046,HolyDirkness41,Broken with last update,Used to be a fun time kill but no longer works with latest update. Just opens to a blank screen. They added ads so it might be my ad blocker not sure.,2,2026-08-05 15:21:12+00:00,1.6.0,US,used fun kill but longer works with latest update opens blank screen they added ads might blocker not sure,3,2
6780195090,82-0.com,Vaulty Studios Inc.,14388806906,SuperCarter3,AI slop,Loved this game until I saw one of the disgusting AI ads for it. There is a basic level of human decency that you have failed to reach.,1,2026-08-05 00:03:12+00:00,1.6.0,US,loved this until saw one the disgusting ads for there basic level human decency that you have failed reach,4,2
6780195090,82-0.com,Vaulty Studios Inc.,14380148308,If you 750 plus u bot,Not working,"I saw my friend playing it and decide to download it. When I got it I try to join and I was on the loading screen for like 10 minutes. I thought it was just glitchy and try later. Still didn’t work. I have the app for like a week. Every time I try to play it, it doesn’t work. It need some serious fixing.",1,2026-08-02 21:07:54+00:00,1.6.0,US,saw friend and decide download when try join and was the loading screen for minutes thought was glitchy and try later still didn work have the for week every try doesn work need some serious fixing,7,2
6780195090,82-0.com,Vaulty Studios Inc.,14377294997,NitrousDrifter,Ads killed it,Game was great then ads ruined it. Devs probably will defend it saying the ads are essential. Ill be moving on,1,2026-08-02 04:38:03+00:00,1.6.0,US,was then ads ruined devs probably will defend saying the ads are essential ill moving,2,2
6780195090,82-0.com,Vaulty Studios Inc.,14376381434,sjehdjebbf,wilt simulator,you have to get wilt and friends or they won’t give you 82-0,1,2026-08-01 22:38:57+00:00,1.6.0,US,you have wilt and friends they won give you,7,2
6759081967,Jewel Coloring,Ta Ta Game Technology Limited,14382914911,jewua,AI slop,"I really wanted to play this game. I enjoyed the interactive ads, and actually downloaded it from it. However, I started getting AI ads for this game, and that completely turned me away. Do better.",1,2026-08-03 14:21:35+00:00,2.9,US,this enjoyed the interactive ads and actually downloaded from however started ads for this and that completely turned away better,2,10
6759081967,Jewel Coloring,Ta Ta Game Technology Limited,14378506432,cryinsall,Suck,This game just keeps freezing up.,1,2026-08-02 12:37:41+00:00,2.8,US,this keeps freezing,0,10
1617391485,Block Blast！,Hungry Studio,14393983726,retdo,..,TOO MANY ADSWSS,1,2026-08-06 07:31:45+00:00,7.3.3,US,too many adswss,0,10
1617391485,Block Blast！,Hungry Studio,14393415039,Nathanfoss709,Adventure doesn’t work,Adventure mode won’t work. Just says network connection error and has been doing it for a month. When I tried to report the bug it wouldn’t let me submit and just said there was an error…,1,2026-08-06 03:27:05+00:00,7.3.2,US,adventure mode won work says network connection error and has been doing for month when tried report the bug wouldn let submit and said there was error,0,10
1617391485,Block Blast！,Hungry Studio,14393317711,Yeetboss8754,Best game of the year,Seriously tho best game for trips or just bored out of ur mind.,2,2026-08-06 02:48:45+00:00,7.3.2,US,seriously tho best for trips bored out mind,0,10
6483539426,Fortnite,Epic Games Inc.,14393628010,Herb Herbington,Matchmaking,"Matchmaking in Fortnite is completely terrible as I keep getting in games with people that are far better than me and I cannot even compete.
Your game is single-handedly the reason that I’m going to commit suicide. Now, how do you guys feel?",1,2026-08-06 04:56:29+00:00,41.30.1,US,matchmaking fortnite completely terrible keep with people that are far better than and cannot even compete your single-handedly the reason that going commit suicide now how you guys feel,7,2
6483539426,Fortnite,Epic Games Inc.,14393306157,Tiandbdus,Don’t get it you will regret it,I cannot with this app it takes 1 hour to download than the movement is horrible I try driving cars but I keep exiting out cause of buttons and how they are placed and than the aim is horrible,1,2026-08-06 02:44:14+00:00,41.30.1,US,cannot with this takes hour download than the movement horrible try driving cars but keep exiting out cause buttons and how they are placed and than the aim horrible,0,2
6483539426,Fortnite,Epic Games Inc.,14393199889,Alexander 34780,V bucks,I paid for v bucks and it scammed me for 50 dollars.,1,2026-08-06 02:03:51+00:00,41.30.1,US,paid for bucks and scammed for dollars,0,2
6483539426,Fortnite,Epic Games Inc.,14393161748,Mr French Freis,Bad teammates,Every time I load into a game I will say I got a dude and that im good but they always kill them and then once they die they leave,1,2026-08-06 01:49:38+00:00,41.30.1,US,every load into will say dude and that but they always kill them and then once they die they leave,0,2
6483539426,Fortnite,Epic Games Inc.,14393077456,Handsome face 47,Handsome face 47,Fortnite is trash it won’t work when I’m trying to join one map and it won’t really work so could you please fix that?,2,2026-08-06 01:18:05+00:00,41.30.1,US,fortnite trash won work when trying join one map and won work could you please fix that,0,2
6748397500,Arrows – Puzzle Escape,Lessmore GmbH,14393624885,IdenticalOskar,Ads and false advertising,When I downloaded this game earlier in the year I paid to remove ads. At the time it was marketed as a permanent removal. At some point this developer decided that it was going to charge an outrageous subscription fee for a month of game play. I’d give zero stars if I could. I’ve reported this dev for shady practices. Steer clear.,1,2026-08-06 04:55:04+00:00,0.20.1,US,when downloaded this earlier the year paid remove ads the was marketed permanent removal some point this developer decided that was going charge outrageous subscription fee for month give zero stars could reported this dev for shady practices steer clear,0,10
6748397500,Arrows – Puzzle Escape,Lessmore GmbH,14393245597,nrcyclist,Too Easy,"I don’t mind an ad every now and then, but several in a row including ads that require a click to stop some attention getting garbage??  Nope. Bad experience. Game may be best for an 8-9 year old who wants to buy butter.",2,2026-08-06 02:21:02+00:00,0.20.1,US,don mind every now and then but several row including ads that require click stop some attention garbage nope experience may best for year old who wants buy butter,0,10
6748397500,Arrows – Puzzle Escape,Lessmore GmbH,14393196409,Aries kay,Commercials,Too many commission,2,2026-08-06 02:02:35+00:00,0.20.1,US,too many commission,0,10
6471045672,Tasty Travels: Merge Game,Century Games Pte. Ltd.,14393800409,AbrieLynn,Addictive AI Cashcow,"At first I REALLY enjoyed this game. The visuals are cute, the music is fun and relaxing, but the problems soon came. It is extremely fast paced with pop ups ranging between 8 or 9 the moment you run out of energy. They rely on micro transactions heavily to the point the game isn’t even enjoyable anymore. I would support micro transactions if there was more hard work put into this game, but it relays heavily on AI, so most of the work wasn’t even put into. I am genuinely frustrated that no arts I cannot find I good movie game that downstairs want to suck you dry or leave you with a brick to play. If there weren’t so many adds, pop ups, and micro transactions, I might consider it again.",2,2026-08-06 06:12:26+00:00,61.0,US,first enjoyed this the visuals are cute the music fun and relaxing but the problems soon came extremely fast paced with pop ups ranging between the moment you run out energy they rely micro transactions heavily the point the isn even enjoyable anymore would support micro transactions there was more hard work put into this but relays heavily most the work wasn even put into genuinely frustrated that arts cannot find movie that downstairs suck you dry leave you with brick there weren many adds pop ups and micro transactions might consider again,0,3
6471045672,Tasty Travels: Merge Game,Century Games Pte. Ltd.,14393542702,saltinyuva,App keeps crashing,App keeps crashing right at the end of the promotional video so I end up wasting my time and don’t receive the gifts or credits. I end up having to watch an entire video. This has been happening more and more lately and it’s becoming very annoying.,1,2026-08-06 04:19:31+00:00,61.0,US,keeps crashing right the end the promotional video end wasting and don receive the gifts credits end having watch entire video this has been happening more and more lately and becoming very annoying,0,3
6471045672,Tasty Travels: Merge Game,Century Games Pte. Ltd.,14393442782,GodPristine,NOT LIKE THE AD GAME,"the ad version of this game when you’re sliding the fruit is fun, that’s not what the game is when you download at all. don’t waste your time. most fun you’ll have with this is playing the ad version",1,2026-08-06 03:38:06+00:00,61.0,US,the version this when you sliding the fruit fun that not what the when you download all don waste your most fun you have with this the version,3,3
6471045672,Tasty Travels: Merge Game,Century Games Pte. Ltd.,14393247171,Abb1919,Scam to get money,The game is nothing like the ads they run and is a scam to get as much money as possible to make any meaningful progress in the game. It is repetitive after a point so the developers smartly made the gameplay to lure people into paying money to get power and gems both of which are pretty worthless as you run out of them very fast.,1,2026-08-06 02:21:35+00:00,61.0,US,the nothing the ads they run and scam much money possible any meaningful progress the repetitive after point the developers smartly made the gameplay lure people into paying money power and gems both which are pretty worthless you run out them very fast,1,3
6471045672,Tasty Travels: Merge Game,Century Games Pte. Ltd.,14393026093,Trialmi.71,Too expensive,You don’t make progress in this game unless you spend a lot of money. They are constantly trying to sell you more things and the price is ridiculously high.,2,2026-08-06 00:58:59+00:00,61.0,US,you don progress this unless you spend lot money they are constantly trying sell you more and the price ridiculously high,1,3
6471045672,Tasty Travels: Merge Game,Century Games Pte. Ltd.,14392770611,Howiesgirl08,Not what is advertised,I downloaded this game thinking it would be like it showed in the clips during other games. It’s so not! You get stuck in these weird things that make no sense and can’t get to a main menu. This game is horrible,1,2026-08-05 23:19:39+00:00,61.0,US,downloaded this thinking would showed the clips during other not you stuck these weird that sense and can main menu this horrible,0,3
6471045672,Tasty Travels: Merge Game,Century Games Pte. Ltd.,14392621134,Mikeeeeeeeeee1,"This will trap you, save yourself",Don’t do it I’m warning you,1,2026-08-05 22:20:33+00:00,61.0,US,don warning you,0,3
6471045672,Tasty Travels: Merge Game,Century Games Pte. Ltd.,14392536311,Dani1256,Fake advertisement,I downloaded this game for the ice cream merging game for it to be a completely different grid game,1,2026-08-05 21:47:49+00:00,61.0,US,downloaded this for the ice cream merging for completely different grid,0,3
6471045672,Tasty Travels: Merge Game,Century Games Pte. Ltd.,14391080472,Mommo13,Not at all like advertised,No launching. Just another boring grid merge game,1,2026-08-05 14:06:23+00:00,61.0,US,launching another boring grid merge,0,3
6471045672,Tasty Travels: Merge Game,Century Games Pte. Ltd.,14389664983,bisciblue,Not as advertised,"Game is not what you think it is. It starts with the launch merge that the advertisement shows. Then it becomes a match merge game, which is almost impossible to get advance unless you do in game purchases.  I downloaded for the table launch games not a merge game,",1,2026-08-05 05:37:46+00:00,61.0,US,not what you think starts with the launch merge that the advertisement shows then becomes match merge which almost impossible advance unless you purchases downloaded for the table launch not merge,0,3
6471045672,Tasty Travels: Merge Game,Century Games Pte. Ltd.,14389289435,Soviet Party,Only the preview game is good,I like to play just the preview version. The actual full game is too boring so I deleted it.,1,2026-08-05 03:02:32+00:00,60.0,US,the preview version the actual full too boring deleted,7,3
6471045672,Tasty Travels: Merge Game,Century Games Pte. Ltd.,14387786843,The Inspired Kimmberly,Don’t use - it’s a scam,"They charged my card without my authorization today when I hadn’t even logged into the game - I was at work. 
Also they falsely advertise it as a game to merge and match drinks together- that actually doesn’t ever happen.",1,2026-08-04 17:57:38+00:00,60.0,US,they charged card without authorization today when hadn even logged into the was work also they falsely advertise merge and match drinks together that actually doesn ever happen,7,3
6471045672,Tasty Travels: Merge Game,Century Games Pte. Ltd.,14385587630,abethlove1980,fake,it's a fun game on the ad.Then it's completely different in the game.,2,2026-08-04 05:43:49+00:00,60.0,US,it's fun the then it's completely different the,3,3
6471045672,Tasty Travels: Merge Game,Century Games Pte. Ltd.,14385530467,Sontoloyo64e6hfujdfjiisrj,Zero star,Just like others have said. False cover! It is a different game,1,2026-08-04 05:19:11+00:00,60.0,US,others have said false cover different,0,3
6471045672,Tasty Travels: Merge Game,Century Games Pte. Ltd.,14385233772,MoxySol,Deceitful Advertising.,Gameplay is not as advertised. Was hoping for the sliding drink game not a grid merge. Was very disappointed.,1,2026-08-04 03:17:42+00:00,60.0,US,gameplay not advertised was hoping for the sliding drink not grid merge was very disappointed,0,3
1623318294,Gossip Harbor®: Merge & Story,Microfun Limited,14393542742,Nick72953,Not like the ad,"So annoying. The ad says, this is “that” game, well it’s not. A completely different game than the add. No adds. You just have to spend money.",1,2026-08-06 04:19:32+00:00,3.95.0,US,annoying the says this that well not completely different than the add adds you have spend money,1,3
1623318294,Gossip Harbor®: Merge & Story,Microfun Limited,14393196504,Esther-Ireland,The ads are SO annoying!,"The ads genuinely couldn't annoy me more and the SECOND I downloaded the app, it isn't even close to similar to the ads. Please either fix the app or fix the app.",1,2026-08-06 02:02:38+00:00,3.95.0,US,the ads genuinely couldn't annoy more and the second downloaded the isn't even close similar the ads please either fix the fix the,2,3
1623318294,Gossip Harbor®: Merge & Story,Microfun Limited,14393184731,Momeliza47,Criminal,"Don’t ever purchase anything on this game. I  was making an in app purchase for $4.99 but my account was charged $15.88. This is the second time this has happened. First time I thought I made a mistake. I did not! 
It is a shame! The game is pretty fun. I will make sure I never play any game by this developer again!",1,2026-08-06 01:58:13+00:00,3.95.0,US,don ever purchase anything this was purchase for but account was charged this the second this has happened first thought made mistake did not shame the pretty fun will sure never any this developer again,3,3
1623318294,Gossip Harbor®: Merge & Story,Microfun Limited,14393176811,Penelope117,Premios,Un juego muy bueno pero en ocasiones como ahora me gané un premio y el sistema no me lo registró y ya van varias veces que pasa lo mismo y no hay donde pueda reclamar.,1,2026-08-06 01:55:13+00:00,3.95.0,US,juego muy bueno pero ocasiones como ahora gan premio sistema registr van varias veces que pasa mismo hay donde pueda reclamar,0,3
1623318294,Gossip Harbor®: Merge & Story,Microfun Limited,14392453742,⭐️Llama,READ THIS!,ADDS ALL SAY IT WAS JUST LIKE THE GAME. BUT ITS TOTALLY DIFFERENT! DO. OT BET THIS APP! It’s a scam! 😡😡😡😡😡😡😡,1,2026-08-05 21:16:47+00:00,3.95.0,US,adds all say was the but its totally different bet this scam,0,3
1623318294,Gossip Harbor®: Merge & Story,Microfun Limited,14392260602,Heatherriossss,Liessss,Why do you lie in all your ads that you’ll be helping a woman and her child survive?? It’s not like that at all! It’s a story line about freaking gnomes attacking the woman’s business. Weird. And the spawners are always spawning the lowest level of item so it takes soo much energy to get the item you need for an order!,2,2026-08-05 20:06:59+00:00,3.95.0,US,why you lie all your ads that you helping woman and her child survive not that all story line about freaking gnomes attacking the woman business weird and the spawners are always spawning the lowest level item takes soo much energy the item you need for order,4,3
1623318294,Gossip Harbor®: Merge & Story,Microfun Limited,14391786652,rose sale1,Meh,"This game has been really fun I've gotten pretty far on it. I play a lot of merge games,and this one feels like a bit of a money grab. They make it so that two different categories of items come out of one spawner. But make 1 of the categories super rare in coming out. I'll wastes hundreds of energy trying to get tea out of the coffee spawner. Or cat toys out of the yawn spawner. It gets to a point",2,2026-08-05 17:29:40+00:00,3.95.0,US,this has been fun i've gotten pretty far lot merge and this one feels bit money grab they that two different categories items come out one spawner but the categories super rare coming out i'll wastes hundreds energy trying tea out the coffee spawner cat toys out the yawn spawner point,3,3
6748950306,Solitaire Associations Journey,Hitapps Games LTD,14393848509,Ghosthost24,Ruined by ads,"I loved playing this game and had gotten pretty far and then suddenly there’s ad breaks in the middle of a game and random ads popping up constantly including one that my wifi provider blocked because it attempted to take me to a suspicious website. I don’t mind an ad at the end of every game but to constantly have to stop playing just to click through yet ANOTHER ad break is just frustrating and disappointing, I looked for an ad free purchase option but couldn’t readily find one. Sadly I’ve deleted this game as it’s become entirely unplayable with the constant bombardment of advertisements.",1,2026-08-06 06:33:24+00:00,1.17.1,US,loved this and had gotten pretty far and then suddenly there breaks the middle and random ads popping constantly including one that wifi provider blocked because attempted take suspicious website don mind the end every but constantly have stop click through yet another break frustrating and disappointing looked for free purchase option but couldn readily find one sadly deleted this become entirely unplayable with the constant bombardment advertisements,0,11
6748950306,Solitaire Associations Journey,Hitapps Games LTD,14393602933,BrunchattheGoblinMarket,Interrupting Ads,"Had to delete at level 118 because every 15 seconds or so, the game was interrupted by an ad.",1,2026-08-06 04:45:28+00:00,1.17.1,US,had delete level because every seconds the was interrupted,4,11
6748950306,Solitaire Associations Journey,Hitapps Games LTD,14393466114,purplemangotoes,Too many ADS,"An ad at the beginning of the game, an ad in the middle of the game, and an ad at the end of the game. WAAAAY too many. AND $15 for no ads. I would maybe pay $8. But $15?! for an iphone game. That’s CRAZY",1,2026-08-06 03:47:36+00:00,1.17.1,US,the beginning the the middle the and the end the waaaay too many and for ads would maybe pay but for that crazy,5,11
6748950306,Solitaire Associations Journey,Hitapps Games LTD,14393413955,Lobutedhjf,Crazy ads,They increased the amount of ads. Even if you are winning. Candy Crush would never!,1,2026-08-06 03:26:39+00:00,1.17.1,US,they increased the amount ads even you are winning candy crush would never,2,11
6748950306,Solitaire Associations Journey,Hitapps Games LTD,14392626064,Bootiegobbler69,More game modes,"I wish there were more game modes. like one without the stupid locks I just get stuck with half my board locked and and the top filled up and just end up flipping through the top running through my moves. I liked the game up until lv 30 ish made it to lv 40 and I’m so done, I can’t with these stupid locks. Please add more modes",1,2026-08-05 22:22:28+00:00,1.17.1,US,wish there were more modes one without the stupid locks stuck with half board locked and and the top filled and end flipping through the top running through moves liked the until ish made and done can with these stupid locks please add more modes,7,11
6748950306,Solitaire Associations Journey,Hitapps Games LTD,14392466911,Coyote Grinning,Too. Many. ADS.,"You open the app- you get an ad. You start a new level- you get an ad. You complete a row- you get an ad. You lose- you get an ad. You win- you get an ad. It’s not making me want to spend money. It’s making me want to delete the app, which I’m doing right after I write this review.",1,2026-08-05 21:21:38+00:00,1.17.1,US,you open the you you start new level you you complete row you you lose you you win you not spend money delete the which doing right after write this review,4,11
6748950306,Solitaire Associations Journey,Hitapps Games LTD,14392454455,tomatowaffles,cheap and stingy,so annoying that they limit the amount of moves you can make and make you pay an exorbitant amount of coins to get just 10 more moves.,1,2026-08-05 21:17:03+00:00,1.17.1,US,annoying that they limit the amount moves you can and you pay exorbitant amount coins more moves,5,11
6748950306,Solitaire Associations Journey,Hitapps Games LTD,14392355189,Eronamanthius,Would be much better with better game over detection,"This game is actually decent, with one huge glaring exception. It doesn’t detect an “unwinnable” game until the very last column gets covered with category cards and there’s no empty spots. 

This is similar to the terrible way candy crush won’t let you know if a level is solvable or not until you e sunk a bunch of powerups into it. 

The problem with this is that sometimes it’s very obvious that the game will not be won, say I have 35 cards left in the deck to draw and I only have 60 moves. It takes a MINIMUM of 70 moves at that point to possibly win, and that’s assuming a perfect lineup. 

“Oh, but there’s ads to watch to get extra 5 moves” 

This is a poorly designed trap. 5 moves means only 2 card draws, since it takes 2 moves to place each card. Then the ten extra moves cost gold of course, which is only obtainable with real $$. Ads only run 3 times every hour or so, so if you’re out of luck, then you just have to get good at knowing when the game throws you a dud. Which happens more often than a winnable level. 

Ok, ok, you just lose a life and try again. Right? Nope, your lives regenerate every TWENTY MINUTES. Time for more cash grabbing! 


Summary: decent game bogged down by unwinnable states wasting my time with no recourse but to give them money.",2,2026-08-05 20:40:40+00:00,1.17.1,US,this actually decent with one huge glaring exception doesn detect unwinnable until the very last column covered with category cards and there empty spots this similar the terrible way candy crush won let you know level solvable not until you sunk bunch powerups into the problem with this that sometimes very obvious that the will not won say have cards left the deck draw and only have moves takes minimum moves that point possibly win and that assuming perfect lineup but there ads watch extra moves this poorly designed trap moves means only card draws since takes moves place each card then the ten extra moves cost gold course which only obtainable with real ads only run every hour you out luck then you have knowing when the throws you dud which happens more often than winnable level you lose life and try again right nope your lives regenerate every twenty minutes for more cash grabbing summary decent bogged down unwinnable states wasting with recourse but give them money,4,11
6748950306,Solitaire Associations Journey,Hitapps Games LTD,14392196142,WantsFairPlay,Ripoff,I paid for no ads for a week today @ $2.99 for one week! That in itself it’s self was bad enough! Now I’m getting ads mid game and after each game. I truly enjoy playing but I’m just over it. What other game charges that much for one week of no ads? Plus continue to serve ads? Don't waste your time!!!,1,2026-08-05 19:44:31+00:00,1.17.1,US,paid for ads for week today for one week that itself self was enough now ads mid and after each truly enjoy but over what other charges that much for one week ads plus continue serve ads don't waste your,2,11
6748950306,Solitaire Associations Journey,Hitapps Games LTD,14392175970,Luukregitt,TOO MANY APPS,"Very annoying, even between games, DONT DOWNLOAD, gave up playing dus to the interrupting ads, There are many better alternatives",1,2026-08-05 19:37:33+00:00,1.17.1,US,very annoying even between dont download gave dus the interrupting ads there are many better alternatives,2,11
6748950306,Solitaire Associations Journey,Hitapps Games LTD,14392120631,nicholas5906,way too many ads,"there’s an ad after every.. single.. thing.. you do in the game. you have the choice to either watch an ad or pay coins to gain a life.. after you pay coins to gain a life it makes you watch an ad anyways! like what even is that 🤨 

it also makes you do “ad breaks” in the middle of every game which makes no sense. why would anyone want an “ad break” for anything?

game is fun but just ridiculously too many ads for any sort of enjoyment whatsoever.",1,2026-08-05 19:18:48+00:00,1.17.1,US,there after every single you the you have the choice either watch pay coins gain life after you pay coins gain life you watch anyways what even that also you breaks the middle every which sense why would anyone break for anything fun but ridiculously too many ads for any sort enjoyment whatsoever,5,11
6443575749,Whiteout Survival,Century Games Pte. Ltd.,14393995887,MuriloMmmm,Boring,"Don’t looks like the ads at all… ads is fun, when you download and start to play, BORING! you need tons of time, or money… I play for more than a hour and never see something similar to the ads… really frustrated and boring game…🥵",1,2026-08-06 07:36:52+00:00,1.32.8,US,don looks the ads all ads fun when you download and start boring you need tons money for more than hour and never see something similar the ads frustrated and boring,2,6
6443575749,Whiteout Survival,Century Games Pte. Ltd.,14393384677,Dissapointed1993,Game is ok but not as advertised.,"The game is kind of fun, but it’s not at all what’s shown in the preview pictures here or the in-app advertisements. I wanted THAT game.",1,2026-08-06 03:14:58+00:00,1.32.8,US,the kind fun but not all what shown the preview pictures here the in-app advertisements that,3,6
6443575749,Whiteout Survival,Century Games Pte. Ltd.,14393382967,123467!(.:78'h,nothing like the ad,the ad was actually fun but the game was nothing like it. pretty disappointing,1,2026-08-06 03:14:17+00:00,1.32.8,US,the was actually fun but the was nothing pretty disappointing,3,6
6443575749,Whiteout Survival,Century Games Pte. Ltd.,14393345445,Ally6754,False advertisement,Not the game I was hoping for from ad smh,1,2026-08-06 02:59:33+00:00,1.32.8,US,not the was hoping for from smh,0,6
6443575749,Whiteout Survival,Century Games Pte. Ltd.,14393334752,Og.Morales,False advertising,The game you try on the ad and see in photos is not the actual game.,1,2026-08-06 02:55:23+00:00,1.32.8,US,the you try the and see photos not the actual,7,6
6443575749,Whiteout Survival,Century Games Pte. Ltd.,14393025990,Dislike 31,It’s fun but not like on the advertise,I downloaded and leave it like that.. don’t bother playing…,1,2026-08-06 00:58:56+00:00,1.32.8,US,downloaded and leave that don bother,0,6
6443575749,Whiteout Survival,Century Games Pte. Ltd.,14392920874,sflanders95,Highly persuasive,"I was led to this game via other games, which led me to think this game was a tower kind of defense game. It is not. It is the Farmville engine and is totally not what I thought it was gonna be based on the advertisements.",1,2026-08-06 00:18:38+00:00,1.32.8,US,was led this via other which led think this was tower kind defense not the farmville engine and totally not what thought was gonna based the advertisements,0,6
6443575749,Whiteout Survival,Century Games Pte. Ltd.,14392804476,Timothy cookens,Horrible game,Game takes forever just a copy nothing like the ads and preview should sue for false advertising,1,2026-08-05 23:33:06+00:00,1.32.8,US,takes forever copy nothing the ads and preview should sue for false advertising,2,6
6443575749,Whiteout Survival,Century Games Pte. Ltd.,14392617582,Conductor562,Money Grap,"3 year player. Love the game, but it's turned into a shameless money trap. Too many extremely expensive upgrades released too fast. Thousands of dollars to stay competitive.",1,2026-08-05 22:19:11+00:00,1.32.8,US,year the but it's turned into shameless money trap too many extremely expensive upgrades released too fast thousands dollars stay competitive,1,6
6443575749,Whiteout Survival,Century Games Pte. Ltd.,14392615853,JustAGuy510,Bogus,"I got bombarded with ads for this game but once I installed it, the game looked nothing like what was depicted in the ads.  Boring as hell and I didn’t want to wait around for it to level up to what they represented in the ads.",2,2026-08-05 22:18:31+00:00,1.32.8,US,bombarded with ads for this but once installed the looked nothing what was depicted the ads boring hell and didn wait around for level what they represented the ads,2,6
6443575749,Whiteout Survival,Century Games Pte. Ltd.,14392366492,Mommalaus,Bait and switch,I want to play the game in the advertisement. I hate when you download and it’s not that game.,1,2026-08-05 20:44:47+00:00,1.32.8,US,the the advertisement hate when you download and not that,0,6
6443575749,Whiteout Survival,Century Games Pte. Ltd.,14392145681,Volcomstned,Avoid at all costs.. literally,"Developers are ruining the game by pushing out players with their greedy decisions. Devs pushing out stuff at a rapid rate that is making the game only playable to those who have spent $200,000+",1,2026-08-05 19:27:20+00:00,1.32.8,US,developers are ruining the pushing out with their greedy decisions devs pushing out stuff rapid rate that the only playable those who have spent,0,6
6443575749,Whiteout Survival,Century Games Pte. Ltd.,14392134924,plssayhi,Not nice,If you have the phone 6 don’t download this game,1,2026-08-05 19:23:40+00:00,1.32.8,US,you have the don download this,0,6
6443575749,Whiteout Survival,Century Games Pte. Ltd.,14391838864,Upset with Trash,Obnoxious app,This game wouldn’t get off my screen. It was deleted and still won’t go away.,1,2026-08-05 17:46:18+00:00,1.32.8,US,this wouldn off screen was deleted and still won away,6,6
6443575749,Whiteout Survival,Century Games Pte. Ltd.,14391630324,guynexttothegirlnextdoor,Tired of clicking,"Fun Game, but after a year of playing and spending 20k+, you get tired of the routines. Click multiple times to kill beasts daily, click way to much for daily for pet quests when it should take at most 2, not 4. Click to train troops. Click through a tutorial you already but cant skip even though you came online to do a simple daily routine. It's time consuming! And i'm done! Fun socializing with people but i think I'm done clicking. It 30 minutes a day plus more if you're into a mini-game, or have multiple accounts to support your state.",1,2026-08-05 16:42:10+00:00,1.32.8,US,fun but after year and spending you tired the routines click multiple kill beasts daily click way much for daily for pet quests when should take most not click train troops click through tutorial you already but cant skip even though you came online simple daily routine it's consuming and i'm done fun socializing with people but think i'm done clicking minutes day plus more you're into mini-game have multiple accounts support your state,3,6
6742809194,Warline: Sniper Strike,Powerfantasy,14386827574,Ework66,Nothing Like the Ad,"Yet another game that sort of starts off as a Sniper game, but then changes into something where you need to form alliances and spend money if you want to grow competitively. It's like putting a carrot on a stick in front of a horse....you will NEVER catch the carrot.",1,2026-08-04 13:20:52+00:00,1.2.104,US,yet another that sort starts off sniper but then changes into something where you need form alliances and spend money you grow competitively it's putting carrot stick front horse you will never catch the carrot,1,1
6742809194,Warline: Sniper Strike,Powerfantasy,14385091894,zachariahsp44,boring game,false advertisement.,1,2026-08-04 02:24:27+00:00,1.2.104,US,false advertisement,0,1
6742809194,Warline: Sniper Strike,Powerfantasy,14381610842,Abbdddd,Fake Ad,"It’s a strategy long game, after 1 hour you will discover it just as the other fake ad games , and you need to pay to grow and spend money and time",1,2026-08-03 06:49:33+00:00,1.2.104,US,strategy long after hour you will discover the other fake and you need pay grow and spend money and,1,1
6742809194,Warline: Sniper Strike,Powerfantasy,14380983970,Th3 Cr3w,Why can’t this game be as the ads show.,"I’m so tired of fake ads playing videos that show the supposed gameplay. Only to find out, the game is absolutely NOTHING like the video ad. Ad shows a what would be an amazing sniper game. Instead, it’s another lame base building PvP craptastic money sink, just like all the others. So many of these bait and switch games in all genres now. Have the stupid space versions, stupid war versions, stupid zombie versions, stupid frozen versions. It’s all the same slop. Build a base, upgrade stupid structures, sink $$$, lose it all to p2w no skill players. What the hell has happened to legitimate skill. Sucky greedy developers with micro transactions. Absolute worst implementation to hit the gaming market. Can’t wait to see the lame developer response. Same rinse and repeat trash they spew each time.",1,2026-08-03 02:29:01+00:00,1.2.104,US,tired fake ads videos that show the supposed gameplay only find out the absolutely nothing the video shows what would amazing sniper instead another lame base building pvp craptastic money sink all the others many these bait and switch all genres now have the stupid space versions stupid war versions stupid zombie versions stupid frozen versions all the same slop build base upgrade stupid structures sink lose all skill what the hell has happened legitimate skill sucky greedy developers with micro transactions absolute worst implementation hit the market can wait see the lame developer response same rinse and repeat trash they spew each,0,1
6742809194,Warline: Sniper Strike,Powerfantasy,14378687230,Sugarbeetle,Really? No armor for women?,All the men in the game are fully armored and equipped while the women are in skimpy tanks and crop tops. Women have body parts they’d like to have protected too. Can we stop with this sexist BS?,1,2026-08-02 13:32:59+00:00,1.2.104,US,all the men the are fully armored and equipped while the women are skimpy tanks and crop tops women have body parts they have protected too can stop with this sexist,0,1
6742809194,Warline: Sniper Strike,Powerfantasy,14375422974,Chris19747,I can’t hear the game audio,"when I downloaded the game, I couldn’t hear the game audio and I opened it",1,2026-08-01 17:02:18+00:00,1.2.104,US,when downloaded the couldn hear the audio and opened,0,1
6742809194,Warline: Sniper Strike,Powerfantasy,14373853548,Siipplop,Fine but complicated,The game looks nothing like the ad. You get a base the graphics are not as good as the ad. You join alliances that seem to do nothing. Would be much better without them.,1,2026-08-01 08:42:05+00:00,1.2.104,US,the looks nothing the you base the graphics are not the you join alliances that seem nothing would much better without them,7,1
6742809194,Warline: Sniper Strike,Powerfantasy,14369250822,Jptsr1,Deceptive,Ok game in the beginning but turns into just another tower defence game really quickly. Deleted it before the P2W starts.,1,2026-07-31 05:12:46+00:00,1.2.104,US,the beginning but turns into another tower defence quickly deleted before the starts,0,1
6742809194,Warline: Sniper Strike,Powerfantasy,14368867823,FF517EMT,Dumps your progress,Randomly restarts the game and loses all progress.,2,2026-07-31 02:39:22+00:00,1.2.104,US,randomly restarts the and loses all progress,0,1
6742809194,Warline: Sniper Strike,Powerfantasy,14359407693,Alkirk87,Misleading Ads,This game is nothing like the ads. To me that’s an automatic 1 star. If the developers aren’t willing to give an accurate ad I can’t trust them to make a good game.,1,2026-07-28 18:22:44+00:00,1.2.104,US,this nothing the ads that automatic star the developers aren willing give accurate can trust them,2,1
6751056652,Pixel Flow!,Loom Games Oyun Yazilim ve Pazarlama Anonim Sirketi,14393374113,Dtvbogkh,too many ads!!!!!,"so many dang ads!!!! every level has an ad, every press of a button has an ad",1,2026-08-06 03:10:49+00:00,0.31.2,US,many dang ads every level has every press button has,4,10
6751056652,Pixel Flow!,Loom Games Oyun Yazilim ve Pazarlama Anonim Sirketi,14393096717,MSU Bulldog 86,Great game but……….,Great and fun game. Played over 400 levels and one time was I able to double by watching an ad. Even paid for a few things. Never able to double. Customer support was not able resolve it after I followed all their instructions. I do own an older iPhone but have issues with other apps with the same option.,2,2026-08-06 01:25:22+00:00,0.31.2,US,and fun over levels and one was able double watching even paid for few never able double customer support was not able resolve after followed all their instructions own older but have issues with other with the same option,7,10
6751056652,Pixel Flow!,Loom Games Oyun Yazilim ve Pazarlama Anonim Sirketi,14393070801,GreatOrCrappyappfinder,Pay to win,"I am deleting this game 
because I got to an impossible level. I’m not going to pay them my hard-earned money to get past this level, so my only option is to delete the game. It was fun for a while.",1,2026-08-06 01:15:41+00:00,0.31.2,US,deleting this because impossible level not going pay them hard-earned money past this level only option delete the was fun for while,4,10
6751056652,Pixel Flow!,Loom Games Oyun Yazilim ve Pazarlama Anonim Sirketi,14388990452,Pucci80,Still crashing!,I continually check for updates as this game keeps crashing and I keep losing my spot in the Fire Quest.,1,2026-08-05 01:11:53+00:00,0.31.2,US,continually check for updates this keeps crashing and keep losing spot the fire quest,0,10
1482155847,Royal Match,Dream Games,14393782244,Pokemans!,Why did you guys ruin such a great game,"I have played this game for years and the reason I kept playing was it wasn’t a money grab.  In the past two updates, the amount of coins and items you have to use to pass stages is getting ridiculous.  The developers need to understand the only reason this game was one of the best for so long was the fact you didn’t have to spend a crazy amount of money to finish stages.  However, lately this has changed and the game finds was to screw you over and expecting you to pay to play.  I highly recommend you take this game back to where it was or you are going to lose fans of the game to include myself.  You guys stay relevant due to myself and your fans and you are going to lose this relevancy if you let greed control your updates.",1,2026-08-06 06:04:28+00:00,37743,US,have this for years and the reason kept was wasn money grab the past two updates the amount coins and items you have use pass stages ridiculous the developers need understand the only reason this was one the best for long was the fact you didn have spend crazy amount money finish stages however lately this has changed and the finds was screw you over and expecting you pay highly recommend you take this back where was you are going lose fans the include myself you guys stay relevant due myself and your fans and you are going lose this relevancy you let greed control your updates,5,3
1482155847,Royal Match,Dream Games,14393469804,Foolish Snack,Be careful,"Like so many of these games, it’s fun for a while but somewhere around level 150, it becomes unplayable if you don’t spend money to buy boosters. That is when I delete it and find something else to play for a while. Sometimes I come back to a game later, but this is my 3rd try with Royal Match and still the same con.  It’s easy to think it’s just a few dollars, but you could end up spending as much as a hand held games console-  while the games for those are expensive, you know the cost going in and then the games for those is yours to keep",2,2026-08-06 03:49:07+00:00,37743,US,many these fun for while but somewhere around level becomes unplayable you don spend money buy boosters that when delete and find something else for while sometimes come back later but this try with royal match and still the same con easy think few dollars but you could end spending much hand held console while the for those are expensive you know the cost going and then the for those yours keep,4,3
1482155847,Royal Match,Dream Games,14393430949,bdgeteurnjiygjad,You only win if you buy,"I tested this theory over time. You only win if you pay. If you haven’t played for a while they let you win, but other than that good luck.",1,2026-08-06 03:33:20+00:00,37743,US,tested this theory over you only win you pay you haven for while they let you win but other than that luck,5,3
1482155847,Royal Match,Dream Games,14393241888,Did I say im not a bot?,Did I mention im not a bot? 🫪,I’m not here to complain about how many ads there are. This game is a LIE (obviously) the ads are NOT what the game is like after a few months I deleted the game (side note: im not a bot) anyway… as I said im not here to complain about how many ads there are. This game like I first stated is a LIE! A SCAM!!! And not worth ur time! :) (did i mention im not a bot?),1,2026-08-06 02:19:37+00:00,37743,US,not here complain about how many ads there are this lie obviously the ads are not what the after few months deleted the side note not bot anyway said not here complain about how many ads there are this first stated lie scam and not worth did mention not bot,2,3
1482155847,Royal Match,Dream Games,14392750905,235n2!,Horrible game.,This game makes you spend your money with out any joy. You spend money on it and you still lose. It wants more money from you the more money you spend the more it makes you lose so that you’ll spend more money. This game is horrible. It should be shut down.,1,2026-08-05 23:11:54+00:00,37743,US,this you spend your money with out any joy you spend money and you still lose wants more money from you the more money you spend the more you lose that you spend more money this horrible should shut down,1,3
1621328561,MONOPOLY GO!,"Scopely, Inc.",14393067017,Chrono Silver,Don’t bring back Simpsons or something else boring,Don’t bring back Simpsons or do like Bob’s burgers or King of the hill maybe mix with Sonic the Hedgehog or Brawl stars Subway Surfers Roblox maybe but no tv shows collab like that please I hate it,1,2026-08-06 01:14:15+00:00,1.73.0,US,don bring back simpsons bob burgers king the hill maybe mix with sonic the hedgehog brawl stars subway surfers roblox maybe but shows collab that please hate,0,4
1621328561,MONOPOLY GO!,"Scopely, Inc.",14392817859,😭✌️✌️✌️✌️✌️,Error code,Every time I load in it gives me an error code,1,2026-08-05 23:38:22+00:00,1.73.0,US,every load gives error code,0,4
1621328561,MONOPOLY GO!,"Scopely, Inc.",14392615895,p_duke1963,App still won’t load,Review 0 stars. Still just loads a looping animation with cars and stuff. Probably should consider taking this off the App Store if this is all it’s supposed to do,1,2026-08-05 22:18:31+00:00,1.73.0,US,review stars still loads looping animation with cars and stuff probably should consider taking this off the store this all supposed,0,4
1608987929,Triumph Arcade,Triumph Arcade,14393788026,Sookidd,Rigged,If you like losing your money I recommend playing this. No matter how many points you get it’s just going to pair you up with somebody who’s already won by more points than you lol. I should make an app like this because it’s free money.,1,2026-08-06 06:06:59+00:00,2.120.0,US,you losing your money recommend this matter how many points you going pair you with somebody who already won more points than you lol should this because free money,1,2
1608987929,Triumph Arcade,Triumph Arcade,14393753729,victorgonza,Scam,"Don’t fall for this game as you start to earn more money they will band your account and will rob you for all your earnings , don’t trust this app ! I repeat  don’t trust this app !!",1,2026-08-06 05:51:48+00:00,2.120.0,US,don fall for this you start earn more money they will band your account and will rob you for all your earnings don trust this repeat don trust this,1,2
1608987929,Triumph Arcade,Triumph Arcade,14393335162,SneakyStoner81420,Not good,Says I’m top 1% but seems like every time I bet my money I always lose… if I was top 1% I should be able to get rich off this game. Not lose my money.,1,2026-08-06 02:55:33+00:00,2.119.0,US,says top but seems every bet money always lose was top should able rich off this not lose money,1,2
1608987929,Triumph Arcade,Triumph Arcade,14392789007,Getting kick,Terrible and it’s rigged,Been waiting almost a week for my money to be received to my bank and still nothing. They are quick to take your money but when it comes to withdrawing your cash it takes forever. Also the wheel is rigged it keeps landing on “deposit match” to try and get me to put more money in,1,2026-08-05 23:27:00+00:00,2.119.0,US,been waiting almost week for money received bank and still nothing they are quick take your money but when comes withdrawing your cash takes forever also the wheel rigged keeps landing deposit match try and put more money,1,2
1608987929,Triumph Arcade,Triumph Arcade,14392708841,Tht1Misfit,Scam,"Not necessarily a money scam, but its a point system. You have a “break even” and after that its points accumulated are multipliers.
Lets so you just happen to go on a losing streak, when you deposit your money and play with it, if you win even $0.01 back it will count that as a win and increase your break even score. Your score drops to recover, and if you break even. Your break even score doubles. So once you lose, it’s either just stop playing (highly recommended) or keep dumping money until your score finally drops. Then the process restarts.",1,2026-08-05 22:55:21+00:00,2.119.0,US,not necessarily money scam but its point system you have break even and after that its points accumulated are multipliers lets you happen losing streak when you deposit your money and with you win even back will count that win and increase your break even score your score drops recover and you break even your break even score doubles once you lose either stop highly recommended keep dumping money until your score finally drops then the process restarts,1,2
1608987929,Triumph Arcade,Triumph Arcade,14392531182,Yurr89,Algorithm,"Yeah, algorithm is said to make people who only play for dollars lose unless they play for a long time which freaking sucks",2,2026-08-05 21:45:52+00:00,2.119.0,US,yeah algorithm said people who only for dollars lose unless they for long which freaking sucks,0,2
1608987929,Triumph Arcade,Triumph Arcade,14392089436,Hdhy1,Scammer,I bet on drive blitz and got the max payout and then it said I got 0 points 4 times,1,2026-08-05 19:08:12+00:00,2.119.0,US,bet drive blitz and the max payout and then said points,0,2
6739554056,Kingshot,Century Games Pte. Ltd.,14393953109,cpljwlusmc,Another game that doesn’t match the ad.,Tired of this nonsense.,1,2026-08-06 07:18:36+00:00,1.11.25,US,tired this nonsense,0,6
6739554056,Kingshot,Century Games Pte. Ltd.,14393834259,Presidential trump,Pure Greed,"Do NOT get confused with the reviews or the ads that say this game has no ads. Every server is ran by 10 Clans that don't attack each other and pick on every other clan. Everything in this game involves micro transactions.
To literally get a base skins you'd have to spend almost 200 dollars. Don't expect to go anywhere without spending money on this game. Trust me walk away and save your money and your time.",1,2026-08-06 06:27:12+00:00,1.11.25,US,not confused with the reviews the ads that say this has ads every server ran clans that don't attack each other and pick every other clan everything this involves micro transactions literally base skins you'd have spend almost dollars don't expect anywhere without spending money this trust walk away and save your money and your,1,6
6739554056,Kingshot,Century Games Pte. Ltd.,14392951855,Nanajdhdhe,Not same as ad,"I mean, yeah the game is fine but first off it’s not the same as the ad when you play on other games and that’s with every game. It’s coming to seem like all of these games post these ads and let you play a little bit but there’s nothing like the actual game and honestly it’s getting ridiculous. Overall, yeah, the game is cool but it’s literally like the same game as every other game. Disappointing",2,2026-08-06 00:30:34+00:00,1.11.25,US,mean yeah the fine but first off not the same the when you other and that with every coming seem all these post these ads and let you little bit but there nothing the actual and honestly ridiculous overall yeah the cool but literally the same every other disappointing,0,6
6739554056,Kingshot,Century Games Pte. Ltd.,14392275073,Swisch8811,Scammers,"One of their ads has a black bar on top with no X and is a permanent ad that you can never get out of. That’s just wrong. It’s not an ad in the game, but an ad about their game. Seriously what is wrong with you? The developer these games are jerks do not buy this game. I’d send a picture of the ad if I could.",1,2026-08-05 20:12:07+00:00,1.11.25,US,one their ads has black bar top with and permanent that you can never out that wrong not the but about their seriously what wrong with you the developer these are jerks not buy this send picture the could,0,6
6739554056,Kingshot,Century Games Pte. Ltd.,14392047591,😩😭🥱,Worst game ever,This is nothing that is shows in the adds. The part in the ad where you can play the game that is better than the actual game.,1,2026-08-05 18:54:22+00:00,1.11.25,US,this nothing that shows the adds the part the where you can the that better than the actual,7,6
6739554056,Kingshot,Century Games Pte. Ltd.,14391168090,kransp,Uh no,I knew it wasn’t even going to be the game. It said it was. It’s drag your little character around sure but it’s not anything like the ad - and required three updates before it would even play,1,2026-08-05 14:30:29+00:00,1.11.25,US,knew wasn even going the said was drag your little character around sure but not anything the and required three updates before would even,0,6
6739554056,Kingshot,Century Games Pte. Ltd.,14389638009,kcmair,Not as advertised,I downloaded this app because I wanted to play the game that was in the ad but this is not the same. It's just another town building game. I'm so tired of these. They all have pretty much the same premise and the bigger your town gets the more expensive it gets to build any bigger.,1,2026-08-05 05:26:12+00:00,1.11.25,US,downloaded this because the that was the but this not the same it's another town building i'm tired these they all have pretty much the same premise and the bigger your town the more expensive build any bigger,0,6
6739554056,Kingshot,Century Games Pte. Ltd.,14389319746,Rodri1er2,Aggressive pay to win tactics,This game is predatory and is designed to get you to spend as much money as possible. And they are very good at it. There aren’t nearly enough PvP events and you only get rewarded for spending money. The game is pointless if you’re free to play because the rewards are basically non existent for the different game modes and events. The only people really having fun are the whales. This game is a competition of who has the most money. The only cool thing that I got out of this game was the social aspect.,2,2026-08-05 03:14:12+00:00,1.11.25,US,this predatory and designed you spend much money possible and they are very there aren nearly enough pvp events and you only rewarded for spending money the pointless you free because the rewards are basically non existent for the different modes and events the only people having fun are the whales this competition who has the most money the only cool that out this was the social aspect,1,6
6739554056,Kingshot,Century Games Pte. Ltd.,14389300408,Hymester,Not like the ad,"The ad’s concept was stolen from Thronefall. This game, sadly, is not like the ad. How annoying. This game is a city builder and it’s boring.",1,2026-08-05 03:06:49+00:00,1.11.25,US,the concept was stolen from thronefall this sadly not the how annoying this city builder and boring,0,6
6739554056,Kingshot,Century Games Pte. Ltd.,14389281280,PatfromPittsburgh,Entirely Fake,Ads show a Thronefall like game. It plays nothing like it and it has nothing to do with what you are shown. Something needs to be done about these false advertisements. Why show fake garbage? Why not show what your game actually is? I really don’t see how that’s so difficult. Make a new game that plays like Thronefall if that’s what you want to advertise. I’m sorry the lowest score I can give is 1 star. This game actually deserves less.,1,2026-08-05 02:59:24+00:00,1.11.25,US,ads show thronefall plays nothing and has nothing with what you are shown something needs done about these false advertisements why show fake garbage why not show what your actually don see how that difficult new that plays thronefall that what you advertise sorry the lowest score can give star this actually deserves less,2,6
6739554056,Kingshot,Century Games Pte. Ltd.,14389265911,NlCK GERR,False advertisement,"This game plays nothing like it does in the ad,  this is false advertisement at its finest.",1,2026-08-05 02:53:28+00:00,1.11.25,US,this plays nothing does the this false advertisement its finest,0,6
6739554056,Kingshot,Century Games Pte. Ltd.,14388804128,BlankSenpai,Lies,This game is literally titled with AD’s,1,2026-08-05 00:02:09+00:00,1.11.25,US,this literally titled with,0,6
6739554056,Kingshot,Century Games Pte. Ltd.,14388793821,hbqiwncncncjd,Nothing like the ADs,This game is nothing like the ADs. Waste of a download,1,2026-08-04 23:58:05+00:00,1.11.25,US,this nothing the ads waste download,2,6
6739554056,Kingshot,Century Games Pte. Ltd.,14388127523,Fasolino221,Fraud,Nothing like the preview I got to play on the ad.,1,2026-08-04 19:49:05+00:00,1.11.25,US,nothing the preview the,0,6
6739554056,Kingshot,Century Games Pte. Ltd.,14387225840,laelika,Absolutely awful!,"Terrible. The actual game is completely different from the playable ad. It’s so deceptive and frustrating. You enjoy the ad, you download the game, the game is COMPLETELY DIFFERENT. It’s a ploy for downloads. Despicable.

Updated to add: the generic and duplicative reply I received in response to this review has just compounded my original opinion of the game and its deceptive marketing. It was pejorative in greeting, dismissive of my experience, and suggested only that I continue to play the game so that I might have the “full experience.” The lack of accountability is vile.",1,2026-08-04 15:11:56+00:00,1.11.25,US,terrible the actual completely different from the playable deceptive and frustrating you enjoy the you download the the completely different ploy for downloads despicable updated add the generic and duplicative reply received response this review has compounded original opinion the and its deceptive marketing was pejorative greeting dismissive experience and suggested only that continue the that might have the full experience the lack accountability vile,0,6
6758326278,Amaze GO!,Oakever Games,14393499126,dashraim,Great game BUT…,"I really enjoy this game, but there are a few issues that make it frustrating to play. The controls are far too sensitive, and lines often turn red even when you’re making the correct move. As you progress to higher levels, the puzzle no longer fits on the screen, so you’re constantly having to move it around just to see if there’s an open space.

To make matters worse, the game frequently gives false reads, causing you to lose a turn even though you didn’t make a mistake. That usually means having to watch an ad just to continue. It’s disappointing because the game itself is fun, but these problems take away from the enjoyment and make it more frustrating than it should be.",2,2026-08-06 04:01:20+00:00,1.24.1,US,enjoy this but there are few issues that frustrating the controls are far too sensitive and lines often turn red even when you the correct move you progress higher levels the puzzle longer fits the screen you constantly having move around see there open space matters worse the frequently gives false reads causing you lose turn even though you didn mistake that usually means having watch continue disappointing because the itself fun but these problems take away from the enjoyment and more frustrating than should,4,10
6758326278,Amaze GO!,Oakever Games,14392613151,GMilliorn,"More ads, less gameplay","Was fun, but the recent update doubles the ads, now there’s one after every level.  This would be barely tolerable if the levels were challenging, but about 75% are easy computer generated squares with no particular challenge. 
Worse, they added a useless timer and even more useless barrage of messages floating over the playfield obscuring the view.  Guess the grade-Z ad network wasn’t paying enough.",2,2026-08-05 22:17:29+00:00,1.24.1,US,was fun but the recent update doubles the ads now there one after every level this would barely tolerable the levels were challenging but about are easy computer generated squares with particular challenge worse they added useless timer and even more useless barrage messages floating over the playfield obscuring the view guess the grade-z network wasn paying enough,4,10
6758326278,Amaze GO!,Oakever Games,14392206720,Av8tor8039,Ads,"When the ads take longer than it takes to play a game, something is wrong.",2,2026-08-05 19:48:08+00:00,1.24.1,US,when the ads take longer than takes something wrong,2,10
6758326278,Amaze GO!,Oakever Games,14391147359,Gfynow202467787765,Who Cares,"Good game. Getting tired of so many ads after each level. Very annoying. Just start charging already.
And stop saying you are sorry about the ads just fix it.",1,2026-08-05 14:24:47+00:00,1.24.1,US,tired many ads after each level very annoying start charging already and stop saying you are sorry about the ads fix,2,10
6758326278,Amaze GO!,Oakever Games,14389707351,It's How I Roll!,Not the game,This is just another arrows game. It has nothing to do with connecting does.,1,2026-08-05 05:55:57+00:00,1.23.1,US,this another arrows has nothing with connecting does,0,10
6758326278,Amaze GO!,Oakever Games,14389516526,BB & BV BOYCOTTER,Incessant ads,"Enjoyable game, however…..
You guys really need to offer a subscription for no ads. Having to watch an ad after every single round is getting to be very tedious.  I know for a fact you guys make money off of forced ads. So you cannot tell me that you are trying to make your game free by having ads in between every single round.  Some rounds only take 30 seconds or less to play and then we have to watch an ad. This takes the enjoyment out of playing your game. Otherwise, you guys have a great game. In fact it’s one of the better arrow games out there.  Please offer an option to purchase no ads.  You guys will still make money to pay the bills.",1,2026-08-05 04:34:02+00:00,1.23.1,US,enjoyable however you guys need offer subscription for ads having watch after every single round very tedious know for fact you guys money off forced ads you cannot tell that you are trying your free having ads between every single round some rounds only take seconds less and then have watch this takes the enjoyment out your otherwise you guys have fact one the better arrow out there please offer option purchase ads you guys will still money pay the bills,5,10
6758326278,Amaze GO!,Oakever Games,14389501194,xX_Mr_Nice_Guy_Xx,No night mode.,TONS of ads and no night mode. Uninstalled.,1,2026-08-05 04:27:32+00:00,1.23.1,US,tons ads and night mode uninstalled,2,10
6758326278,Amaze GO!,Oakever Games,14389162673,Beans & Eggs,No ADs? It’s a lie,Would have been 5 stars if not for false advertising. The first few levels were great. Then the AD bombardment started. Got this version specifically because “No annoying ADs” so sadly an otherwise great game is getting 🥾🥾🥾 deleted,1,2026-08-05 02:15:02+00:00,1.23.1,US,would have been stars not for false advertising the first few levels were then the bombardment started this version specifically because annoying ads sadly otherwise deleted,2,10
6755455500,Hollywood Merge,VoyagerOne,14392989768,sinnsinn5,Wasting coins,You need to have us stop wasting coins to have people talk to each other. That should just be part of the game and let us just use the coins to dress for the challenge - not talk,2,2026-08-06 00:45:08+00:00,0.0.752,US,you need have stop wasting coins have people talk each other that should part the and let use the coins dress for the challenge not talk,0,4
6755455500,Hollywood Merge,VoyagerOne,14385701331,Пользователь адекватный,The “give us some money” game…,"The game is very interesting.. no ads!!!! but I constantly run out of energy!!! Why do wardrobe even need to be charged?? Many tasks after 20 level requires hundreds of energy!!! Moreover to continue more quickly and successfully I even made donations, but in the game of collecting of cards I was still short of three cards!!! Several days went by without a single new card… because of this I have lost interest in the game… no more money for it!!! Alas..",2,2026-08-04 06:32:31+00:00,0.0.752,US,the very interesting ads but constantly run out energy why wardrobe even need charged many tasks after level requires hundreds energy moreover continue more quickly and successfully even made donations but the collecting cards was still short three cards several days went without single new card because this have lost interest the more money for alas,7,4
6755455500,Hollywood Merge,VoyagerOne,14383754977,Hollywood merge hater,They locked me out for not spending money,The game had 5 stars but the moment they locked all the items I won from merging because I haven’t spend a dime on the app. I have bought from the game through apple but they locked me out of a lot of rewards because I haven’t spend a dime through the app which is crazy so now I hate this game,1,2026-08-03 18:25:08+00:00,0.0.752,US,the had stars but the moment they locked all the items won from merging because haven spend dime the have bought from the through but they locked out lot rewards because haven spend dime through the which crazy now hate this,0,4
6755455500,Hollywood Merge,VoyagerOne,14381089085,Xynaaaaa,Same scam advertising,Not the same game. Not sure why so much is invested in fake ads instead of developing the game,1,2026-08-03 03:09:10+00:00,0.0.752,US,not the same not sure why much invested fake ads instead developing the,2,4
6755455500,Hollywood Merge,VoyagerOne,14380813223,Boba Tea Junkie,Ai and no difficulty balance,"Riddled with ai art, and they either gotta add more coins for harder orders, or give more energy! Istg I use 100 energy and can’t even finish an order! More energy or better coin!",2,2026-08-03 01:25:02+00:00,0.0.752,US,riddled with art and they either gotta add more coins for harder orders give more energy istg use energy and can even finish order more energy better coin,0,4
6755455500,Hollywood Merge,VoyagerOne,14373490918,Mizelii,False advertisement,The add is completely different than what the actual game is. Stop letting games lie to yall and still give them the time of day.,1,2026-08-01 06:14:16+00:00,0.0.749,US,the add completely different than what the actual stop letting lie yall and still give them the day,0,4
6755455500,Hollywood Merge,VoyagerOne,14373087942,EMKLass,Stupid Ad,"I would seriously consider playing this game if the ads were better. I like the animation, I like the artwork, but every single ad shows fail. That’s boring. Can someone just please for once have somebody get it right? It makes me not want to play this stupid game. I might give it a shot if some ads showed success.",1,2026-08-01 03:28:21+00:00,0.0.749,US,would seriously consider this the ads were better the animation the artwork but every single shows fail that boring can someone please for once have somebody right not this stupid might give shot some ads showed success,2,4
6755455500,Hollywood Merge,VoyagerOne,14372276768,unicorndisco,No Way to Contact for Help,"Nearly all the things from My Collection suddenly disappeared from my options in the OODT Challenges. Can’t find a way to contact except through social media, where no one responds. 🙄 Sucks when you’ve spent money on a game and can’t find help when you need it.",2,2026-07-31 22:21:14+00:00,0.0.749,US,nearly all the from collection suddenly disappeared from options the oodt challenges can find way contact except through social media where one responds sucks when you spent money and can find help when you need,1,4
6755455500,Hollywood Merge,VoyagerOne,14370397116,Michele 111Ant,Scam,"In the beginning, this game was fun until you started to pay attention and then you realize that the entire thing is rigged. The voting is rigged. It starts at 7 AM my time and at  7:01 AM someone will be in first place with over 600 points and they will keep the same points for well over 12 hours. Well, everyone else has 100. Maybe 200 points and slowly gain points. You expect me to believe that. I hate games like this it should be illegal.",1,2026-07-31 12:29:44+00:00,0.0.749,US,the beginning this was fun until you started pay attention and then you realize that the entire rigged the voting rigged starts and someone will first place with over points and they will keep the same points for well over hours well everyone else has maybe points and slowly gain points you expect believe that hate this should illegal,5,4
6756058501,Jelly Busters: Puzzle Game,Moon Active,14393534330,Bugg5-0,Shyster,"When a game is unreasonable and forces you to buy power up’s, that game is unfair and steals your money and time.",1,2026-08-06 04:15:59+00:00,220000.1.173,US,when unreasonable and forces you buy power that unfair and steals your money and,1,10
6756058501,Jelly Busters: Puzzle Game,Moon Active,14391431064,Nonononononononoononono,It sucks,There are too many ads way too many the games not even that good. In my opinion I hate it.,1,2026-08-05 15:44:10+00:00,220000.1.173,US,there are too many ads way too many the not even that opinion hate,6,10
6756058501,Jelly Busters: Puzzle Game,Moon Active,14389449556,Doughge,Super Deceptive,"The game lures you in with a bunch of easy levels and then switches it to levels where there is no way you can win without spending actual money on shortcuts, I tried the same level several times before figuring out there was just no way I could win without spending money. Not worth wasting your time on this garbage.",1,2026-08-05 04:06:06+00:00,220000.1.173,US,the lures you with bunch easy levels and then switches levels where there way you can win without spending actual money shortcuts tried the same level several before figuring out there was way could win without spending money not worth wasting your this garbage,4,10
6756058501,Jelly Busters: Puzzle Game,Moon Active,14389042508,Aleeshanoname,Private policy allows stealing of your card and bank info,"Beware I never click on the private policy but it seemed fishy it states Your credit/debit card information, bank account number or other payment method details are processed and stored on our behalf through our service providers or partners. We may still however receive personal data related to or needed for your purchase, such as your name, billing address, email address, the items purchased, the purchase price and currency, order numbers and transaction history.",1,2026-08-05 01:31:00+00:00,220000.1.173,US,beware never click the private policy but seemed fishy states your credit debit card information bank account number other payment method details are processed and stored our behalf through our service providers partners may still however receive personal data related needed for your purchase such your name billing address email address the items purchased the purchase price and currency order numbers and transaction history,0,10
6756058501,Jelly Busters: Puzzle Game,Moon Active,14389015997,Ltp101010,Fun but requires boosters 💵,I love this game and got to level 199 and it can’t be beat without many boosters. I’ve already paid to be without ads. I won’t pay for boosters. Kinda sucks. I guess it’s time to delete.,2,2026-08-05 01:21:16+00:00,220000.1.173,US,this and level and can beat without many boosters already paid without ads won pay for boosters kinda sucks guess delete,4,10
6756058501,Jelly Busters: Puzzle Game,Moon Active,14388312207,woodw9878,So many ads,Literally ads after every round it’s so OD,2,2026-08-04 20:53:41+00:00,220000.1.173,US,literally ads after every round,2,10
6756058501,Jelly Busters: Puzzle Game,Moon Active,14380414522,Mel Zachariah,I liked it better when you didn’t have to wait to refill lives,"Maybe the developers feel that this will generate more money, but honestly it’s just turning me off to the game. I enjoyed it when you didn’t have to wait to refill lives.",2,2026-08-02 22:49:59+00:00,220000.1.171,US,maybe the developers feel that this will generate more money but honestly turning off the enjoyed when you didn have wait refill lives,7,10
6756058501,Jelly Busters: Puzzle Game,Moon Active,14379339415,WayladMa90,Not honest,"Great game, but truly manipulated to make you either quit or buy items to complete levels. It’s very frustrating when you’re sending one bubble out but they manipulate it so the conveyor is full. Shameful corporate greed.",1,2026-08-02 16:41:41+00:00,220000.1.171,US,but truly manipulated you either quit buy items complete levels very frustrating when you sending one bubble out but they manipulate the conveyor full shameful corporate greed,4,10
6756058501,Jelly Busters: Puzzle Game,Moon Active,14378953530,GlitteryCupcakes,Ads ruin everything,"The inability to get out of ads and the fact that you truly get to a level that without spending money, you can’t get past it, is really sad for a game that would be otherwise really enjoyable.",1,2026-08-02 14:49:45+00:00,220000.1.171,US,the inability out ads and the fact that you truly level that without spending money you can past sad for that would otherwise enjoyable,4,10
6756058501,Jelly Busters: Puzzle Game,Moon Active,14369527691,Joseploop,"Optimized for Ads, and nothing else.","Starts out fun, no ads, challenging puzzles. Eventually they start hitting you with ads between every game. Some of them you can’t even skip. You have to restart the app. Then the levels stop being challenging; the point is to get you to the next ad. You don’t even get to have the satisfaction of competing the puzzle. It auto completes the puzzle so it can more quickly, you guessed it, get you back to the ad. 

It’s a cheap dopamine trap. The creator should aspire to something better. Shame on them.",1,2026-07-31 07:09:11+00:00,220000.1.171,US,starts out fun ads challenging puzzles eventually they start hitting you with ads between every some them you can even skip you have restart the then the levels stop being challenging the point you the next you don even have the satisfaction competing the puzzle auto completes the puzzle can more quickly you guessed you back the cheap dopamine trap the creator should aspire something better shame them,3,10
6756058501,Jelly Busters: Puzzle Game,Moon Active,14363586365,Landon_R,Too many Ad’s,"There simply too many ads, not worth sitting through them to play. On top of that the life system is designed purely to get people to pay, absolutely disappointing.",1,2026-07-29 19:05:28+00:00,220000.1.171,US,there simply too many ads not worth sitting through them top that the life system designed purely people pay absolutely disappointing,5,10
6756058501,Jelly Busters: Puzzle Game,Moon Active,14361396529,Ajia1120,Horrible game,It was very fun and addictive at first but I was in the high level 100’s maybe even 200’s When they physically make it impossible to pass a level. I even PAID FOR COINS so I could pass and that dosent even help you pass at all. Disgusting.,1,2026-07-29 06:59:35+00:00,220000.1.160,US,was very fun and addictive first but was the high level maybe even when they physically impossible pass level even paid for coins could pass and that dosent even help you pass all disgusting,4,10
1606549505,Royal Kingdom,Dream Games,14393711757,Sethv25,False Advertising,"The game is NOT centered around saving the king as advertised. It’s a very small side game, and very short lived. You get maybe five levels of glaring easy levels that can only be played every 10-15 sets of the regular game.",2,2026-08-06 05:33:23+00:00,32221,US,the not centered around saving the king advertised very small side and very short lived you maybe five levels glaring easy levels that can only every sets the regular,0,3
1606549505,Royal Kingdom,Dream Games,14392836713,Skytonysfo,Not like the Ads,It’s just a regular puzzle game.  All the advertising save the king are lies.  You only get to play one game like that after 20 or so of the regular puzzle games.  Don’t download it’s a waste of time and not what’s advertised.,1,2026-08-05 23:45:49+00:00,32221,US,regular puzzle all the advertising save the king are lies you only one that after the regular puzzle don download waste and not what advertised,0,3
1606549505,Royal Kingdom,Dream Games,14392580129,blue20091450,Money,This game just wants your money. Why should anyone have to spend money to sometimes receive 20 more turns on a board?,1,2026-08-05 22:04:39+00:00,32221,US,this wants your money why should anyone have spend money sometimes receive more turns board,1,3
1606549505,Royal Kingdom,Dream Games,14391871474,Howsyee,Money Grab,Do they always have to be a money grab?  I would greatly prefer to spend money up front.,1,2026-08-05 17:56:41+00:00,32221,US,they always have money grab would greatly prefer spend money front,1,3
1606549505,Royal Kingdom,Dream Games,14391577723,Ak!1233,Not the same game,It’s more like candy crush than what the photos show. I prefer the rocks and snake because it’s different and fun to play. Why advertise such a fun game.,2,2026-08-05 16:26:31+00:00,32221,US,more candy crush than what the photos show prefer the rocks and snake because different and fun why advertise such fun,3,3
1606549505,Royal Kingdom,Dream Games,14389684385,Kickrocksorstealmoney,Dirty setting put a setting stop asking for coins,A game that forces you to lose only to win right after you lose to take away your weapons! Cowards ! Your game ain’t worth money! Pay for what ! To show nothing! Play on android modded apks unlimited every thing! Then it’s fun !,1,2026-08-05 05:46:05+00:00,32221,US,that forces you lose only win right after you lose take away your weapons cowards your ain worth money pay for what show nothing android modded apks unlimited every then fun,5,3
1606549505,Royal Kingdom,Dream Games,14389078216,Tato70,Scam,Advertisements are great. Actual game is lame. Nothing like the advertisements. We should file a class action for misleading. Actually…,1,2026-08-05 01:44:04+00:00,32221,US,advertisements are actual lame nothing the advertisements should file class action for misleading actually,7,3
512939461,Subway Surfers,Sybo Games ApS,14393506237,Hunter x Hunter -~-,I love subway surfers,It’s fun and amazing. :),2,2026-08-06 04:04:20+00:00,3.67.0,US,fun and amazing,3,2
512939461,Subway Surfers,Sybo Games ApS,14392345816,Hhigfdc,So fun,The most best game ever,1,2026-08-05 20:37:18+00:00,3.67.0,US,the most best ever,0,2
6744304405,Cider Casino - Real Money,Mystic Mirror Studio Limited,14393425911,GbyMo,Double charging,Unfortunately the first game I played was double charging spins and not crediting wins. Still waiting for someone to get back to me to make it right.,2,2026-08-06 03:31:22+00:00,1.0.8,US,unfortunately the first was double charging spins and not crediting wins still waiting for someone back right,0,9
6744304405,Cider Casino - Real Money,Mystic Mirror Studio Limited,14393027606,gusr1239,Scam,"I’d love to know how this is regulated.  Play it enough and you’ll see really questionable things.

Dont play roulette.  You’ll see the same number come up over and over.",1,2026-08-06 00:59:34+00:00,1.0.8,US,know how this regulated enough and you see questionable dont roulette you see the same number come over and over,0,9
6744304405,Cider Casino - Real Money,Mystic Mirror Studio Limited,14392717576,Unclesames,Empty jackpots and wins,I have been playing cider a couple months now and I’ve spent thousands. It’s rigged. The pots will stay full for weeks and then when they finally do hit the prizes are small. I have had one game with the pots full for weeks and it still hasn’t hit. It’s like once you cash out a little bit of money they want to take everything from you! Get out!,1,2026-08-05 22:58:45+00:00,1.0.8,US,have been cider couple months now and spent thousands rigged the pots will stay full for weeks and then when they finally hit the prizes are small have had one with the pots full for weeks and still hasn hit once you cash out little bit money they take everything from you out,1,9
6744304405,Cider Casino - Real Money,Mystic Mirror Studio Limited,14392522493,anjelescoto,Scam,They didnt want to pay me and then they refunded me my money back to sc so i gave it to them they wanted all my bank info stay away guys,1,2026-08-05 21:42:34+00:00,1.0.8,US,they didnt pay and then they refunded money back gave them they all bank info stay away guys,5,9
6744304405,Cider Casino - Real Money,Mystic Mirror Studio Limited,14392427953,Jacob02937,Withdrawal taking more then a week. My id number is EZJ82V4S,"Been waiting over a week for my money to hit my account, there in game ai sucks.",1,2026-08-05 21:07:17+00:00,1.0.8,US,been waiting over week for money hit account there sucks,1,9
6744304405,Cider Casino - Real Money,Mystic Mirror Studio Limited,14391269108,Josh2548,Trash,"Cider Casino is  one of the less rewarding casinos I’ve personally played. I struggled to land meaningful wins, with many dead spins and low payouts that quickly drained my bankroll. The experience felt slow and unexciting, which was disappointing given the expectations from some reviews. While results can vary, it didn’t live up to the hype in my case.",1,2026-08-05 14:58:30+00:00,1.0.8,US,cider casino one the less rewarding casinos personally struggled land meaningful wins with many dead spins and low payouts that quickly drained bankroll the experience felt slow and unexciting which was disappointing given the expectations from some reviews while results can vary didn live the hype case,7,9
6744304405,Cider Casino - Real Money,Mystic Mirror Studio Limited,14390687625,nonacnov,Extremely predatory,"When you first start playing you will ALWAYS hit a bonus with a pretty decently sized win to encourage you to continue spinning thinking it’s going to happen again. They claim to use a random number generator but I find that very hard to believe. They give you enough wins to encourage you and then you hit a “dry spell” every time, in the hopes that you’ll buy back in. There’s nothing random about it, it’s calculated the entire time.",1,2026-08-05 12:11:43+00:00,1.0.8,US,when you first start you will always hit bonus with pretty decently sized win encourage you continue spinning thinking going happen again they claim use random number generator but find that very hard believe they give you enough wins encourage you and then you hit dry spell every the hopes that you buy back there nothing random about calculated the entire,0,9
6744304405,Cider Casino - Real Money,Mystic Mirror Studio Limited,14390078638,CGJ76,Don’t play,They pay at first but then nothing,1,2026-08-05 08:31:03+00:00,1.0.8,US,they pay first but then nothing,5,9
6744304405,Cider Casino - Real Money,Mystic Mirror Studio Limited,14389799266,Yyyjfsetjpplw,Redemption slow,The slowest redemption rate of any casino app I’ve seen ever completely slow,1,2026-08-05 06:34:58+00:00,1.0.8,US,the slowest redemption rate any casino seen ever completely slow,0,9
6744304405,Cider Casino - Real Money,Mystic Mirror Studio Limited,14389457180,Tonyprz1300,Rip off,This game is a rip off if you play the .50 cents and you spin for .10 cents it charges you .20 wouldn’t recommend take your money and don’t pay out,1,2026-08-05 04:09:16+00:00,1.0.8,US,this rip off you the cents and you spin for cents charges you wouldn recommend take your money and don pay out,5,9
6760325543,CubeAway - 3DPuzzle,"GOODROID,Inc.",14393110526,Nolongerforme,Repetitive games,"I really like this game but once you reach the higher levels (3000+) it’s just the same puzzles over and over and over again. Was a 5, now a 2",2,2026-08-06 01:30:29+00:00,1.5.1,US,this but once you reach the higher levels the same puzzles over and over and over again was now,4,10
6760325543,CubeAway - 3DPuzzle,"GOODROID,Inc.",14393036180,JessInJest,Game ruined after the update,"Stopped working today after app updated. Otherwise, it was fun. Had to uninstall and reinstall to get it to work, and then it was like the update made it a different game with different visuals, rules and these “cheat” icons. I was at level 300 before but was forced to start over. It was initially more challenging but now I’m at level 100+ and it’s just repeating the same old puzzles with none of the “different direction” arrows in place. It was fun before the update but now it’s not.",1,2026-08-06 01:02:46+00:00,1.5.1,US,stopped working today after updated otherwise was fun had uninstall and reinstall work and then was the update made different with different visuals rules and these cheat icons was level before but was forced start over was initially more challenging but now level and repeating the same old puzzles with none the different direction arrows place was fun before the update but now not,4,10
6760325543,CubeAway - 3DPuzzle,"GOODROID,Inc.",14392506401,Lsw365,SO MANY ADS,"I have never played a game with so many ads!  While the game might be fun and could be addicting, the ads make it unbearable to play. Once the ad plays, you have to close it, then another screen comes up that you have to close and then one more comes up making sure you saw the first two ads. Why would I want to pay $7.99 or $9.99 to remove an ad?",1,2026-08-05 21:36:26+00:00,1.5.1,US,have never with many ads while the might fun and could addicting the ads unbearable once the plays you have close then another screen comes that you have close and then one more comes sure you saw the first two ads why would pay remove,2,10
6760325543,CubeAway - 3DPuzzle,"GOODROID,Inc.",14392152041,Mountain mom 8590,Too many Ads,"Ad for Every single hint, ad for new level ups.  I’m pretty sure there’s a
Cheat in this game too.  You know you have no where to go and then after a
Hint AD there’s a blue arrow there out of nowhere.  As far as the game goes it isn’t bad.  Just All the ADs that are 30-60secs long that will burn you out quick.",2,2026-08-05 19:29:29+00:00,1.5.1,US,for every single hint for new level ups pretty sure there cheat this too you know you have where and then after hint there blue arrow there out nowhere far the goes isn all the ads that are secs long that will burn you out quick,4,10
6760325543,CubeAway - 3DPuzzle,"GOODROID,Inc.",14390561760,Teh_KK,Sold out…,"This game was my favorite game when I first downloaded it. Simply a way to turn off the stress of the day and relax and play for hours on end with no life cap, but the updates have sold the game out to be just like everything else. Creating challenges that push you to spend in game money and then adding lives that replenish 1 life every half hour. Gone are the days were I can contentedly play for hours on end and relax. Now I have to buy lives if I want to keep playing.",2,2026-08-05 11:31:13+00:00,1.5.1,US,this was favorite when first downloaded simply way turn off the stress the day and relax and for hours end with life cap but the updates have sold the out everything else creating challenges that push you spend money and then adding lives that replenish life every half hour gone are the days were can contentedly for hours end and relax now have buy lives keep,6,10
6760325543,CubeAway - 3DPuzzle,"GOODROID,Inc.",14388963646,Bo Jangles 3030,Glitchy,Kind of fun. Often makes incredible mistakes. It often says that I choose things that are not even close to what I am touching. Becomes infuriating. Will likely be deleting soon.,1,2026-08-05 01:02:06+00:00,1.5.1,US,kind fun often incredible mistakes often says that choose that are not even close what touching becomes infuriating will likely deleting soon,3,10
6760325543,CubeAway - 3DPuzzle,"GOODROID,Inc.",14386957557,Mamabearbear,Ruined it,This was a great app! It’s now been ruined with lives and gimmicks. Very annoying.,1,2026-08-04 13:57:30+00:00,1.5.1,US,this was now been ruined with lives and gimmicks very annoying,0,10
6760325543,CubeAway - 3DPuzzle,"GOODROID,Inc.",14384978032,b rock b,Too many ads,"The game is good but with so many ads! Oh btw, one of your ads has been freezing the game every time it pops up. Through out the day. It’s very annoying",2,2026-08-04 01:43:23+00:00,1.5.1,US,the but with many ads btw one your ads has been freezing the every pops through out the day very annoying,2,10
6760325543,CubeAway - 3DPuzzle,"GOODROID,Inc.",14384710608,bhawlery,Too many adds that take 60 second each.,"There’s some great games on the Apple Store, but they’re all extremely annoying with their stupid ads for other games. I always end up deleting them because of how annoying and long the ads are. Do better.",2,2026-08-04 00:04:55+00:00,1.5.1,US,there some the store but they all extremely annoying with their stupid ads for other always end deleting them because how annoying and long the ads are better,2,10
6747492600,Mahjong Blast,Nebula Studio,14393728709,beachlover.8,"Ads, ads, ads!","Nice game, except for the pop-up ads after every single level!  Couldn’t be more annoying!",2,2026-08-06 05:40:54+00:00,1.9.5,US,nice except for the pop-up ads after every single level couldn more annoying,4,3
6747492600,Mahjong Blast,Nebula Studio,14392592834,MacDuff77,Too many ads.,"I really enjoyed it at first, but as I progressed, it seemed like there were more and more ads. Then the ad started getting longer. So annoying! I eventually got so annoyed that I had to delete from my phone.",1,2026-08-05 22:09:36+00:00,1.9.5,US,enjoyed first but progressed seemed there were more and more ads then the started longer annoying eventually annoyed that had delete from,2,3
6747492600,Mahjong Blast,Nebula Studio,14391105686,djdnslfjns,Pop Up Ads,Game advertises no ads and/or interruptions but after level 10 - they’re there!,2,2026-08-05 14:13:24+00:00,1.9.5,US,advertises ads and interruptions but after level they there,4,3
1351168404,Among Us!,InnerSloth LLC,14393729966,Wisegurtrude,Fix game,I can’t kill I click the button nothing happens I go to vent it works I come out no kill,1,2026-08-06 05:41:27+00:00,2026.17.4,US,can kill click the button nothing happens vent works come out kill,0,2
1351168404,Among Us!,InnerSloth LLC,14393431424,iHeart beta fish,MY OPINION BTW,"This app is really outdated and is confusing and frustrating you need to literally look up how to use stuff and I am hoping for better from you creators of this game, it you are looking to get this app be acknowledged it is tough to figure out",1,2026-08-06 03:33:31+00:00,2026.17.4,US,this outdated and confusing and frustrating you need literally look how use stuff and hoping for better from you creators this you are looking this acknowledged tough figure out,7,2
1351168404,Among Us!,InnerSloth LLC,14393328316,Cassiel Dominic west,Sucks,I can’t even play it when I try to get in da game it says would u like to play offline I k ow I’m a kid and I probably need quick chat but  when I try to get online I hate it makes me mad 😡 y’all should try dif games that are better thanks,1,2026-08-06 02:52:53+00:00,2026.17.4,US,can even when try says would offline kid and probably need quick chat but when try online hate mad all should try dif that are better thanks,7,2
1351168404,Among Us!,InnerSloth LLC,14392478809,Benidril,Super bad,I was at level 25 when it brung me all the way back to level 3 do not recommend at all please everybody spam among us sucks in the reviews,1,2026-08-05 21:26:01+00:00,2026.17.4,US,was level when brung all the way back level not recommend all please everybody spam among sucks the reviews,4,2
6746437378,Tang Luck: Casino Slots,SpinShift Limited,14393652087,Aurora62524,Was great but now I can’t even play anything,I can’t even open the app without it telling me that it’s not connected to the Internet yet it is,1,2026-08-06 05:07:06+00:00,1.0.63,US,can even open the without telling that not connected the internet yet,7,9
6746437378,Tang Luck: Casino Slots,SpinShift Limited,14392483320,chipkane,No true nor actual,READ THE TERMS AND AGREEMENTS!!!   there’s no real money involved.,2,2026-08-05 21:27:42+00:00,1.0.63,US,read the terms and agreements there real money involved,1,9
6746437378,Tang Luck: Casino Slots,SpinShift Limited,14392439259,Flashinhouston,Good luck with getting your sc wins.,Although the app itself may work for baiting you into their service all of the promises of free play are false. If you play in sc mode you’ll pay to play and good luck trying to collect if you win.,1,2026-08-05 21:11:25+00:00,1.0.63,US,although the itself may work for baiting you into their service all the promises free are false you mode you pay and luck trying collect you win,5,9
6746437378,Tang Luck: Casino Slots,SpinShift Limited,14391915287,Mythreesons1950,Not Good,"This site wouldn’t pay out my request, I sent ID they requested, then they wanted a Live Photo me holding my id, something not right!",1,2026-08-05 18:10:46+00:00,1.0.63,US,this site wouldn pay out request sent they requested then they live photo holding something not right,5,9
6746437378,Tang Luck: Casino Slots,SpinShift Limited,14391699877,lilspooky737,Review,Game is rigged you will put money in and sometimes win and it will give u small wins after to make u think u can get more then you loose everything,1,2026-08-05 17:03:01+00:00,1.0.63,US,rigged you will put money and sometimes win and will give small wins after think can more then you loose everything,1,9
6746437378,Tang Luck: Casino Slots,SpinShift Limited,14391169151,ScaredMoney69,ACH Redemption Notice Sent 2 days late,"Good slots on the game, but my second ACH redemption has been a nightmare. I have been ignored through the in app ‘help’ channel and every email I can find about who to contact isn’t actually a real email address. Finally received an ACH Redemption Notice 2 DAYS after being ignored. I’ve continually asked for any kind of status update, but heard nothing. At this point, I’m not even sure I’ll get my funds, or the $101.15 they owe me for being over 24 hours of their ETA.",1,2026-08-05 14:30:46+00:00,1.0.63,US,slots the but second ach redemption has been nightmare have been ignored through the help channel and every email can find about who contact isn actually real email address finally received ach redemption notice days after being ignored continually asked for any kind status update but heard nothing this point not even sure funds the they owe for being over hours their eta,7,9
6746437378,Tang Luck: Casino Slots,SpinShift Limited,14390125038,Joe2575,Bad redemptions,Stay far away from this scam place,1,2026-08-05 08:49:48+00:00,1.0.63,US,stay far away from this scam place,0,9
6746437378,Tang Luck: Casino Slots,SpinShift Limited,14389362426,FFMEDICJULES,Find another slot machine app,"The app chat to talk to someone in customer service  is a joke, no one ever replied after multiple attempts to get ahold of someone.. My redemption was over 24 hours after and they gave me the extra money towards the app and not as my redemption. Thought this was a legit app and was super happy until they pulled this stuff. Jackpot Go is the best app to go with.",1,2026-08-05 03:30:59+00:00,1.0.63,US,the chat talk someone customer service joke one ever replied after multiple attempts ahold someone redemption was over hours after and they gave the extra money towards the and not redemption thought this was legit and was super happy until they pulled this stuff jackpot the best with,7,9
1287282214,Call of Duty®: Mobile,"Activision Publishing, Inc.",14393658576,Kayyyayau,Prop hunt,They took prop hunt the only reason why I play,1,2026-08-06 05:09:56+00:00,1.0.56,US,they took prop hunt the only reason why,7,2
1287282214,Call of Duty®: Mobile,"Activision Publishing, Inc.",14393355658,Eonmb,DIDNT RECEIVE COD POINTS,"I bought 5$ worth of cod points in the ingame store, but it didnt appear on my account, and I used apple pay, please help me get my cod points or refund thank you.",1,2026-08-06 03:03:33+00:00,1.0.56,US,bought worth cod points the ingame store but didnt appear account and used pay please help cod points refund thank you,5,2
1287282214,Call of Duty®: Mobile,"Activision Publishing, Inc.",14392673426,TrashGame1996,This game is buns,"Trash game, badly optimized, settings are a nightmare.",1,2026-08-05 22:41:10+00:00,1.0.56,US,trash badly optimized settings are nightmare,0,2
1287282214,Call of Duty®: Mobile,"Activision Publishing, Inc.",14392554545,Call of duty’s bdkajs mGgr,Súper pero súper la guiado y te va a explotar el teléfono de tanta m*****,Por mierda no suena en el lobby pero voy a ingresar a jugar una partida en br y si se olle osea no está bien acomodado el juego este no les alcanza con lo que le sacan a la gente pa arreglar esos bug de mierda !,1,2026-08-05 21:54:48+00:00,1.0.56,US,por mierda suena lobby pero voy ingresar jugar una partida olle osea est bien acomodado juego este les alcanza con que sacan gente arreglar esos bug mierda,0,2
1287282214,Call of Duty®: Mobile,"Activision Publishing, Inc.",14392480857,User13613,I hate this,"The game somehow became laggy and when you win, it does not say who it is, like is it your enemy or your teammate, so this is ridiculous, very bad game",1,2026-08-05 21:26:48+00:00,1.0.56,US,the somehow became laggy and when you win does not say who your enemy your teammate this ridiculous very,0,2
6769314786,Food Hunt: Pixel Puzzle,FUNFINITY PTE. LTD,14391979762,furiousgammer,Paid game glitched,Paid to level up cause the blocks kept locking at level 485. When I go to make the purchases the game glitched and restarted now I’m at the beginning of the level again and money practically stolen.,1,2026-08-05 18:32:00+00:00,1.21,US,paid level cause the blocks kept locking level when the purchases the glitched and restarted now the beginning the level again and money practically stolen,4,10
6769314786,Food Hunt: Pixel Puzzle,FUNFINITY PTE. LTD,14388052427,SuperSnapStar,Trade off,Fun game but ADS are longer than the actual game play. Example: it takes about 1-2 minutes to beat level but ads are 2+ minutes long,2,2026-08-04 19:23:52+00:00,1.21,US,fun but ads are longer than the actual example takes about minutes beat level but ads are minutes long,3,10
6769314786,Food Hunt: Pixel Puzzle,FUNFINITY PTE. LTD,14387687166,Dpp2287,Charges more,Do not use this app! I went to buy 1000 coins for a $1.99 and they charge my credit card $49 and change!!,1,2026-08-04 17:26:23+00:00,1.21,US,not use this went buy coins for and they charge credit card and change,0,10
6769314786,Food Hunt: Pixel Puzzle,FUNFINITY PTE. LTD,14385057382,Bandsbsndnzn,Ads won’t let you exit,Kinda fun but the ads won’t let you exit out of them. Literally have to restart my phone just to play,2,2026-08-04 02:11:49+00:00,1.20,US,kinda fun but the ads won let you exit out them literally have restart,3,10
6769314786,Food Hunt: Pixel Puzzle,FUNFINITY PTE. LTD,14380580238,JEmlay,Bad,Glad to finally see decent pixel art but this game is waaaaay too slow!,1,2026-08-02 23:56:01+00:00,1.20,US,glad finally see decent pixel art but this waaaaay too slow,0,10
6769314786,Food Hunt: Pixel Puzzle,FUNFINITY PTE. LTD,14379384892,Soylent Bob,Ads longer than the game,"Either pay to unlock or watch ADS EVERY LEVEL! The ads are longer than the levels, and more puzzling to unlock… until you figure out some ads NEVER CLOSE!  Game itself is cute for a moment but becomes tedious and boring, especially with ads. Did I mention the ads? It has ads! And more ads!",1,2026-08-02 16:55:20+00:00,1.20,US,either pay unlock watch ads every level the ads are longer than the levels and more puzzling unlock until you figure out some ads never close itself cute for moment but becomes tedious and boring especially with ads did mention the ads has ads and more ads,2,10
6769314786,Food Hunt: Pixel Puzzle,FUNFINITY PTE. LTD,14373875222,Ohyesitsmethatguy,Fun But Too Many Ads,"This game is a lot of fun, but it has literally two ads back to back every time you play a puzzle. The other thing I hate about it is when you use your add-ons to help you solve a puzzle the alien ship when you try to use it and pick a certain color the pixels are so small it misses the color you choose and sometimes you have to use more than one which is a waste of money and time",2,2026-08-01 08:50:40+00:00,1.19,US,this lot fun but has literally two ads back back every you puzzle the other hate about when you use your add-ons help you solve puzzle the alien ship when you try use and pick certain color the pixels are small misses the color you choose and sometimes you have use more than one which waste money and,3,10
6769314786,Food Hunt: Pixel Puzzle,FUNFINITY PTE. LTD,14373631839,Jro324,Greed,Hope you have money to spend on their other features. It gets to a point where you can’t even play. Never had a game like this.,2,2026-08-01 07:12:21+00:00,1.19,US,hope you have money spend their other features point where you can even never had this,1,10
1443446174,Magic Tiles 3™: Piano Game,Amanotes Pte. Ltd.,14392739611,ad hater56,way too many ads,"this game has ads every time you comepete a song, it speeds up, just like every 2 seconds theres an ad. it used to be so fun back than when there wasnt too many but now its just ridiculous. Never playing it again.",1,2026-08-05 23:07:28+00:00,13.077.011,US,this has ads every you comepete song speeds every seconds theres used fun back than when there wasnt too many but now its ridiculous never again,3,1
1443446174,Magic Tiles 3™: Piano Game,Amanotes Pte. Ltd.,14392733584,Legendary name,R,This is possibly the worst game of all time too many ads and has the LONGEST ONES complete waste of time,1,2026-08-05 23:05:06+00:00,13.077.011,US,this possibly the worst all too many ads and has the longest ones complete waste,2,1
1443446174,Magic Tiles 3™: Piano Game,Amanotes Pte. Ltd.,14392148609,izzy loves katseye,too much ads! :/,"OK, WHY AM I GETTING ADS EVERY SINGLE SECOND? AND I CANT EVEN FIND SOME OF THE SONGS I LIKE. AND THIS GAME IS REALLY BORING AND REPETITIVE. YOU REALLY DONT HAVE TO PUT 100 BILLION ADS EACH MILLISECOND. DUMB GAME. I WISH I COULD PUT 0 STARS.",1,2026-08-05 19:28:20+00:00,13.077.011,US,why ads every single second and cant even find some the songs and this boring and repetitive you dont have put billion ads each millisecond dumb wish could put stars,2,1
6746328263,Castle Busters,Voodoo,14393856059,Contact0328,Don’t get!,App is a complete scam charged me 35$ for removing ads when it is advertised as $9.99 twice. The first time I let it go but I tried again today and it charged me and did not even remove the ads and I want my money back. HORRIBLE GAME DONT BUY!!,1,2026-08-06 06:36:42+00:00,1.14.0,US,complete scam charged for removing ads when advertised twice the first let but tried again today and charged and did not even remove the ads and money back horrible dont buy,2,1
6746328263,Castle Busters,Voodoo,14393853780,Rzb.dna,Cant play in iphone 11pro in new update,Cant play in iphone 11pro in new update,1,2026-08-06 06:35:43+00:00,1.14.0,US,cant pro new update,0,1
6746328263,Castle Busters,Voodoo,14393257980,AGE2EOD,Back Drop SUCKS,Please change the backdrop  or the pointer arrow.  You cannot see where you are aiming with a white target pointer and a desert backdrop….,1,2026-08-06 02:25:41+00:00,1.14.0,US,please change the backdrop the pointer arrow you cannot see where you are aiming with white target pointer and desert backdrop,0,1
6746328263,Castle Busters,Voodoo,14393246946,Jalenoel,Conflicted,I love the game but I keep getting boot off the game. I would love to see this issue fixed.,1,2026-08-06 02:21:31+00:00,1.14.0,US,the but keep boot off the would see this issue fixed,0,1
6746328263,Castle Busters,Voodoo,14393176186,Valor3425,Don’t play,To many hackers/bots not worth the time. Only way to win is to pay to play starts out great then turns to junk unless you drop $$$.,1,2026-08-06 01:54:59+00:00,1.14.0,US,many hackers bots not worth the only way win pay starts out then turns junk unless you drop,5,1
6746328263,Castle Busters,Voodoo,14393141381,night7life,Rigged,Decent game but the AI rigging is terrible. It will MAKE SURE you will lose by matching you with maxed out opponents over and over. Because then you might make a purchase to get stronger.,2,2026-08-06 01:42:01+00:00,1.14.0,US,decent but the rigging terrible will sure you will lose matching you with maxed out opponents over and over because then you might purchase stronger,0,1
6746328263,Castle Busters,Voodoo,14392995726,eight08benz,"Fun, Boring & Flawed","Fun to build up your castle & team, but boring after you max out. Be aware that the game doesn’t give you credit for @ 40% of your wins!",2,2026-08-06 00:47:26+00:00,1.14.0,US,fun build your castle team but boring after you max out aware that the doesn give you credit for your wins,3,1
6746328263,Castle Busters,Voodoo,14392836475,Nicolas33139,Way unfair to those not spending dollars on package,Really enjoying the game but definitely not fun to play when facing someone who spent money on getting one or many of those packages with exclusive characters !! Definitely rigged and in their advantage. Got the idea of getting little boost when you spent but one character with that drone can kill all your characters in few rounds !! No longer fun ……,2,2026-08-05 23:45:44+00:00,1.14.0,US,enjoying the but definitely not fun when facing someone who spent money one many those packages with exclusive characters definitely rigged and their advantage the idea little boost when you spent but one character with that drone can kill all your characters few rounds longer fun,3,1
6746328263,Castle Busters,Voodoo,14392395933,E Man No 1,No new levels (arenas),"It is a very exciting game, and I can barely put it down. The gameplay is fun, engaging, and keeps me coming back.

Unfortunately, now that you’ve stopped creating new levels, the focus has shifted to simply trying to max out your castle and units faster than everyone else. While that’s enjoyable for a while, it doesn’t provide the same sense of progression and excitement that new content does.

I really hope you start releasing new levels again. Fresh challenges and new content would make an already great game even better and keep long-time players invested.",1,2026-08-05 20:55:33+00:00,1.14.0,US,very exciting and can barely put down the gameplay fun engaging and keeps coming back unfortunately now that you stopped creating new levels the focus has shifted simply trying max out your castle and units faster than everyone else while that enjoyable for while doesn provide the same sense progression and excitement that new content does hope you start releasing new levels again fresh challenges and new content would already even better and keep long-time invested,0,1
6746328263,Castle Busters,Voodoo,14392385628,Beacongraphicsdave,Great Game/ wasted my money,"Gameplay is awesome. When I transferred the app to another device (new phone) all my progress with the units is wacky. 

Spent about $35 on progressing their levels and they all but reset. My main guy went from LvL 14 to 7. Barely punches through now. 

If it was just the adds I’d have no gripe… but you have my money.. 

Don’t spend $ on this game until they address this.",1,2026-08-05 20:51:46+00:00,1.14.0,US,gameplay awesome when transferred the another device new all progress with the units wacky spent about progressing their levels and they all but reset main guy went from lvl barely punches through now was the adds have gripe but you have money don spend this until they address this,1,1
6746328263,Castle Busters,Voodoo,14392344348,Huntercloss,Fun for a week,"The game is fun for the first week but becomes unbearable unless you pay for upgrades. I played it for about two weeks, progressing well and winning battles. Then I didn’t have cell service for a week. Came back to the game and now people ranked significantly lower than me are wiping the floor with me halfway through a battle, making it impossible to progress beyond where I am now. I will occasionally battle someone ranked similar to me and they’re at the same level of upgrades as me, further showing that you can download the game, pay some money, and instantly be better than most. There’s also zero skill based match making so at some point they indirectly force you to pay to win. It’s trash.",2,2026-08-05 20:36:47+00:00,1.14.0,US,the fun for the first week but becomes unbearable unless you pay for upgrades for about two weeks progressing well and winning battles then didn have cell service for week came back the and now people ranked significantly lower than are wiping the floor with halfway through battle impossible progress beyond where now will occasionally battle someone ranked similar and they the same level upgrades further showing that you can download the pay some money and instantly better than most there also zero skill based match some point they indirectly force you pay win trash,5,1
6746328263,Castle Busters,Voodoo,14392326764,Pezguytx,Deleted this…,It was fun.  Having to play against opponents who buy all of their team and you can’t win has killed it.  Not worth the time.,1,2026-08-05 20:30:36+00:00,1.14.0,US,was fun having against opponents who buy all their team and you can win has killed not worth the,3,1
6746328263,Castle Busters,Voodoo,14392257130,[SAW]Pepper,The Ads Never End,Great game but when you watch the ads they never end and you don’t get credit.,1,2026-08-05 20:05:47+00:00,1.14.0,US,but when you watch the ads they never end and you don credit,2,1
6746328263,Castle Busters,Voodoo,14391971645,Bludhaven1984,Fine game stupid Ai,There’s so much Ai slop art in the game very disappointing.,1,2026-08-05 18:29:21+00:00,1.14.0,US,there much slop art the very disappointing,0,1
6756482832,Brain Puzzle 3: Crazy Mind,SmallStep Dev Team,14367630840,coclen,Ai :(,"One of the things that kept me returning to this game was the lack of ai art. However, these most recent ones are making me suspicious. Please quit using generative ai for the art!",1,2026-07-30 19:01:13+00:00,1.1.0,US,one the that kept returning this was the lack art however these most recent ones are suspicious please quit using generative for the art,0,3
6756482832,Brain Puzzle 3: Crazy Mind,SmallStep Dev Team,14365694305,ZARAMARA48 Roblox,To many adds,This game I so fun but the way adds re after every level pisses me off and is annoying,1,2026-07-30 08:47:08+00:00,1.1.0,US,this fun but the way adds after every level pisses off and annoying,6,3
6756482832,Brain Puzzle 3: Crazy Mind,SmallStep Dev Team,14328817583,quiltedhipmilkshake,Not for children - Demonic,"The subliminal messaging in this game is horrendous. One puzzle in particular is about seeing what girls look like in the future, and it promotes the death of young women. In the same puzzle was a message, “Be greedy when others are fearful.” Not to mention the horror characters, like putting creepy dolls with glowing red eyes, a picture from The Ring movie on the TV where you have to give it a baby to complete the puzzle…. definitely not safe for children and not safe for anyone to be playing, really. Whoever is making these puzzles has a perverted vendetta.",2,2026-07-21 03:41:21+00:00,1.0.9,US,the subliminal messaging this horrendous one puzzle particular about seeing what girls look the future and promotes the death young women the same puzzle was message greedy when others are fearful not mention the horror characters putting creepy dolls with glowing red eyes picture from the ring movie the where you have give baby complete the puzzle definitely not safe for children and not safe for anyone whoever these puzzles has perverted vendetta,0,3
6756482832,Brain Puzzle 3: Crazy Mind,SmallStep Dev Team,14324705878,Nene418,A lot of weird themes…,"So I like the over al type of game. That’s not the problem. The problem I’m finding is that there is quite a bit of sexualized themes and kinda dark. Like a lot of evil themes. The couple of ones I first came across was like oh ok, maybe the “horror” ones were part of a Halloween release but there’s just too much symbolism fit my taste.",2,2026-07-20 02:43:55+00:00,1.0.9,US,the over type that not the problem the problem finding that there quite bit sexualized themes and kinda dark lot evil themes the couple ones first came across was maybe the horror ones were part halloween release but there too much symbolism fit taste,0,3
6756482832,Brain Puzzle 3: Crazy Mind,SmallStep Dev Team,14292739189,SincerelyMe💗,Ads,Ads after every level are annoying. Ads are annoying as soon as you sign into the app.,1,2026-07-12 04:26:46+00:00,1.0.9,US,ads after every level are annoying ads are annoying soon you sign into the,2,3
6760377931,Mahjong Rumble: Win Real Cash,Aviagames Inc.,14392346780,Lawson_12,SCAM!!,All winnings are actually non withdraw able cash. You wont make a dollar off this game,1,2026-08-05 20:37:38+00:00,1.10.35,US,all winnings are actually non withdraw able cash you wont dollar off this,7,9
6760377931,Mahjong Rumble: Win Real Cash,Aviagames Inc.,14392296952,Black Beauty 1978,Scam,Stop scamming people,1,2026-08-05 20:19:54+00:00,1.10.35,US,stop scamming people,0,9
6760377931,Mahjong Rumble: Win Real Cash,Aviagames Inc.,14390966859,T.G97,Fake,You don’t win real money don’t download,1,2026-08-05 13:34:35+00:00,1.10.35,US,you don win real money don download,1,9
6760377931,Mahjong Rumble: Win Real Cash,Aviagames Inc.,14388496006,mandjmom,Why are these legal. Total scam,"There is no free to play, you have pay “Entry Fee” This are the kind of scams the GOVT should shut down!",1,2026-08-04 22:02:00+00:00,1.10.35,US,there free you have pay entry fee this are the kind scams the govt should shut down,5,9
6760377931,Mahjong Rumble: Win Real Cash,Aviagames Inc.,14381516541,DjQue410,Rip Off,"You spend money then they put you position as if you’re winning only to say next time, and the make you wait in three or more players. You won $40 but they only cash out $28, making sure you’re losing the money on exorbitant fees",2,2026-08-03 06:09:12+00:00,1.10.35,US,you spend money then they put you position you winning only say next and the you wait three more you won but they only cash out sure you losing the money exorbitant fees,1,9
6760377931,Mahjong Rumble: Win Real Cash,Aviagames Inc.,14380792654,johngameropa,Mahjong Scam,At every turn the same asks for money. Avoid this game.,1,2026-08-03 01:17:20+00:00,1.10.35,US,every turn the same asks for money avoid this,1,9
6760377931,Mahjong Rumble: Win Real Cash,Aviagames Inc.,14376099586,20064321,SCAM,Have to Deposit to get your earnings,1,2026-08-01 20:50:26+00:00,1.10.35,US,have deposit your earnings,0,9
6760377931,Mahjong Rumble: Win Real Cash,Aviagames Inc.,14372882053,-100%_q,Fake,This game swears it you will win with no money but it’s fake just like the rest of them,1,2026-08-01 02:10:39+00:00,1.10.35,US,this swears you will win with money but fake the rest them,1,9
6760377931,Mahjong Rumble: Win Real Cash,Aviagames Inc.,14372726302,tiff/76,Total scam!!,Beware.. this is a scam,1,2026-08-01 01:13:36+00:00,1.10.35,US,beware this scam,0,9
6760377931,Mahjong Rumble: Win Real Cash,Aviagames Inc.,14372601410,Synovamarie,"No cash, frustrating",Not fun when you are not winning anything,2,2026-08-01 00:26:49+00:00,1.10.35,US,not fun when you are not winning anything,3,9
6760377931,Mahjong Rumble: Win Real Cash,Aviagames Inc.,14371261185,Humblearies,Winning,"It’s really stupid when you
Win something you have to pay almost half to double your money to get it. Winnings shouldn’t be paid to earn. I should be b able to claim my winnings without have to give up money to get money. Completely dumb and needs to be addressed. I’ll give stars once this is fixed",1,2026-07-31 16:35:39+00:00,1.10.35,US,stupid when you win something you have pay almost half double your money winnings shouldn paid earn should able claim winnings without have give money money completely dumb and needs addressed give stars once this fixed,5,9
6760377931,Mahjong Rumble: Win Real Cash,Aviagames Inc.,14363085831,&$@@&$,Beware! They took my money and would not honor withdrawals- beware!,"I downloaded the app. Started playing.  They say you won $$ and when you try to claim it, they actually charge your account. They deceive you into claiming your “prize”.  When I tried to withdraw what I had left, it was never given to me.",1,2026-07-29 16:26:59+00:00,1.10.34,US,downloaded the started they say you won and when you try claim they actually charge your account they deceive you into claiming your prize when tried withdraw what had left was never given,7,9
6760377931,Mahjong Rumble: Win Real Cash,Aviagames Inc.,14359821070,Caroline of buford ga,Old American,"This game is a trick 
Don’t trust him they don’t pay",1,2026-07-28 20:42:18+00:00,1.10.34,US,this trick don trust him they don pay,5,9
6756288168,Cookingo: Perfect Meal,Higame Global Limited,14389577505,Squig$,Ads & limited freedom,I should be able to assemble the food in whatever order I want but this stupid capybara got mad at me when I wanted to put my egg on the sandwich before the cucumber and tomatoes and I’m not happy about it. Also it has an ad after you finish every level and with every level being so short I bet you thats annoying as hell. I do like the style but it’s just banking off the popularity of TikTok cooking videos and capybara’s and I bet thats why the game was created.,2,2026-08-05 05:00:05+00:00,1.6,US,should able assemble the food whatever order but this stupid capybara mad when put egg the sandwich before the cucumber and tomatoes and not happy about also has after you finish every level and with every level being short bet you thats annoying hell the style but banking off the popularity tiktok cooking videos and capybara and bet thats why the was created,4,10
6756288168,Cookingo: Perfect Meal,Higame Global Limited,14388150204,otto ?,malware,almost positive the popups in this game gave me malware,1,2026-08-04 19:56:52+00:00,1.6,US,almost positive the popups this gave malware,0,10
6756288168,Cookingo: Perfect Meal,Higame Global Limited,14387921018,AleyBarr,SPAM ADS,"Nothing but ads immediately. You can’t even close them, the “X” takes you to web pages. Not a real game just a link generator",1,2026-08-04 18:40:37+00:00,1.6,US,nothing but ads immediately you can even close them the takes you web pages not real link generator,2,10
6759412341,EA College Football Mobile 27,Electronic Arts,14393021009,Wildman s,Unplayable,It’s done downloading but when I try to hop into a game it just resets the whole app like come on ea,1,2026-08-06 00:57:05+00:00,1.1.0,US,done downloading but when try hop into resets the whole come,0,2
6759412341,EA College Football Mobile 27,Electronic Arts,14392960076,24Kled58,8%,iPhone 16 pro max and won’t download past 8%! Very disappointing bc I’ve been waiting for this game on mobile since console release,1,2026-08-06 00:33:45+00:00,1.1.0,US,pro max and won download past very disappointing been waiting for this mobile since console release,0,2
6759412341,EA College Football Mobile 27,Electronic Arts,14392658903,Bruno_67,It wont let me download,So pretty much when I download the game I launch it and then I have to download it again but it wont download like it keeps on restarting,2,2026-08-05 22:35:25+00:00,1.1.0,US,pretty much when download the launch and then have download again but wont download keeps restarting,0,2
6759412341,EA College Football Mobile 27,Electronic Arts,14392248717,SirBeegus,Download,This game is NOT the storage it says it is. Say it’s around 2gb to download but it takes up close to 20 on my phone. Deleted it instantly.,1,2026-08-05 20:02:50+00:00,1.1.0,US,this not the storage says say around download but takes close deleted instantly,0,2
6759412341,EA College Football Mobile 27,Electronic Arts,14392042908,Gpjay274,ITS BEEN 3 DAYS,I’ve been downloading the game for 3 days and haven’t played once!,1,2026-08-05 18:52:47+00:00,1.1.0,US,been downloading the for days and haven once,0,2
6759412341,EA College Football Mobile 27,Electronic Arts,14391928956,eatscrayonz,Horrible Game,You basically just do tutorials and different challenges. There’s no dynasty mode. Such a garbage game and takes up an insane amount of storage.,1,2026-08-05 18:15:16+00:00,1.1.0,US,you basically tutorials and different challenges there dynasty mode such garbage and takes insane amount storage,0,2
6759412341,EA College Football Mobile 27,Electronic Arts,14391767664,Devon.j.d,.,Game not to bad but it took forever to download and I had to delete a whole bunch of apps,2,2026-08-05 17:23:45+00:00,1.1.0,US,not but took forever download and had delete whole bunch,7,2
6759412341,EA College Football Mobile 27,Electronic Arts,14391559792,rj3uyj,Too much hype for terrible football game,I had real expectation about this game but it a let down it just madden mobile it over heat my iPhone 17 every single second I was on it,1,2026-08-05 16:21:15+00:00,1.1.0,US,had real expectation about this but let down madden mobile over heat every single second was,0,2
6759412341,EA College Football Mobile 27,Electronic Arts,14391428723,Awesomemeauxman,Yikes,"The graphics are super fuzzy. There's no expedition mode where you can just play a quick game and pick your opponent. 
I have a new, iPhone 17 with tons of available storage and the game overheats my phone. Why did EA release this game if it's borderline unplayable???",1,2026-08-05 15:43:30+00:00,1.1.0,US,the graphics are super fuzzy there's expedition mode where you can quick and pick your opponent have new with tons available storage and the overheats why did release this it's borderline unplayable,0,2
6759412341,EA College Football Mobile 27,Electronic Arts,14390452689,Natedawg””,CFB27,Wish you could play with current team rosters and play real games not just quick games,2,2026-08-05 10:54:05+00:00,1.1.0,US,wish you could with current team rosters and real not quick,7,2
6759412341,EA College Football Mobile 27,Electronic Arts,14390316039,wordmagnet,Storage,It says 1.8GB on the App Store but once downloaded it’s actually 25GB so just a warning that it’s gonna be hard to run.,2,2026-08-05 10:04:27+00:00,1.1.0,US,says the store but once downloaded actually warning that gonna hard run,7,2
6759412341,EA College Football Mobile 27,Electronic Arts,14390189958,eLdEn44,Controls,The controls are terrible to play with need to bring back the one from Madden mobile 22 and aside from the bad lag,2,2026-08-05 09:15:52+00:00,1.1.0,US,the controls are terrible with need bring back the one from madden mobile and aside from the lag,0,2
6759412341,EA College Football Mobile 27,Electronic Arts,14389664975,Gameoshorrible,Can even upload the game,"It is horrible, I can’t even get on the game because it’s stuck on 69% like come on if you gonna drop a mobile game do it right and fix this",1,2026-08-05 05:37:46+00:00,1.1.0,US,horrible can even the because stuck come you gonna drop mobile right and fix this,0,2
6779167923,Colony Flow!,ABI GLOBAL LTD.,14393809679,Dexlion,Fun but not for the colorblind,"Like I said, the game is fun, engaging, and addictive, but they use very similar colors and there is no option in the settings for colorblind friendly. It makes it hard to keep streaks needed for events and tasks. Discouraging.",1,2026-08-06 06:16:28+00:00,1.1.35,US,said the fun engaging and addictive but they use very similar colors and there option the settings for colorblind friendly hard keep streaks needed for events and tasks discouraging,0,10
6779167923,Colony Flow!,ABI GLOBAL LTD.,14392795249,Cptmorgan1023,App doesn’t work,Game won’t load past the grey startup screen.  Played to almost level 350 and now it won’t even open.,1,2026-08-05 23:29:29+00:00,1.1.35,US,won load past the grey startup screen almost level and now won even open,6,10
6779167923,Colony Flow!,ABI GLOBAL LTD.,14392686521,1Lsudokufan,Meh…,"The game is effectively broken on some levels to force you to use certain power ups and pay to advance. Like you’ll have a square that has ants left to play in it, but those colors no longer exist on the board. And it’s not because there’s items covered on the board. It’s just because that color is all played out. Not worth the hassle when other options exist.",1,2026-08-05 22:46:24+00:00,1.1.35,US,the effectively broken some levels force you use certain power ups and pay advance you have square that has ants left but those colors longer exist the board and not because there items covered the board because that color all out not worth the hassle when other options exist,5,10
6779167923,Colony Flow!,ABI GLOBAL LTD.,14392359794,AlexandriaDee/,Not Free to Play,There’s some levels that are impossible to beat unless you buy perks. Spent days on a level and realized it can only be beat by buying another space at the end. Not fair.,1,2026-08-05 20:42:21+00:00,1.1.35,US,there some levels that are impossible beat unless you buy perks spent days level and realized can only beat buying another space the end not fair,4,10
6779167923,Colony Flow!,ABI GLOBAL LTD.,14392338255,Sld1230,Do not play,The game forcibly opens SHEIN to trick you into getting there no ads feature and a partner with SHEIN so they get paid a commission every time the game forcibly opens the SHEIN app.,1,2026-08-05 20:34:39+00:00,1.1.35,US,the forcibly opens shein trick you into there ads feature and partner with shein they paid commission every the forcibly opens the shein,2,10
6779167923,Colony Flow!,ABI GLOBAL LTD.,14391961607,957204638,Would randomly open trackers,Tracking sites would randomly open as I was on this app even when I wouldn’t be touching the screen. The sites would have a url containing “tracker” then immediately redirect to a shien site or another random site.,1,2026-08-05 18:26:03+00:00,1.1.35,US,tracking sites would randomly open was this even when wouldn touching the screen the sites would have url containing tracker then immediately redirect shien site another random site,6,10
6779167923,Colony Flow!,ABI GLOBAL LTD.,14385384040,Tavo2026,Newest update bricked the game,"Newest update bricked the game. I could not play for over a day.  Now it finally loads but it reset me. I was on like level 150ish.  Now back to the bottom. So disappointing.
This was my favorite game",1,2026-08-04 04:17:41+00:00,1.1.33,US,newest update bricked the could not for over day now finally loads but reset was level ish now back the bottom disappointing this was favorite,4,10
553834731,Candy Crush Saga,King,14393443911,Dakdal,I keep getting a black screen.,I need help! I have a new iPhone and my Candy Crush app has frozen and I removed the app and then it works. I did it again today and lost all of my bonuses. Now I'm at a black screen again. Help me please. I'm at a high level.,1,2026-08-06 03:38:33+00:00,1.333.1.1,US,need help have new and candy crush has frozen and removed the and then works did again today and lost all bonuses now i'm black screen again help please i'm high level,6,3
553834731,Candy Crush Saga,King,14391020286,Merry bee from colossal,Why change the music?,"The old soundtrack was a classic, it brought a nostalgic feeling that cannot be replicated. Taking this away takes away the games soul. Please bring it back.",1,2026-08-05 13:49:35+00:00,1.333.1.1,US,the old soundtrack was classic brought nostalgic feeling that cannot replicated taking this away takes away the soul please bring back,0,3
553834731,Candy Crush Saga,King,14390953883,Sriv666,Experian ads are the worst!,"8/5/2026
Is it a coincidence that ads are suddenly popping up for things I googled yesterday???  Spying!

3/26/2026 update: The Experian ads are ridiculous. Pretty dancing girls, other things very unprofessional. Experian is supposed to be a trustworthy organization, but these ads minimize trust in them, despite what they say.
————-

The new version with portrait-mode-only stinks! And inappropriate ads are still there! ———— And why is there a GUN in one of your ads??? Bringing my rating down to 1 star! ———— Love the game, am at level 10442. However, some of the new ads are totally inappropriate for kids!! Considering abandoning the game! Update: this portrait-only mode isn’t even consistent. Some of the ads have to be viewed in landscape mode to get out of them. What a pain!! You people need to try your changes before they go live to see how they actually work!
——-
11/8/2023 there’s a problem with some of the ads.  I took a screen shot of a frozen ad for The New Edge 18K but can’t paste it here to show you.  You can’t get it to run, so you lose an opportunity for a booster!",1,2026-08-05 13:30:56+00:00,1.333.1.1,US,coincidence that ads are suddenly popping for googled yesterday spying update the experian ads are ridiculous pretty dancing girls other very unprofessional experian supposed trustworthy organization but these ads minimize trust them despite what they say the new version with portrait-mode-only stinks and inappropriate ads are still there and why there gun one your ads bringing rating down star the level however some the new ads are totally inappropriate for kids considering abandoning the update this portrait-only mode isn even consistent some the ads have viewed landscape mode out them what pain you people need try your changes before they live see how they actually work there problem with some the ads took screen shot frozen for the new edge but can paste here show you you can run you lose opportunity for booster,2,3
553834731,Candy Crush Saga,King,14387722888,Readermania,Bugs,Every time I get near level200 the game freezes on a daily reward spin. I have to delete the game.,2,2026-08-04 17:37:26+00:00,1.333.1.1,US,every near level the freezes daily reward spin have delete the,4,3
553834731,Candy Crush Saga,King,14387614479,Cristina008,Lost,I guess it updated and I lost all my progress. I was up to level 9145 and now I have to start over.,1,2026-08-04 17:04:32+00:00,1.333.1.1,US,guess updated and lost all progress was level and now have start over,4,3
553834731,Candy Crush Saga,King,14387174089,Wiakesha,AI to scam for money,What is the point of the fish? You create them to hit certain things and it does nothing! Don’t even award me with the stupid fish if it won’t even touch the stupid skeleton face. This game purposely makes you lose then gives you all the candy blast on your last move so you can spend money to beat the round.,1,2026-08-04 14:57:31+00:00,1.333.1.1,US,what the point the fish you create them hit certain and does nothing don even award with the stupid fish won even touch the stupid skeleton face this purposely you lose then gives you all the candy blast your last move you can spend money beat the round,1,3
553834731,Candy Crush Saga,King,14386911000,PicklLG,Level 18847 BORING AND STUPID,They have made these IMPOSSIBLE LEVELS to force you to PURCHASE TO PLAY this game. No fun anymore. Playing the same level 100s of times knowing you can’t pass it is BORING AND STUPID. Even full boosts don’t work. SAD AND PATHETIC GAME NOW.         👎🏻👎🏻👎🏻👎🏻👎🏻👎🏻👎🏻👎🏻👎🏻👎🏻👎🏻👎🏻👎🏻👎🏻👎🏻👎🏻👎🏻DONT WASTE YOUR TIME. NO FUN ANYMORE SAME BS OVER AND OVER.                                     👎🏻👎🏻👎🏻👎🏻👎🏻👎🏻👎🏻👎🏻👎🏻👎🏻👎🏻👎🏻👎🏻👎🏻👎🏻👎🏻👎🏻,1,2026-08-04 13:44:30+00:00,1.333.1.1,US,they have made these impossible levels force you purchase this fun anymore the same level knowing you can pass boring and stupid even full boosts don work sad and pathetic now dont waste your fun anymore same over and over,3,3
553834731,Candy Crush Saga,King,14386481883,Vanessa**^,Disappointed,Was on level about 6500 and the game wouldn’t load. Tried many attempts and was unsuccessful. Reinstalled the app and began on level one. Not on Facebook and feel this is a disappointing way your progress can be saved,1,2026-08-04 11:35:39+00:00,1.333.1.1,US,was level about and the wouldn load tried many attempts and was unsuccessful reinstalled the and began level one not facebook and feel this disappointing way your progress can saved,4,3
6757154335,Cube Land Puzzle Game,Rotatelab,14393860289,Alioninftmy,Ad pop ip during the game,"You had an app pop up during your game that was without question pornography. I will be reporting this to the Federal Trade Commission, Apple ad support, and provide a one-star rating on the app store. Entirely unacceptable for a game that minors play.",1,2026-08-06 06:38:33+00:00,0.4.2,US,you had pop during your that was without question pornography will reporting this the federal trade commission support and provide one-star rating the store entirely unacceptable for that minors,0,10
6757154335,Cube Land Puzzle Game,Rotatelab,14392621073,Bradcephus,Player,There is no strategy to this game you clear one row at a time and the game finishes itself when it gets down to the last few blocks,2,2026-08-05 22:20:32+00:00,0.4.2,US,there strategy this you clear one row and the finishes itself when down the last few blocks,0,10
6757154335,Cube Land Puzzle Game,Rotatelab,14386556714,JF-7810,It’s ok but MASSIVE ADS,This is an ok game.  First 30 are without adds and then it levels up like you been missing water for months.  Ads after ads after every round.  Very annoying and after round 100 you are forced to use items to get to the next round forcing you to buy something.  It is becoming a waste of time and you will delete the app within a few days of downloading.,1,2026-08-04 11:59:53+00:00,0.4.2,US,this first are without adds and then levels you been missing water for months ads after ads after every round very annoying and after round you are forced use items the next round forcing you buy something becoming waste and you will delete the within few days downloading,2,10
6757154335,Cube Land Puzzle Game,Rotatelab,14385326101,notRicePot,Can no longer play offline,Latest update now requires Internet to launch the app,1,2026-08-04 03:54:00+00:00,0.4.2,US,latest update now requires internet launch the,0,10
6757154335,Cube Land Puzzle Game,Rotatelab,14385137089,lmkinz,there needs to be another option besides spending money,When the boxes get filled up and you need to spend coins instead of watching an ad to continue,1,2026-08-04 02:40:58+00:00,0.4.2,US,when the boxes filled and you need spend coins instead watching continue,0,10
6757154335,Cube Land Puzzle Game,Rotatelab,14385075902,J._E._J.,Same ol’ greedy cash grab,"Just like so many other shoot down the colors to clear the board games, except this one has a satisfying 3D aspect that allows you to rotate the puzzle. However, unlike the other similar games, the shooters don’t circle the board, so you can’t “juggle” extra shooters (e.g., keep four in their spaces and send extra ones around the board). Right away this game is harder than others. What’s the same is that you don’t earn coins fast enough to buy power ups and the levels get impossible to solve without power ups. The developers are just trying to get you to pay real money to keep playing by making impossible or unfair levels. Why doesn’t one of these games offer an “endless play” option, maybe for a slightly higher, but one-time, price? Sadly, I will be deleting this game just like all the others.",2,2026-08-04 02:18:35+00:00,0.4.2,US,many other shoot down the colors clear the board except this one has satisfying aspect that allows you rotate the puzzle however unlike the other similar the shooters don circle the board you can juggle extra shooters keep four their spaces and send extra ones around the board right away this harder than others what the same that you don earn coins fast enough buy power ups and the levels impossible solve without power ups the developers are trying you pay real money keep impossible unfair levels why doesn one these offer endless option maybe for slightly higher but one-time price sadly will deleting this all the others,4,10
6757154335,Cube Land Puzzle Game,Rotatelab,14384937587,skootter69,Scam game,"Some levels have no natural way to solve without purchasing or using power ups. I hate games like this, each level should have a natural way of winning or it’s a scam, this game… SCAM!",1,2026-08-04 01:28:48+00:00,0.4.2,US,some levels have natural way solve without purchasing using power ups hate this each level should have natural way winning scam this scam,6,10
6757154335,Cube Land Puzzle Game,Rotatelab,14384742891,BchBumm,App Takes Forever To Open (update),"Well many hours later it finally launched.  

Frustrating part is like many app that have issues launching they always tell you to delete and reinstall.   Well I did that and now I have to start from puzzle 1 all over again. 

This app isn’t worth my time.  👋 👋 

—-

Update:  The app won’t launch and I own an iPhone 17 ProMax.  😡 

The app and few updates over the last week or so and the app still takes over 5 minutes to launch.  

Piss poor UT (user acceptance) testing you do before rolling out the final version.

PS there’s no way to report issue from their website.",1,2026-08-04 00:16:55+00:00,0.4.2,US,well many hours later finally launched frustrating part many that have issues launching they always tell you delete and reinstall well did that and now have start from puzzle all over again this isn worth update the won launch and own promax the and few updates over the last week and the still takes over minutes launch piss poor user acceptance testing you before rolling out the final version there way report issue from their website,7,10
6449094229,Match Factory!,Peak Games,14387045884,Quilter94,Beware,"I am addicted to this game. I loved it. But THEN, as I had a few cards left to achieve the grand prize, the card game shifts and I am back to card one. What the heck!!  I’ve been playing this for DAYS. 
VERY disappointed and may need a new addiction. Dang!!!",2,2026-08-04 14:22:00+00:00,1.73.68,US,addicted this loved but then had few cards left achieve the grand prize the card shifts and back card one what the heck been this for days very disappointed and may need new addiction dang,7,3
6449094229,Match Factory!,Peak Games,14385100492,Sarah30152,Rip Off,"This game, and another one by the same creators, Toon Blast, will charge you for in-app purchases that you didn’t make if you’re not watching carefully. I have made some purchases the past, but I did not purchased anything recently, and I was charged $12.70 for two purchases that I definitely did not make. Apple denied my request for a refund. I am appealing this, but I won’t be surprised if this is denied also. Quite a scam…..",1,2026-08-04 02:27:35+00:00,1.73.68,US,this and another one the same creators toon blast will charge you for in-app purchases that you didn you not watching carefully have made some purchases the past but did not purchased anything recently and was charged for two purchases that definitely did not denied request for refund appealing this but won surprised this denied also quite scam,7,3
6449094229,Match Factory!,Peak Games,14384601582,Cnuwmb9628,Who says there aren’t ads???,"I love matching games but this one is annoying. If you lose a level, you can’t advance without having to pound out a 1000 times it seems of another loser app/game they want you to try.",1,2026-08-03 23:22:56+00:00,1.73.68,US,matching but this one annoying you lose level you can advance without having pound out seems another loser they you try,4,3
543186831,8 Ball Pool™,Miniclip.com,14393662356,Paris Couture,I hate this game,I lost to the same left lower hole and I got so angry I have hemerroids,1,2026-08-06 05:11:35+00:00,56.27.0,US,lost the same left lower hole and angry have hemerroids,0,2
543186831,8 Ball Pool™,Miniclip.com,14393395202,postplaksa,NONSTOP BOT GAMES,Get RID of the bots!!! So annoying,1,2026-08-06 03:19:08+00:00,56.27.0,US,rid the bots annoying,0,2
543186831,8 Ball Pool™,Miniclip.com,14392267470,Aziznet,Really,"So many unreal and inconvenient things , what do you mean when I hit the ball in the target It’s sticks in the goal area a  instead of going into the goal when it’s real easy and straight line ¡",1,2026-08-05 20:09:26+00:00,56.27.0,US,many unreal and inconvenient what you mean when hit the ball the target sticks the goal area instead going into the goal when real easy and straight line,0,2
543186831,8 Ball Pool™,Miniclip.com,14391854216,Hold the bed,Stupid game ever,"All they care about is getting you to spend real money on their worthless in game coins , and they still find ways to cheat you",1,2026-08-05 17:51:10+00:00,56.27.0,US,all they care about you spend real money their worthless coins and they still find ways cheat you,1,2
543186831,8 Ball Pool™,Miniclip.com,14390584827,Snapwouldbesomuchbetter,Rigged & bots,The game predetermines when it wants you to scratch.. you could have the perfect shot on the 8ball with no spin on the cue and somehow will roll in a random direction into a pocket. Also this game has bots. I’d say 1-8 players are not real people. You’ll know when they’re missing every shot while using full force.,2,2026-08-05 11:38:46+00:00,56.27.0,US,the predetermines when wants you scratch you could have the perfect shot the ball with spin the cue and somehow will roll random direction into pocket also this has bots say are not real people you know when they missing every shot while using full force,0,2
543186831,8 Ball Pool™,Miniclip.com,14390146919,Okubba,Nonsense,Rubbish with connection cheats,1,2026-08-05 08:58:43+00:00,56.27.0,US,rubbish with connection cheats,0,2
6780891673,Royal Smash! - Physics Puzzle,Cypher Games,14391225257,Harper&Hounds,The Song Won't STOP!!!,Please make it stop! It follows through ads on other gaming sites & WILL NOT STOP!! Please fix this. I am about ready to run my phone over with my truck!!,1,2026-08-05 14:46:18+00:00,1.6,US,please stop follows through ads other sites will not stop please fix this about ready run over with truck,2,10
6780891673,Royal Smash! - Physics Puzzle,Cypher Games,14385260494,goddessbj,"Well made game with power ups, a locked booster option, but the levels get very difficult","Pro tip for the developers: when you make a level so difficult that you can only win it with cheats, it's no longer a skill game. 

I like the variety of the backgrounds, the physics seem to be pretty dead on except for when shooting over a front table that has objects on it, the ads are so frequent as to be obnoxious unless you pay for no ads, but what really gets me is that this game, like too many others, thinks that users want the game to get so difficult that even regular levels take multiple tries (either that or it is an attempted money grab by the developers). Good job on taking a fun game and turning it into a fun suck.",2,2026-08-04 03:27:57+00:00,1.6,US,pro tip for the developers when you level difficult that you can only win with cheats it's longer skill the variety the backgrounds the physics seem pretty dead except for when shooting over front table that has objects the ads are frequent obnoxious unless you pay for ads but what that this too many others thinks that users the difficult that even regular levels take multiple tries either that attempted money grab the developers job taking fun and turning into fun suck,5,10
6780891673,Royal Smash! - Physics Puzzle,Cypher Games,14382622752,*<(:-)-<-<|,Don’t be ridiculous!!,Players can easily see through the aim of this app: get money from the gamer.  It’s obvious that the same bricks that were easy to topple in one level are impossible to topple in other levels.,1,2026-08-03 12:59:15+00:00,1.6,US,can easily see through the aim this money from the gamer obvious that the same bricks that were easy topple one level are impossible topple other levels,4,10
6780891673,Royal Smash! - Physics Puzzle,Cypher Games,14378214966,CatieA12,Boring,Same block set up over and over and over and over again. Lazy developers and wayyyyyy too many ads.,2,2026-08-02 10:56:29+00:00,1.6,US,same block set over and over and over and over again lazy developers and wayyyyyy too many ads,2,10
6780891673,Royal Smash! - Physics Puzzle,Cypher Games,14375279268,My truck Perry,Very disappointing,It starts off fun. Then every time you stop playing and you come back the next day you have to repeat 5 to 15 levels. Very disappointing. I contacted customer support a week ago. Have not heard anything. I don’t think it exist. Don’t bother if you wanna keep playing the same game over and over.,1,2026-08-01 16:19:26+00:00,1.6,US,starts off fun then every you stop and you come back the next day you have repeat levels very disappointing contacted customer support week ago have not heard anything don think exist don bother you wanna keep the same over and over,0,10
1193508329,Sudoku.com - Number Games,Easybrain Ltd,14393471129,Bobdobie,Too many adds,Game is unplayable with all the adds. I don’t mind some adds but getting multiple adds before I even finish one game is ridiculous,1,2026-08-06 03:49:40+00:00,7.17.1,US,unplayable with all the adds don mind some adds but multiple adds before even finish one ridiculous,0,3
1193508329,Sudoku.com - Number Games,Easybrain Ltd,14393464454,fudd125,Paid for no ads but still have ads,"Its great, but I paid to get rid of the annoying ads every three seconds and yet they are still there. Ridiculous",2,2026-08-06 03:46:55+00:00,7.17.1,US,its but paid rid the annoying ads every three seconds and yet they are still there ridiculous,2,3
1193508329,Sudoku.com - Number Games,Easybrain Ltd,14393064638,Dan Nem.,Ads too frequent.,I get an ads way too often. Often almost every minute. This makes the app unbearable to play.,1,2026-08-06 01:13:22+00:00,7.17.1,US,ads way too often often almost every minute this the unbearable,6,3
1193508329,Sudoku.com - Number Games,Easybrain Ltd,14392964909,Arkentre,Ad littered trash,"3 ads within 2 minutes, absolutely garbage. I’d rather buy some books than support this bs.",1,2026-08-06 00:35:35+00:00,7.17.1,US,ads within minutes absolutely garbage rather buy some books than support this,3,3
1193508329,Sudoku.com - Number Games,Easybrain Ltd,14392919082,JDB esq,More Ads than Sudoku,"This game has more ads than Sudoku, grab a different app",1,2026-08-06 00:17:59+00:00,7.17.1,US,this has more ads than sudoku grab different,2,3
1193508329,Sudoku.com - Number Games,Easybrain Ltd,14391333551,In\/isible Kid,WAY too many Add,"9 Ads during a single game.  Love the game but when there are more advertisements than actual game play, can’t do it.",1,2026-08-05 15:16:33+00:00,7.17.1,US,ads during single the but when there are more advertisements than actual can,2,3
1193508329,Sudoku.com - Number Games,Easybrain Ltd,14390179451,Allthemaretaken,ads.,TOO MANY ADS IM SICK OF IT ITS LIKE A PUNISHMENT FOR WINNING,2,2026-08-05 09:11:45+00:00,7.17.1,US,too many ads sick its punishment for winning,2,3
1193508329,Sudoku.com - Number Games,Easybrain Ltd,14389914304,Paola.styles,Too many ads,WAYYYYYY too many ads. Can’t even finish one game without ads popping up. Yes ADS as in plural,1,2026-08-05 07:23:27+00:00,7.17.1,US,wayyyyyy too many ads can even finish one without ads popping yes ads plural,2,3
1193508329,Sudoku.com - Number Games,Easybrain Ltd,14389165730,Scotty Utah,Too many ads,I hate all the ads with this app,1,2026-08-05 02:16:08+00:00,7.17.1,US,hate all the ads with this,2,3
1193508329,Sudoku.com - Number Games,Easybrain Ltd,14388971548,Athleticly Overweight Fan,Too many ads,The ads in this game are debilitating every time you fill in two squares there’s an ad. It’s hard to build up any momentum while solving the puzzles.,2,2026-08-05 01:05:02+00:00,7.17.1,US,the ads this are debilitating every you fill two squares there hard build any momentum while solving the puzzles,2,3
1193508329,Sudoku.com - Number Games,Easybrain Ltd,14388966166,Anon78889,Too many ads,"Way too many ads in a single game of Sudoku. More time on ads than actual gameplay. Also, it seems like the area to apply an auto-lock number has a faulty margin and forces errors which forces more ads. I’ll be deleting.",1,2026-08-05 01:03:04+00:00,7.17.1,US,way too many ads single sudoku more ads than actual gameplay also seems the area apply auto-lock number has faulty margin and forces errors which forces more ads deleting,2,3
1193508329,Sudoku.com - Number Games,Easybrain Ltd,14387692157,Sigmaes1337,Ad central,"Way too many ads, and it’s concerning how they still bypass a firewall based ad blocker.",1,2026-08-04 17:27:56+00:00,7.17.1,US,way too many ads and concerning how they still bypass firewall based blocker,6,3
1193508329,Sudoku.com - Number Games,Easybrain Ltd,14387542516,Joe averaged,Added adds,Ruin the app you get and add every 3 minutes it destroys the game.,1,2026-08-04 16:43:03+00:00,7.17.1,US,ruin the you and add every minutes destroys the,3,3
1193508329,Sudoku.com - Number Games,Easybrain Ltd,14385353324,Doodle_Bug4,The ad,I downloaded this game just to complain about their ads. If you make me press eight different x’s for it to just take me to the App Store then you just make me want to play your game less and less.,1,2026-08-04 04:04:57+00:00,7.17.1,US,downloaded this complain about their ads you press eight different for take the store then you your less and less,2,3
1193508329,Sudoku.com - Number Games,Easybrain Ltd,14381467165,JW.TTOG,Ads mid game,"Ads started the second time I opened the app and started playing even during games, interrupting me multiple times during a single game. Deleted the app after second time opening it.",1,2026-08-03 05:47:43+00:00,7.17.1,US,ads started the second opened the and started even during interrupting multiple during single deleted the after second opening,2,3
6503697761,Playtest Pro by BestPlay,Bestplay Systems,14392616621,Lillian058,Haven’t been able to play or collect my money in over a month,"It’s been a month and a half and I was playing and all of a sudden it just stopped. I’ve been contact you man and they talking about. They don’t know how long the air is gonna be like that but I tried it on my android phone and the app works fine, but on my iPhone, it stopped working. I don’t get it. I had money on my iPhone from the app and I can’t get it now this is a scam. Please escalate my thread to whoever they told me to escalate it to. They didn’t say what department they said escalated. I need my money.",1,2026-08-05 22:18:49+00:00,3.5.1,US,been month and half and was and all sudden stopped been contact you man and they talking about they don know how long the air gonna that but tried android and the works fine but stopped working don had money from the and can now this scam please escalate thread whoever they told escalate they didn say what department they said escalated need money,1,6
6503697761,Playtest Pro by BestPlay,Bestplay Systems,14392473930,xomb6,3 hours for $2.40?!?!??!!!!!,"This app and every single one like it are predatory time wasters!!!! I actually like a couple of the games they had me test but the time you have to put into them to get literal scraps is not only insulting but should be criminal! And don’t get me started about the ads! Literally in between every single level is an ad that lasts at least a minute and the “x” button remains hidden until the option to download whatever the ad is showing and you have to exit from THAT then wait 5 more seconds to get the “x” and god help you if you miss the “x”. Truly criminal activity if ever I saw! I hate, HATE, the people who created this app and hope all us disgruntled users get involved with a class action lawsuit against them!!! You guys suck for wasting my time! I could’ve made more money picking up cans on the side of the dam road in the same amount of time!!!",1,2026-08-05 21:24:15+00:00,3.5.1,US,this and every single one are predatory wasters actually couple the they had test but the you have put into them literal scraps not only insulting but should criminal and don started about the ads literally between every single level that lasts least minute and the button remains hidden until the option download whatever the showing and you have exit from that then wait more seconds the and god help you you miss the truly criminal activity ever saw hate hate the people who created this and hope all disgruntled users involved with class action lawsuit against them you guys suck for wasting could made more money picking cans the side the dam road the same amount,4,6
6503697761,Playtest Pro by BestPlay,Bestplay Systems,14386761993,hix5512,Was great not so much now,When I started I really enjoyed playing and the ads were there but not too bad. Now you cannot play a game without having an ad every thirty seconds. I just played for five minutes and was able to actuallplay the game once. The rest of the time was ads. You do something in the game here is an ad. You want the boost here is an ad. Want to simply go back to the home page and another ad. It is so frustrating. I truly enjoyed it when I started but now there are too many ads.,1,2026-08-04 13:01:59+00:00,3.5.1,US,when started enjoyed and the ads were there but not too now you cannot without having every thirty seconds for five minutes and was able actuallplay the once the rest the was ads you something the here you the boost here simply back the home page and another frustrating truly enjoyed when started but now there are too many ads,2,6
6756185760,Search It - Hidden Objects,LEAP BILISIM TEKNOLOJILERI VE YAZILIM TICARET ANONIM SIRKETI,14393777035,KendraLP94,AI Slop,Instant delete. I didn’t even make it through one level. Hire real artists.,1,2026-08-06 06:02:11+00:00,1.3.1,US,instant delete didn even through one level hire real artists,4,3
6756185760,Search It - Hidden Objects,LEAP BILISIM TEKNOLOJILERI VE YAZILIM TICARET ANONIM SIRKETI,14393317475,Greywacky,Timer s/b optional,"I was enjoying the game until you decided to put a timer on it. Time limits make the game more “challenging” (stressful), not relaxing. Why not make the timer optional? I can’t see how to turn it off, so I’m deleting the app.",2,2026-08-06 02:48:39+00:00,1.3.1,US,was enjoying the until you decided put timer limits the more challenging stressful not relaxing why not the timer optional can see how turn off deleting the,0,3
6756185760,Search It - Hidden Objects,LEAP BILISIM TEKNOLOJILERI VE YAZILIM TICARET ANONIM SIRKETI,14385334213,Bigtimemamma,AI generated images,Could have been fun but I’ll be staying away from ai. Hire real artists,1,2026-08-04 03:57:10+00:00,1.3.1,US,could have been fun but staying away from hire real artists,3,3
6756185760,Search It - Hidden Objects,LEAP BILISIM TEKNOLOJILERI VE YAZILIM TICARET ANONIM SIRKETI,14379627575,madnesia,ai slop,all of the levels are made with ai,1,2026-08-02 18:10:40+00:00,1.3.1,US,all the levels are made with,4,3
1389111413,Hole.io,Voodoo,14393810151,Spaceyleee,Lost the Plot,"The old version of the game is far superior. We’ve lost vanity hole cool functionality, playing with friends, mode selection, no pay walls, and individual challenges. I’ve enjoyed this game since the launch, I don’t anymore. It’s boring and repetitive and feels like a child’s game. I’m absolutely astounded that you’ve ruined all features that make it one to come back to. Theres still mini cows, no challenge to win a hole though. You open the app to watch ads, it requires 0 skill. There’s nothing really like this game and you tanked it.",1,2026-08-06 06:16:40+00:00,2.49.4,US,the old version the far superior lost vanity hole cool functionality with friends mode selection pay walls and individual challenges enjoyed this since the launch don anymore boring and repetitive and feels child absolutely astounded that you ruined all features that one come back theres still mini cows challenge win hole though you open the watch ads requires skill there nothing this and you tanked,5,10
1389111413,Hole.io,Voodoo,14393552054,Grimserver,This sucks,The game has way too many adds it’s supposed to be a game not an add simulator,1,2026-08-06 04:23:27+00:00,2.49.4,US,the has way too many adds supposed not add simulator,6,10
1389111413,Hole.io,Voodoo,14392804390,Breezy00002,The game had potential but,"The game is quite repetitive and not worth all of the ads. The game has ads every 20-30 seconds and they want each game round to be 15 minutes. That’s more ads than actual game playing. Make sure to read REAL reviews and not the ones they’re doing themselves. If I would’ve read the reviews (most recent) not “most helpful” I wouldn’t have downloaded. It’s really 1/5 stars, but I heard 2 star reviews stick longer so I’ll give it a 2.",2,2026-08-05 23:33:04+00:00,2.49.4,US,the quite repetitive and not worth all the ads the has ads every seconds and they each round minutes that more ads than actual sure read real reviews and not the ones they doing themselves would read the reviews most recent not most helpful wouldn have downloaded stars but heard star reviews stick longer give,2,10
1389111413,Hole.io,Voodoo,14392384899,Jeffjhgff,Bad gameplay,I went on the ad and they would not let me try it out so I downloaded the game and as soon as I got on O got 12 ads in 3 minutes this game also is bad for children,1,2026-08-05 20:51:31+00:00,2.49.4,US,went the and they would not let try out downloaded the and soon ads minutes this also for children,3,10
1389111413,Hole.io,Voodoo,14392337131,Brittany Bri,Levels,I’m on level 235 still doing the same boards but I see the game on fb or ig with different levels same game why am I not doing the different levels,1,2026-08-05 20:34:17+00:00,2.49.4,US,level still doing the same boards but see the with different levels same why not doing the different levels,4,10
1389111413,Hole.io,Voodoo,14392299970,Miami2Ibiza,Way too many ads,"This game is not what it used to be and I can’t go one minute without an advertisement getting in my way of playing. Also the photo for the game is lazy, uncreative because its ai",2,2026-08-05 20:20:57+00:00,2.49.4,US,this not what used and can one minute without advertisement way also the photo for the lazy uncreative because its,6,10
1389111413,Hole.io,Voodoo,14391031354,Kayshep89,Crashing out,The game keeps making me watch adds in the middle of the game. Only now the adds won’t load and I have to restart the whole game. It’s getting to the point I’m about to delete the game. Other than that I love the game so please fix it,1,2026-08-05 13:52:42+00:00,2.49.4,US,the keeps watch adds the middle the only now the adds won load and have restart the whole the point about delete the other than that the please fix,0,10
1389111413,Hole.io,Voodoo,14390381199,Souper226$226,Why's there ads in between the game,"Like there's ads while you're in the middle of eating in a match. What is this? And the map rotation, they haven't updated it years it seems. So focused on putting as many ads as possible. So not fun.",1,2026-08-05 10:28:36+00:00,2.49.4,US,there's ads while you're the middle eating match what this and the map rotation they haven't updated years seems focused putting many ads possible not fun,3,10
1389111413,Hole.io,Voodoo,14390232018,Polnfydbtfh,Too many ads,An ad every minute while playing a level is ridiculous,1,2026-08-05 09:32:18+00:00,2.49.4,US,every minute while level ridiculous,4,10
1389111413,Hole.io,Voodoo,14390216560,ophelia_03,Needs more maps and goals,"I love this game, but the same maps over and over make my eyes want to fall out. MAKE NEW MAPS PLEASE. ITS BEEN YEARS I BEG OF YOU🙏. That and if I’m going to earn coins than I need something to spend the coins on. Currently I have so many coins but literally nothing to use them for.",2,2026-08-05 09:26:22+00:00,2.49.4,US,this but the same maps over and over eyes fall out new maps please its been years beg you that and going earn coins than need something spend the coins currently have many coins but literally nothing use them for,0,10
1389111413,Hole.io,Voodoo,14388576418,Darinbee,Ads ruin the game,"Fun game but ads impossible to know when they end, overall experience sucks.",1,2026-08-04 22:33:02+00:00,2.49.4,US,fun but ads impossible know when they end overall experience sucks,3,10
1389111413,Hole.io,Voodoo,14388367551,hdhdjsvsjsj,Ads,gives me 2-3 ads PER GAME and before and after,1,2026-08-04 21:13:44+00:00,2.49.4,US,gives ads per and before and after,2,10
1389111413,Hole.io,Voodoo,14385843350,WalidAna,Ads,Way too many ads literally unplayable,1,2026-08-04 07:31:44+00:00,2.49.4,US,way too many ads literally unplayable,6,10
1389111413,Hole.io,Voodoo,14385631094,samantha_bin,this game is not how it used to be,way to many ads interrupting the game it’s not even fun to play no more cause you can’t go 5 seconds without a ad and requires internet for this dumb game when you don’t even play real people save your time and don’t download this unless you like not even being able to play a full uninterrupted game,1,2026-08-04 06:02:40+00:00,2.49.4,US,way many ads interrupting the not even fun more cause you can seconds without and requires internet for this dumb when you don even real people save your and don download this unless you not even being able full uninterrupted,3,10
1389111413,Hole.io,Voodoo,14385181298,Tori7911,Terrible ads,Ads kill this game. Getting one every 30 seconds is ridiculous. No point in playing.,1,2026-08-04 02:57:39+00:00,2.49.4,US,ads kill this one every seconds ridiculous point,2,10
6751794501,Cash Avalanche:Casino Slot,"RELLGO, INC.",14392562244,Kten38,B.S.,"This app is B.S.
I signed  up and only got .03 in SC. 
That’s not even 1 credit.",1,2026-08-05 21:57:48+00:00,1.9.0,US,this signed and only that not even credit,0,9
6751794501,Cash Avalanche:Casino Slot,"RELLGO, INC.",14390940819,JerseyBoyRob1971,Ummm what?,"Not happy. I downloaded the and was immediately charged $17.  Then, I signed up for an account and was then charged an additional $21. This game is supposed to be free.  Having been charged $38 right off the bat was not expected and I’m extremely frustrated with this.  Who do I contact for for a refund. I certainly wouldn’t have signed up for this game had I known those charges were going to happen. I want my money back. As I now plan on not playing at all. I’m very upset about this.  FALSE ADVERTISING!  Beware before you download this game.",1,2026-08-05 13:27:10+00:00,1.9.0,US,not happy downloaded the and was immediately charged then signed for account and was then charged additional this supposed free having been charged right off the bat was not expected and extremely frustrated with this who contact for for refund certainly wouldn have signed for this had known those charges were going happen money back now plan not all very upset about this false advertising beware before you download this,7,9
6751794501,Cash Avalanche:Casino Slot,"RELLGO, INC.",14390246932,Melly9120,Don’t download game,Takes all ur money a. Extremely low jackpots,1,2026-08-05 09:38:04+00:00,1.9.0,US,takes all money extremely low jackpots,1,9
6751794501,Cash Avalanche:Casino Slot,"RELLGO, INC.",14389414649,Uncle Sam1637829193,Scam,Basically every game requires you to play with real cash instead of in game coin and I’m pretty sure the odds are in favor of the company,1,2026-08-05 03:51:58+00:00,1.9.0,US,basically every requires you with real cash instead coin and pretty sure the odds are favor the company,0,9
6751794501,Cash Avalanche:Casino Slot,"RELLGO, INC.",14383878829,Nicejob16352,Bug,I paid for spins and the game is not letting me use it.,1,2026-08-03 19:04:37+00:00,1.9.0,US,paid for spins and the not letting use,0,9
6751794501,Cash Avalanche:Casino Slot,"RELLGO, INC.",14383496989,Dddessghjj,BEWARE,The app will not pay out. They will say your redemption is processing and then cancel it saying “they couldn’t send the money and reclaim” once that happens when you click customer service it’s a blank white screen and you can no longer speak with someone. Takes your money instantly but refuses to pay out.,1,2026-08-03 17:06:12+00:00,1.9.0,US,the will not pay out they will say your redemption processing and then cancel saying they couldn send the money and reclaim once that happens when you click customer service blank white screen and you can longer speak with someone takes your money instantly but refuses pay out,5,9
6751794501,Cash Avalanche:Casino Slot,"RELLGO, INC.",14383327992,Arronwilkes,Waste of time game,Don’t try this app waste of time,1,2026-08-03 16:16:45+00:00,1.9.0,US,don try this waste,1,9
6751794501,Cash Avalanche:Casino Slot,"RELLGO, INC.",14382178355,Bac am,Bad customer service,They did not give me half of my winnings as the slots were messing up and it said I won but never gave me my winnings. I did not receive a lot of my free spins either from some of the features. I reached out to customer service and provided screenshots like they ask for them to push me off and say better luck next time! Don’t download this game they are crooks.,1,2026-08-03 10:34:40+00:00,1.9.0,US,they did not give half winnings the slots were messing and said won but never gave winnings did not receive lot free spins either from some the features reached out customer service and provided screenshots they ask for them push off and say better luck next don download this they are crooks,7,9
6751794501,Cash Avalanche:Casino Slot,"RELLGO, INC.",14380517962,Nomom65,Horrible app,Payouts are horrible rewards terrible!! This is a scam,1,2026-08-02 23:31:16+00:00,1.9.0,US,payouts are horrible rewards terrible this scam,0,9
6751794501,Cash Avalanche:Casino Slot,"RELLGO, INC.",14380038977,Honesttruthzta36679,Scam!!!!!!‼️‼️‼️‼️‼️,This app is a  scam you have to add money to get money and they’re false advertising the $20 for newcomers,1,2026-08-02 20:28:26+00:00,1.9.0,US,this scam you have add money money and they false advertising the for newcomers,1,9
6751794501,Cash Avalanche:Casino Slot,"RELLGO, INC.",14379838878,Deaonsy,Do not download this app,Do not download this app .. I put $30 on the app and I played in won $575 and they did not cash me out.. they asked for a screenshot of something that never went in into my account.. do not download the app the money and everything is fake… they will  not let you get the money you have won,1,2026-08-02 19:19:51+00:00,1.9.0,US,not download this put the and won and they did not cash out they asked for screenshot something that never went into account not download the the money and everything fake they will not let you the money you have won,1,9
6751794501,Cash Avalanche:Casino Slot,"RELLGO, INC.",14379146033,MagicJAlien,“Processing Pay Out”,"I have been waiting for weeks for my payout. My PayPal account failed twice, so I tried a different method. Then, I try to contact support as it prompts me to do, and all I get is a white page with no way to actually communicate anything to anyone. I’m ready to report them, but I don’t know how. Time to do some research.",1,2026-08-02 15:44:49+00:00,1.9.0,US,have been waiting for weeks for payout paypal account failed twice tried different method then try contact support prompts and all white page with way actually communicate anything anyone ready report them but don know how some research,0,9
6751794501,Cash Avalanche:Casino Slot,"RELLGO, INC.",14378019003,Jfrales,Don’t waste your time.,"If you’re going to gamble, and risk losing, you should at least do it with a casino that pays you out right away. I mean, it didn’t take them 3 days to get my money. There are much better choices.",1,2026-08-02 09:39:39+00:00,1.9.0,US,you going gamble and risk losing you should least with casino that pays you out right away mean didn take them days money there are much better choices,7,9
6446197181,Glow Fashion Idol,Crazy Labs,14392833375,ALK2014,Cute but getting to be like the rest of the apps,"It seems like this app just like the rest, are money hungry. They make it hard to get coins and diamonds but in order to complete missions you have to upgrade things. I’ve had one dress I’ve been saving to upgrade and thought I was close and when I went to look at it again, they upped the amount it costs to upgrade them. Cute but not cute enough to spend money on it like that.",2,2026-08-05 23:44:29+00:00,1.1.2,US,seems this the rest are money hungry they hard coins and diamonds but order complete missions you have upgrade had one dress been saving upgrade and thought was close and when went look again they upped the amount costs upgrade them cute but not cute enough spend money that,1,3
6446197181,Glow Fashion Idol,Crazy Labs,14388979553,Marvelmyhorse4ever,Fix the bugs,I have been playing this game for a while now and I really like it however even with this latest update there are still bugs. I cannot play without it shutting down. I will not be playing until you guys fix it.,1,2026-08-05 01:07:54+00:00,1.1.2,US,have been this for while now and however even with this latest update there are still bugs cannot without shutting down will not until you guys fix,0,3
6446197181,Glow Fashion Idol,Crazy Labs,14387875482,ajacjlrvk,Not recieving rewards,Not recieving rewards after watching ads and getting booted randomly from competitions is INFURIATING,2,2026-08-04 18:25:47+00:00,1.1.2,US,not recieving rewards after watching ads and booted randomly from competitions infuriating,2,3
6446197181,Glow Fashion Idol,Crazy Labs,14382650692,YanDaDon31,Not working properly,Literally cannot go past level 7. Was beginning to be a wonderfully edited version of a game in familiar with but then it glitched froze and I cannot do anything.,1,2026-08-03 13:07:27+00:00,1.1.1,US,literally cannot past level was beginning wonderfully edited version familiar with but then glitched froze and cannot anything,4,3
6446197181,Glow Fashion Idol,Crazy Labs,14379556210,HeatherMitchell84,Keeps crashing,"I love the game but I’ll be in the middle of a task and the whole game crashes. I’ll have to start all over, it does it pretty much every 15/20 minutes",2,2026-08-02 17:48:00+00:00,1.1.1,US,the but the middle task and the whole crashes have start all over does pretty much every minutes,3,3
6446197181,Glow Fashion Idol,Crazy Labs,14375868730,Bored_Fate,Ai ads,I immediately deleted the app when I started seeing the ai ads they are using to advertise it. Extremely disappointing.,1,2026-08-01 19:27:34+00:00,1.1.1,US,immediately deleted the when started seeing the ads they are using advertise extremely disappointing,2,3
6446197181,Glow Fashion Idol,Crazy Labs,14373066770,Lateacher65,Too Much $$ !!,"At first I was totally addicted to this game, and started buying small things here and there. But it adds up quick and it seems like the more you buy, the more pressure there is to buy.

For example, I loved doing the missions where I got to dress up my clients. Then it began with “you need to power up to get enough pts to complete this mission” & you don’t have enough coins. Next, it was “you have to buy this dress in a certain color etc” to complete this mission. Now, I’m completely stuck with some ridiculous requirement that I can’t fulfill and calculated I’d have to spend about $20-$30 to fulfill the requirements and finish the mission!! Forget it, that’s real $ and I’ve spent enough already!

So I thought if I just left the mission incomplete I could move on and get another mission, but instead I’ve been stuck on that same mission for several days now! NO NEW missions have been assigned to me!

Then they give you  fun games to play, but of course you have to buy pieces, or yarn, etc. to make a move and complete it! (More $$ !!)

Then there were other ways to earn rewards, like the chain rewards. Spend $2.99 and unlock this rewards + 2 free ones. Except the last TWO or THREE times I paid, the free rewards kept saying “video is unavailable right now, check back later” and I NEVER got my free stuff! Also, the daily rewards you’d get free stuff, until those began saying the same thing for the last 4 or more times “video unavailable” so no free rewards!

It’s funny how things don’t work when it’s free, but they’re working fine when it comes to taking my $$!!!

As much as I fell in love with this game, I’m quickly falling OUT of love and may soon have to delete the app if I can’t move on & videos continue to be unavailable for the free stuff!! I’m becoming more & more disappointed each day. 😒",2,2026-08-01 03:20:07+00:00,1.1.1,US,first was totally addicted this and started buying small here and there but adds quick and seems the more you buy the more pressure there buy for example loved doing the missions where dress clients then began with you need power enough pts complete this mission you don have enough coins next was you have buy this dress certain color etc complete this mission now completely stuck with some ridiculous requirement that can fulfill and calculated have spend about fulfill the requirements and finish the mission forget that real and spent enough already thought left the mission incomplete could move and another mission but instead been stuck that same mission for several days now new missions have been assigned then they give you fun but course you have buy pieces yarn etc move and complete more then there were other ways earn rewards the chain rewards spend and unlock this rewards free ones except the last two three paid the free rewards kept saying video unavailable right now check back later and never free stuff also the daily rewards you free stuff until those began saying the same for the last more video unavailable free rewards funny how don work when free but they working fine when comes taking much fell with this quickly falling out and may soon have delete the can move videos continue unavailable for the free stuff becoming more more disappointed each day,0,3
6482849843,Goods Puzzle: Sort Challenge,FALCON GAMES,14393317669,PleaseRead22,I have never been so appalled,"I play this game to earn special income on another game, a “play to get paid” sort of deal. There’s certain ads where you have to open a link to close them. Earlier I was bombarded while trying to close an ad with scam websites displaying pornographic images saying my device was tracked for trying to purchase child pornography. I know these are just insane scare tactics and closed out immediately. However this game is marketed toward children, my daughter often watches over my shoulder as I play games. If she had seen those I don’t even know how I would begin to deal with that situation. I have never reviewed a game before but I am hoping this will save at least someone from being as mentally scarred as I currently am (I just thank god I am an adult and not an innocent child who would have no clue what’s going on). Take this as a PSA to be SO careful with whatever your minors are doing on their phone, even something as innocent as playing a harmless sorting game will have them exposed to literal porn, you can never be too careful.",1,2026-08-06 02:48:44+00:00,5.26,US,this earn special income another paid sort deal there certain ads where you have open link close them earlier was bombarded while trying close with scam websites displaying pornographic images saying device was tracked for trying purchase child pornography know these are insane scare tactics and closed out immediately however this marketed toward children daughter often watches over shoulder she had seen those don even know how would begin deal with that situation have never reviewed before but hoping this will save least someone from being mentally scarred currently thank god adult and not innocent child who would have clue what going take this psa careful with whatever your minors are doing their even something innocent harmless sorting will have them exposed literal porn you can never too careful,0,3
6482849843,Goods Puzzle: Sort Challenge,FALCON GAMES,14393164762,1Dodi65,Broken game doesn’t work consistently,It keeps getting stuck this doesn’t work,1,2026-08-06 01:50:45+00:00,5.26,US,keeps stuck this doesn work,0,3
6482849843,Goods Puzzle: Sort Challenge,FALCON GAMES,14391425640,JWoman1,Ridiculous ads,I don’t mind ads but this is just stupid…ads for the game itself I already have?? And they are so long. Just ridiculous. Don’t get. Also the timer is too short. It is NOT relaxing when you are so close to finishing but can’t for days and days. The add-on time after watching an ad also isn’t long enough. I’m looking for something to replace this app with.,2,2026-08-05 15:42:37+00:00,5.26,US,don mind ads but this stupid ads for the itself already have and they are long ridiculous don also the timer too short not relaxing when you are close finishing but can for days and days the add-on after watching also isn long enough looking for something replace this with,2,3
6482849843,Goods Puzzle: Sort Challenge,FALCON GAMES,14388099813,NoThanks1234!!,Unplayable due to ads,"This game is fairly fun and enjoyable, but the sheer amount of ads it now has, has made it unplayable. There’s an ad when you open the app, ads if you win or lose a match, static ads that stay at the bottom of the screen always, and ads if you need to use a boost, plus random “ad breaks”.  I swear they’ve even made some levels unable to be solved without multiple boosts therefore having to watch multiple ads. I’ve had a level that popped up with the “you’re stuck” banner after a single move. It’s also popped up when I was in fact, not stuck and able to make more moves. The home screen is so cluttered between all the mini-games/challenges and all the extra-purchase add ons it’s hard on the eyes. It’s so bad that I’m finally admitting defeat and deleting the game, won’t catch me giving it to the pressure to pay to avoid “obligatory ads”.",2,2026-08-04 19:39:42+00:00,5.24,US,this fairly fun and enjoyable but the sheer amount ads now has has made unplayable there when you open the ads you win lose match static ads that stay the bottom the screen always and ads you need use boost plus random breaks swear they even made some levels unable solved without multiple boosts therefore having watch multiple ads had level that popped with the you stuck banner after single move also popped when was fact not stuck and able more moves the home screen cluttered between all the mini-games challenges and all the extra-purchase add ons hard the eyes that finally admitting defeat and deleting the won catch giving the pressure pay avoid obligatory ads,4,3
6482849843,Goods Puzzle: Sort Challenge,FALCON GAMES,14372655802,allotjernamesaretaken,Horrible ads,Worst game ever. Makes me watch ads to “open” shelves in the middle of a game. Delete this. I’m fine watching ads here & there but literally blocking off 4 or 5 shelves on a game & expecting me to watch that many ads just to play is greedy,1,2026-08-01 00:47:22+00:00,5.24,US,worst ever watch ads open shelves the middle delete this fine watching ads here there but literally blocking off shelves expecting watch that many ads greedy,2,3
6482849843,Goods Puzzle: Sort Challenge,FALCON GAMES,14368199775,mjldraws,"Fun, however",Honestly this game already has a bunch of items you can buy to the point where i feel like you have enough money to where you don’t need to put and ad after every single level. If they weren’t so persistent i would change it to 5 stars.,2,2026-07-30 22:24:57+00:00,5.24,US,honestly this already has bunch items you can buy the point where feel you have enough money where you don need put and after every single level they weren persistent would change stars,4,3
6739069151,Crossword Go!,PlaySimple Games Pte Ltd,14388947558,AshH126,Too may ads,Love the game and enjoy playing it but the ads are the worst. It’s very annoying when multiple ads in interrupt you in the middle of game play. And $15 dollars a year to remove the ads is ridiculous,2,2026-08-05 00:56:12+00:00,1.120.2,US,the and enjoy but the ads are the worst very annoying when multiple ads interrupt you the middle and dollars year remove the ads ridiculous,2,11
6739069151,Crossword Go!,PlaySimple Games Pte Ltd,14386716010,kateuzoho,Deleting for Intrusive Ads,"The game itself is enjoyable, I already have a workaround for the ads without paying so I am not bothered by them but the ads are far too intrusive. An ad was playing and I allowed it because I had to leave my phone to do something elsewhere. I left my phone on the table (a flat surface) when I came back it had opened Safari, then TikTok, and finally my Amazon app to a product page without me clicking anything. Apps should not automatically redirect users through multiple other apps. This feels invasive and needs to be fixed immediately",1,2026-08-04 12:48:27+00:00,1.120.2,US,the itself enjoyable already have workaround for the ads without paying not bothered them but the ads are far too intrusive was and allowed because had leave something elsewhere left the table flat surface when came back had opened safari then tiktok and finally amazon product page without clicking anything should not automatically redirect users through multiple other this feels invasive and needs fixed immediately,2,11
6739069151,Crossword Go!,PlaySimple Games Pte Ltd,14383649042,Flying squirrel 53,"Ads, Ads, Ads","I started out really liking this game. I would have been willing to pay $10-$15 to get rid of the ads but to turn them off it was a continuous fee. So, I decided to just put up with the ads. Then the number of ads started to increase. I would get one after every game. Within a few days I was getting ads after every turn. Ugg. Finally I deleted the game so I wouldn’t be tempted to play. Unless you’re willing to pay the fee, don’t even start.",2,2026-08-03 17:52:05+00:00,1.120.2,US,started out liking this would have been willing pay rid the ads but turn them off was continuous fee decided put with the ads then the number ads started increase would one after every within few days was ads after every turn ugg finally deleted the wouldn tempted unless you willing pay the fee don even start,5,11
6739069151,Crossword Go!,PlaySimple Games Pte Ltd,14383530439,aoi yukino,VERY ANNOYING ADS,The ads are maddening. You cannot close most of them. They try to force you to download their stupid games.,1,2026-08-03 17:16:04+00:00,1.120.2,US,the ads are maddening you cannot close most them they try force you download their stupid,2,11
6739069151,Crossword Go!,PlaySimple Games Pte Ltd,14382642757,Nate_d_m,Terrible ads,"Poor quality ads, hard to close, gets more frequent, multiple times per game.",1,2026-08-03 13:05:07+00:00,1.120.2,US,poor quality ads hard close more frequent multiple per,2,11
6739069151,Crossword Go!,PlaySimple Games Pte Ltd,14372977058,cachappmania,CRASHES,Updated on 7/31/26. Crashes nonstop. Please make another update.,1,2026-08-01 02:46:08+00:00,1.120.2,US,updated crashes nonstop please another update,0,11
6739069151,Crossword Go!,PlaySimple Games Pte Ltd,14370748865,monakquilts,Scam ads in app,"I really like this game, however, scam ads for clothing, ads after every move in the game. Very annoying.",2,2026-07-31 14:10:50+00:00,1.120.2,US,this however scam ads for clothing ads after every move the very annoying,2,11
6739069151,Crossword Go!,PlaySimple Games Pte Ltd,14370098008,belarow,No support,"Fun game would continue to play but zero developer or customer support. Why did the game all of a sudden switch from landscape to portrait view? All of my setting on my iPad have not changed but I play everything landscape. No support to ask why, thus the review.",1,2026-07-31 10:52:33+00:00,1.120.2,US,fun would continue but zero developer customer support why did the all sudden switch from landscape portrait view all setting have not changed but everything landscape support ask why thus the review,3,11
6739069151,Crossword Go!,PlaySimple Games Pte Ltd,14364587807,Hurricane1976,Ad crazy,"If you like abs, this is the game for you. They're at the beginning middle and end. If you don't pay them holy moly you will be inundated with ads, but if you can deal with that, the game is a lot of fun",1,2026-07-30 01:19:26+00:00,1.120.2,US,you abs this the for you they're the beginning middle and end you don't pay them holy moly you will inundated with ads but you can deal with that the lot fun,5,11
6739069151,Crossword Go!,PlaySimple Games Pte Ltd,14364422789,Espresso_Bean,Super fun and additive but the ads ruined everything,"I love this game. It is a definite 5-star game. But the endless ads ruined the experience completely, especially when you are more advanced, the ads came up after almost every round. The price to remove it permanently costs is way too high.",2,2026-07-30 00:16:49+00:00,1.120.2,US,this definite star but the endless ads ruined the experience completely especially when you are more advanced the ads came after almost every round the price remove permanently costs way too high,2,11
1423046460,Paper.io 2,Voodoo,14393452115,cookiegurlba,TERRIBLE,I HATE THIS GAME it makes my skin crawl wherever I see this add TERRIBLE DO NOT GET THIS GAME,1,2026-08-06 03:41:53+00:00,4.35.0,US,hate this skin crawl wherever see this add terrible not this,0,10
1423046460,Paper.io 2,Voodoo,14393086002,STUPID NOODLEHEAD,Too many ads,I just played this and literally got 5 ads in one game. That’s ridiculous.,1,2026-08-06 01:21:19+00:00,4.35.0,US,this and literally ads one that ridiculous,2,10
1423046460,Paper.io 2,Voodoo,14392998162,Some_unhappy_user,80% ads and 20% gameplay,"Trash app from scammer thieving developers. 
UPDATE: review remains the same. Was unusable due to bugs, now it’s unusable unless you pay to play",1,2026-08-06 00:48:22+00:00,4.35.0,US,trash from scammer thieving developers update review remains the same was unusable due bugs now unusable unless you pay,5,10
1423046460,Paper.io 2,Voodoo,14392990500,Natalie Mary Smith,"Not worth it, minimal entertainment","Booooooo, there are so many random bugs. I beat the country Italy and there was an as afterwards, I swiped out the app despite having gotten 100% and it refused to give me any credit and I had to restart. This has happened on several occasions in the game. Very frustrating, and way too many ads.",1,2026-08-06 00:45:25+00:00,4.35.0,US,booooooo there are many random bugs beat the country italy and there was afterwards swiped out the despite having gotten and refused give any credit and had restart this has happened several occasions the very frustrating and way too many ads,6,10
1423046460,Paper.io 2,Voodoo,14392754392,Ldkfs,Controller Support,"Bring back controller support please.

UPDATE: the developer reached out saying that they added controller support back in. I went to test it out, it's still not working.",1,2026-08-05 23:13:15+00:00,4.35.0,US,bring back controller support please update the developer reached out saying that they added controller support back went test out it's still not working,0,10
1423046460,Paper.io 2,Voodoo,14392499329,Brawl Stars dapperfunnythebest,I thought it was good but it’s TERRIBLE.,"The developers need to give me a genuine response instead of “Hi, we saw your review and we are improving it”. Developers, if you’re genuinely seeing this review, write me an actual response.",1,2026-08-05 21:33:43+00:00,4.35.0,US,the developers need give genuine response instead saw your review and are improving developers you genuinely seeing this review write actual response,7,10
880047117,Angry Birds 2,Rovio Entertainment Oyj,14393716709,lookatyournickname,100 second ads?,I'm not playing if ads are gonna be that long.,2,2026-08-06 05:35:36+00:00,26.5.0,US,i'm not ads are gonna that long,2,4
880047117,Angry Birds 2,Rovio Entertainment Oyj,14392832304,Me is me 62638,Come on rovio,"Ever since the Angry Birds movie you guys have been a money hungry company like who deletes there number one best selling game and then make a sequel to it when the original game isn’t even in the App Store anymore also, they deleted all of their apps and now you can only play them in a AB2 event remember Angry Birds space GONE and apparently people “Liked” the movie cause you’re making a third one so please bring back all the original rovio leave this money, hungry slop factory",1,2026-08-05 23:44:05+00:00,26.5.0,US,ever since the angry birds movie you guys have been money hungry company who deletes there number one best selling and then sequel when the original isn even the store anymore also they deleted all their and now you can only them event remember angry birds space gone and apparently people liked the movie cause you third one please bring back all the original rovio leave this money hungry slop factory,1,4
880047117,Angry Birds 2,Rovio Entertainment Oyj,14392825180,Joe[][],Absolute pay to win garbage past level 100,This game is mentally exhausting with how underpowered your birds are without having to spend real money to buy upgrades for them. Everything is a monetized bonus pack and trying to play the game daily with no purchases feels like pulling teeth. Great game terrible business model and progression.,2,2026-08-05 23:41:15+00:00,26.5.0,US,this mentally exhausting with how underpowered your birds are without having spend real money buy upgrades for them everything monetized bonus pack and trying the daily with purchases feels pulling teeth terrible business model and progression,1,4
880047117,Angry Birds 2,Rovio Entertainment Oyj,14391927125,CaptainVideo22,Clan Chat issue!,"Been waiting 4 to 6 months for a fix for Clan Chat not working on my IPad and not working properly on my IPhone! Your tech support says “they’re working on it” not buying it, there has been two updates since this issue started! I spend time and money on this “Game”! Please fix this!",1,2026-08-05 18:14:40+00:00,26.5.0,US,been waiting months for fix for clan chat not working and not working properly your tech support says they working not buying there has been two updates since this issue started spend and money this please fix this,1,4
880047117,Angry Birds 2,Rovio Entertainment Oyj,14390885330,ghtduahy,Worst Game I’ve Played In A While,If I could do 0 stars I would,1,2026-08-05 13:11:17+00:00,26.5.0,US,could stars would,0,4
880047117,Angry Birds 2,Rovio Entertainment Oyj,14389679001,Noname22475,No rewards free,Everything cost money. There is no playing for long without costing money. You could make some rewards free!,2,2026-08-05 05:43:48+00:00,26.5.0,US,everything cost money there for long without costing money you could some rewards free,1,4
6745120053,Imposter Game - Party Edition,Sven Vucak,14388628478,Frosty the SnowMan..13..,Explanation,"Honestly 4 stars. well really 3.5 but i cant do that, well i dont know how.. some parts arent free but you can still play the game without playing. if it’s to hard for the imposter you can give them a hint. there are 2 versions word or question. on the word the imposter doesn’t know the word but does know the category and you can give them hints and for the question the imposter gets a different question. you can pick the categories if you want! 4 STARS",1,2026-08-04 22:53:27+00:00,4.2.2,US,honestly stars well but cant that well dont know how some parts arent free but you can still the without hard for the imposter you can give them hint there are versions word question the word the imposter doesn know the word but does know the category and you can give them hints and for the question the imposter different question you can pick the categories you stars,0,11
6745120053,Imposter Game - Party Edition,Sven Vucak,14370682330,Hiukje,"Yes, again I like if you’re playing a party in the past around the iPad","It should be titled as called the game settings, and you can go onto Apple Store and apostle",1,2026-07-31 13:52:25+00:00,4.2.2,US,should titled called the settings and you can onto store and apostle,0,11
1562817072,Mob Control,Voodoo,14388852124,LukeJwi,Wayyyyy to many notifications,Why are you giving me random notifications every 10 minutes,1,2026-08-05 00:20:20+00:00,3.20.3,US,why are you giving random notifications every minutes,3,1
1562817072,Mob Control,Voodoo,14387793096,Jossome :),Price gouging Apple users,"This game is a lot of fun, but like many games… it is P2W. That’s fine, my issue is that they price gouge Apple users by more than 33% sometimes

A pack bought by the android user sitting next to me costs him $89 dollars. It costs me, for the exact same pack… $120.

I tried to bring it up to the devs and got a bot response accusing me of cheating (I’ve literally only been playing 2 days)",1,2026-08-04 17:59:37+00:00,3.20.3,US,this lot fun but many that fine issue that they price gouge users more than sometimes pack bought the android user sitting next costs him dollars costs for the exact same pack tried bring the devs and bot response accusing cheating literally only been days,0,1
1562817072,Mob Control,Voodoo,14384811857,Ishshdhcishqhdhsh,App crashed and lost all progress,"I was upper Gold rank and my app crashed and when I loaded it back up it had forgotten my account entirely. I tried repeatedly to relaunch/delete the app and redownload/etc. nothing worked. It’s all gone. I’ll never play this game again, and neither should you.",1,2026-08-04 00:42:45+00:00,3.20.2,US,was upper gold rank and crashed and when loaded back had forgotten account entirely tried repeatedly relaunch delete the and redownload etc nothing worked all gone never this again and neither should you,0,1
1562817072,Mob Control,Voodoo,14384681546,fzuocs,To many ads,The ads are so long makes the game boring,1,2026-08-03 23:53:49+00:00,3.20.2,US,the ads are long the boring,2,1
1562817072,Mob Control,Voodoo,14384197144,Taking my storage,Stupid,It’s nothing like the add,1,2026-08-03 20:51:58+00:00,3.20.2,US,nothing the add,0,1
1562817072,Mob Control,Voodoo,14381306024,Tooboredtoplay,Waste of time,10 second game action followed by 30-120 second ad.  Some even longer or won’t close.  Play solitaire instead.,1,2026-08-03 04:37:48+00:00,3.20.2,US,second action followed second some even longer won close solitaire instead,0,1
1562817072,Mob Control,Voodoo,14380684884,I don’t think you need any,Fake game ad,the it shows is a video not the game u can see that person was moving and his fingers didnt,1,2026-08-03 00:36:29+00:00,3.20.2,US,the shows video not the can see that person was moving and his fingers didnt,0,1
6744975195,Sled Surfers,Crazy Labs,14390754202,Cr4ig33,Thumbs down,Way to many ads two times down the hill then another ad and repeat!! Takes for ever to level up with all the stopping.,1,2026-08-05 12:32:17+00:00,1.12.1,US,way many ads two down the hill then another and repeat takes for ever level with all the stopping,6,3
6744975195,Sled Surfers,Crazy Labs,14389467047,LRizza77,Very Poor communication,"Let start saying I love this game, but what I don’t love is the issues with the videos you watch for a reward or a rocket. Never had a problem until two weeks ago or so they started having two ads come up in one window the second video wouldn’t play and the window would close with no reward I emailed support multiple multiple times and I would say was send us a picture of the video. Where do you live? And after two weeks, guess what the game isn’t and there are no videos at all. Forget getting a rocket or anything else because there are no videos. Maybe they’re just punishing me because I told him what I thought of their customer service and the game. 
Update I don’t know how many days or weeks it’s been but I have sent well over 10 emails and videos and now I’ve been sent back to level one why? probably because I’m upset about the game
And I’ve submitted tickets and I wrote a public review, but I don’t care fix the game but you’ve ruined it",1,2026-08-05 04:13:21+00:00,1.12.1,US,let start saying this but what don the issues with the videos you watch for reward rocket never had problem until two weeks ago they started having two ads come one window the second video wouldn and the window would close with reward emailed support multiple multiple and would say was send picture the video where you live and after two weeks guess what the isn and there are videos all forget rocket anything else because there are videos maybe they punishing because told him what thought their customer service and the update don know how many days weeks been but have sent well over emails and videos and now been sent back level one why probably because upset about the and submitted tickets and wrote public review but don care fix the but you ruined,4,3
6744975195,Sled Surfers,Crazy Labs,14388741963,Lovyn4U,They won’t reward you,They now have 2 part ads that don’t finish properly so you don’t get rewarded if you opt to watch one for more money,2,2026-08-04 23:37:46+00:00,1.12.1,US,they now have part ads that don finish properly you don rewarded you opt watch one for more money,2,3
6744975195,Sled Surfers,Crazy Labs,14388504628,Tincup321,Pulls,For crying out loud why so long before earning more pulls?!?!?,2,2026-08-04 22:05:17+00:00,1.12.1,US,for crying out loud why long before earning more pulls,0,3
6744975195,Sled Surfers,Crazy Labs,14385708398,JayTee65,Too many ads and too long!,Was having fun until the end of first level.  Start of 2nd lever coins started at Z-E-R-O.  I lost 3.5 million coins.  Thats a lot if time and videos watched.  Never again.  Deleted bad app.,1,2026-08-04 06:35:27+00:00,1.12.1,US,was having fun until the end first level start lever coins started z-e-r-o lost million coins thats lot and videos watched never again deleted,4,3
6744975195,Sled Surfers,Crazy Labs,14384689224,Sky~Girl,Tickets make game a burden,I like this game but hate that in level two they require tickets as an extra money grab. It also glitches and causes you to lose collected resources when switching levels sometimes. Would get 5 stars if tickets were not required and the glitch was fixed.,2,2026-08-03 23:56:50+00:00,1.12.1,US,this but hate that level two they require tickets extra money grab also glitches and causes you lose collected resources when switching levels sometimes would stars tickets were not required and the glitch was fixed,4,3
6744975195,Sled Surfers,Crazy Labs,14384075416,swag cool swag cool man,Makes you pay to play,Once you get to level 2 it won’t let you play without paying money or waiting 2 hours.,1,2026-08-03 20:09:46+00:00,1.12.1,US,once you level won let you without paying money waiting hours,4,3
6744975195,Sled Surfers,Crazy Labs,14383879285,Batlise,I’ve tried so many times to like this game,"They aren’t making it easier, they are making it harder.  I may try to keep playing, but no more money.  I can’t keep spending money on a game that clearly only wants my cash.",1,2026-08-03 19:04:46+00:00,1.12.1,US,they aren easier they are harder may try keep but more money can keep spending money that clearly only wants cash,1,3
6744975195,Sled Surfers,Crazy Labs,14382778608,Boots73,Not fun anymore,"With this last update you have taken a fun game and made it not fun. All I do now is run into trucks that are passing on the road. Doesn’t matter when I use the rocket booster, there is always a truck passing that I collide with. It cannot be avoided.",1,2026-08-03 13:43:51+00:00,1.12.1,US,with this last update you have taken fun and made not fun all now run into trucks that are passing the road doesn matter when use the rocket booster there always truck passing that collide with cannot avoided,3,3
6744975195,Sled Surfers,Crazy Labs,14381177535,Taghr33d,Player beware,"I just started playing this game and while watching one of the ads to obtain more coins, my camera turned on. Immediate deletion!",1,2026-08-03 03:44:19+00:00,1.12.1,US,started this and while watching one the ads obtain more coins camera turned immediate deletion,2,3
6744975195,Sled Surfers,Crazy Labs,14380993528,Franklinthetank24,Tickets?,After the first level this game starts to use a ticket system which makes you watch ads or pay for more “tickets” to play the game. This is already on top of you watching an ad every 2-3 turns. Skip this game.,1,2026-08-03 02:32:36+00:00,1.12.1,US,after the first level this starts use ticket system which you watch ads pay for more tickets the this already top you watching every turns skip this,5,3
1094930513,EA SPORTS FC Soccer Mobile 26,Electronic Arts,14393260607,Muigel01,"Trash, boosted","Players are boosted, even playing field is out the table. Boosted game. No longer normal stat gameplay.",1,2026-08-06 02:26:40+00:00,27.0.04,US,are boosted even field out the table boosted longer normal stat gameplay,0,2
1094930513,EA SPORTS FC Soccer Mobile 26,Electronic Arts,14393253992,Jesús18482,No sirve,No se los recomiendo descargarlo es muy pay to win y en las partidas cara a cara las oportunidades son lit disparejas solo es un juego que quiere tu dinero se supone que en un modo competitivo gana el mejor no quien le mete más dinero al juego no se los remiendo este juego,1,2026-08-06 02:24:12+00:00,27.0.04,US,los recomiendo descargarlo muy pay win las partidas cara cara las oportunidades son lit disparejas solo juego que quiere dinero supone que modo competitivo gana mejor quien mete dinero juego los remiendo este juego,0,2
1094930513,EA SPORTS FC Soccer Mobile 26,Electronic Arts,14393228593,Ishowpseedmygoat,Rankings,"I hate this game cause why is it always putting me with people who have higher rankings than me, for example i litterly was pro II and the  was pro III like bro put me with someone the same ranking as me like this game basically wants you to lose",1,2026-08-06 02:14:40+00:00,27.0.04,US,hate this cause why always putting with people who have higher rankings than for example litterly was pro and the was pro iii bro put with someone the same ranking this basically wants you lose,0,2
6768564100,Bruno Reels Casino,EverPrime Futures Inc.,14392729135,playersssddes,questionable bonuses and practices on this app,I signed up on this app and made a purchase which was promoted as a 100% cashback within 24 hours for new players. After the promo time disappeared my bonus was never given which should've been $750. When attempting to reach support is an AI chat bot tells you to wait patiently while they work to resolve the issue but no timeframe for resolution is given. very disappointing. Do not use,1,2026-08-05 23:03:19+00:00,1.2.0,US,signed this and made purchase which was promoted cashback within hours for new after the promo disappeared bonus was never given which should've been when attempting reach support chat bot tells you wait patiently while they work resolve the issue but timeframe for resolution given very disappointing not use,0,9
6768564100,Bruno Reels Casino,EverPrime Futures Inc.,14392083808,DaltonFord,Do not download,I received no free spins. Everything was a lie. They gave me $.20 worst game ever.,1,2026-08-05 19:06:19+00:00,1.2.0,US,received free spins everything was lie they gave worst ever,7,9
6768564100,Bruno Reels Casino,EverPrime Futures Inc.,14391995183,Michellefrmhell,I got 20 cents for downloading,"The advertisement said I’d get all these free spins and $30 SC, I got 20 cents and two spins that netted me both. And I had no luck finding support on the app!",1,2026-08-05 18:37:05+00:00,1.2.0,US,the advertisement said all these free spins and cents and two spins that netted both and had luck finding support the,0,9
6768564100,Bruno Reels Casino,EverPrime Futures Inc.,14388895096,Kaylaj813,Scammers!,Don’t waste your $ or time this app it is 100% a scam! Don’t believe the fake good reviews. There are no real SC bonuses and SC returns. They will lie and reel you in promising SC bonuses and returns then turn around and require you to purchase the SC bonuses and returns. They will take your $ and rig every single game to lose. You will only win big if you’re playing with GC. If you want to risk your $ go to a real casino. Don’t get scammed by these people like I did.,1,2026-08-05 00:36:37+00:00,1.2.0,US,don waste your this scam don believe the fake reviews there are real bonuses and returns they will lie and reel you promising bonuses and returns then turn around and require you purchase the bonuses and returns they will take your and rig every single lose you will only win big you with you risk your real casino don scammed these people did,1,9
6768564100,Bruno Reels Casino,EverPrime Futures Inc.,14388783907,Vettesmiles,Vette,"The game ads are fake.  It took my money and did not give me any free coins to use.  It actually asked me to put money which I did and when I cashed out I have still not been paid and it took what I left in there to play.  It also would not let bid what I wanted to.  Disgusting, I hope other people don’t get scammed like I did.",2,2026-08-04 23:54:15+00:00,1.2.0,US,the ads are fake took money and did not give any free coins use actually asked put money which did and when cashed out have still not been paid and took what left there also would not let bid what disgusting hope other people don scammed did,1,9
6768564100,Bruno Reels Casino,EverPrime Futures Inc.,14387999213,WhosCharde,Redemption Issue over 24 hours Still no credit,"I’ve emailed both grand fortune and Bruno reels and spent hours with alleged customer service …. Finally I had to go to my bank due to suspicious and ambiguous ( or nonexistent) responses regarding my redemption status.    This is unacceptable and frankly my redemption amount of 1k is average and nowhere near an amount in which delays should occur. Furthermore , I won this money literally in the nicking time for my daughters birthday and yet I can’t even not her birthday because I’m still waiting. It’s funny how deposits go through with no problem yet a person has to go through all the stress and wasted time and disappointment after falsely feeling at ease for winning. This is unacceptable and unprofessional and mostly cruel business. I need my money now",1,2026-08-04 19:06:21+00:00,1.2.0,US,emailed both grand fortune and bruno reels and spent hours with alleged customer service finally had bank due suspicious and ambiguous nonexistent responses regarding redemption status this unacceptable and frankly redemption amount average and nowhere near amount which delays should occur furthermore won this money literally the nicking for daughters birthday and yet can even not her birthday because still waiting funny how deposits through with problem yet person has through all the stress and wasted and disappointment after falsely feeling ease for winning this unacceptable and unprofessional and mostly cruel business need money now,7,9
6768564100,Bruno Reels Casino,EverPrime Futures Inc.,14387809711,Kurtyman117,Wow,Won 500$ tried to cash out and it was denied 2 times directly into my PayPal account. Can’t get ahold of support and it’s seeming more and more like a scam.,1,2026-08-04 18:04:52+00:00,1.2.0,US,won tried cash out and was denied directly into paypal account can ahold support and seeming more and more scam,0,9
6768564100,Bruno Reels Casino,EverPrime Futures Inc.,14387183823,Crpayson,Ripoff,Spent. 100 and never played one bonus game.,1,2026-08-04 15:00:14+00:00,1.2.0,US,spent and never one bonus,0,9
6768564100,Bruno Reels Casino,EverPrime Futures Inc.,14387056981,Tabathajones53,Scam,The commercial said $20 to try it gave me .20cents lol what a joke. Don’t waste your time: DELETED,1,2026-08-04 14:25:05+00:00,1.2.0,US,the commercial said try gave cents lol what joke don waste your deleted,1,9
6768564100,Bruno Reels Casino,EverPrime Futures Inc.,14386801655,HappyMe4Ever,Fake ads,"Theres this lady in their afs that promote this app. All she said were falseand shes scamming people! I downloaded it, signec up and when i tried udinf it , it asked for money deposit! SCAM!",1,2026-08-04 13:13:32+00:00,1.2.0,US,theres this lady their afs that promote this all she said were falseand shes scamming people downloaded signec and when tried udinf asked for money deposit scam,1,9
6768564100,Bruno Reels Casino,EverPrime Futures Inc.,14385772573,dlang7584,not impressed,i’ve deposited 3 times already and haven’t redeemed not one time!,1,2026-08-04 07:02:23+00:00,1.2.0,US,deposited already and haven redeemed not one,0,9
6768564100,Bruno Reels Casino,EverPrime Futures Inc.,14385371428,Sucky Mc sucker Son,Bruno Reels Casino,They cheat you out of money then say it’s your fault. They almost never credit you with your money.  Don’t play this game!!! I’m sure they will bury this review!!!,1,2026-08-04 04:12:27+00:00,1.2.0,US,they cheat you out money then say your fault they almost never credit you with your money don this sure they will bury this review,1,9
6738109752,Tiles Survive!,FunPlus International AG,14393996305,Player from OR,Ads are lies,Tells you the game is exactly like the ads. IT IS NOT!!! Do not download,1,2026-08-06 07:37:03+00:00,2.5.800,US,tells you the exactly the ads not not download,2,6
6738109752,Tiles Survive!,FunPlus International AG,14393813168,Pineapple Express98,Not what you see,I like to play the ads to this game better than the actual game. This game is NOTHING like it advertised. I will never download this game again. I dont want anyone to be disappointed either. This is my warning this game is nothing like it is advertised.,1,2026-08-06 06:17:57+00:00,2.5.700,US,the ads this better than the actual this nothing advertised will never download this again dont anyone disappointed either this warning this nothing advertised,2,6
6738109752,Tiles Survive!,FunPlus International AG,14393484149,Nope29999,Awful,Nothing like the ads.  The ads forcefully open the App Store as well and don’t actually close therefore forcing me out where they advertised.,1,2026-08-06 03:55:05+00:00,2.5.700,US,nothing the ads the ads forcefully open the store well and don actually close therefore forcing out where they advertised,2,6
6738109752,Tiles Survive!,FunPlus International AG,14393063876,Quokkaleebit,Keep getting banned,I have been banned on two accounts for supposedly selling items. I have never done anything like that and I can’t get my account back for 10 year…..don’t waste your time. Just glad I didn’t spend any actual money like I was going to.,1,2026-08-06 01:13:06+00:00,2.5.700,US,have been banned two accounts for supposedly selling items have never done anything that and can account back for year don waste your glad didn spend any actual money was going,1,6
6738109752,Tiles Survive!,FunPlus International AG,14392203140,Koree o,False advertising,"It says its like the ads, but definitely is not. 1/5 stars, definitely do not get this game if you have seen the ads. Its false advertising.",1,2026-08-05 19:46:54+00:00,2.5.700,US,says its the ads but definitely not stars definitely not this you have seen the ads its false advertising,2,6
6738109752,Tiles Survive!,FunPlus International AG,14391822252,BujoGamer,False advertising,This is nothing like the video shown in their ad. I am not sure why game developers insist on lying and wasting people’s time.,1,2026-08-05 17:40:58+00:00,2.5.700,US,this nothing the video shown their not sure why developers insist lying and wasting people,0,6
6738109752,Tiles Survive!,FunPlus International AG,14391348716,🐮🐮🐮90,Not what was advertised,Game looks nothing like the advertised showed.,1,2026-08-05 15:20:50+00:00,2.5.700,US,looks nothing the advertised showed,0,6
6738109752,Tiles Survive!,FunPlus International AG,14389217119,Mamaof4boys30,Not like the ADs,This game is not like the ADs. I wish the games would be what they actually show. I love the Ads but the game is nothing like that.,2,2026-08-05 02:35:08+00:00,2.5.700,US,this not the ads wish the would what they actually show the ads but the nothing that,2,6
6738109752,Tiles Survive!,FunPlus International AG,14389001437,mr vogon,Complete lie,Game had essentially zero to do with the ads. Complete waste of time. Typical pay to win game with different skin.,1,2026-08-05 01:15:58+00:00,2.5.700,US,had essentially zero with the ads complete waste typical pay win with different skin,5,6
6738109752,Tiles Survive!,FunPlus International AG,14387765196,dan88/8,Annoying,"It’s annoying , The game tells you everything you have to do, to click on. Its like watching a video.",1,2026-08-04 17:50:45+00:00,2.5.700,US,annoying the tells you everything you have click its watching video,0,6
6738109752,Tiles Survive!,FunPlus International AG,14387601803,Cbouquet,NOT AS ADVERTISED!!!,This is not the game they show in the ad.  Don’t even bother to download it.  TOTAL GARBAGE!!!,1,2026-08-04 17:00:43+00:00,2.5.700,US,this not the they show the don even bother download total garbage,0,6
6738109752,Tiles Survive!,FunPlus International AG,14385003911,jandrewjohnson,Poor game development management of the player base.,"This is a pay to win game. So you know when you sign up that money is and will be a deciding factor in your success. WHAT THEY DONT TELL YOU: the developers do not charge the same fees for all players in every part of the world. This is not an exchange rate issue, but rather a pay rate that doesn’t appear to be tied to any monetary exchange rate. They will initially create a server with similar language or timezone region. Then, at their discretion, and without warning they will change the language of you server “for balance purposes.”  It’s their game, they can do what they want. But if I had it to do over again, I wish I had never signed up.",1,2026-08-04 01:52:39+00:00,2.5.700,US,this pay win you know when you sign that money and will deciding factor your success what they dont tell you the developers not charge the same fees for all every part the world this not exchange rate issue but rather pay rate that doesn appear tied any monetary exchange rate they will initially create server with similar language timezone region then their discretion and without warning they will change the language you server for balance purposes their they can what they but had over again wish had never signed,5,6
6738109752,Tiles Survive!,FunPlus International AG,14384808986,SLY562,"Worst Game, Ever",Had so many had so many pop-ups,1,2026-08-04 00:41:39+00:00,2.5.700,US,had many had many pop-ups,0,6
6755495631,Packz,Packz,14393859661,NUKjr32,Don’t do it,After you win a certain amount you will never win again I won up to 1200 and after that never won again I should have cashed out there but I was stupid enough to keep trying,1,2026-08-06 06:38:16+00:00,1.1.2,US,after you win certain amount you will never win again won and after that never won again should have cashed out there but was stupid enough keep trying,0,6
6755495631,Packz,Packz,14393817714,Dubzlbc,joke of an app,"terrible app, so much better apps out there this one is terrible in so many ways 25$ minimum to open a pack and most likely gonna hit for like 12$ just use something else don’t waste your time",1,2026-08-06 06:19:56+00:00,1.1.2,US,terrible much better out there this one terrible many ways minimum open pack and most likely gonna hit for use something else don waste your,7,6
6755495631,Packz,Packz,14393244136,Burlakee,Way too expensive,They take money from Apple Pay but if you want to cash out winnings you can’t put it back in the Apple wallet. You can give them you bank account to get YOUR money out for no charge otherwise they charge you to get your money. They charge you to ship any cards you want to redeem. I feel this app is to farm your data and charge you for.,1,2026-08-06 02:20:29+00:00,1.1.2,US,they take money from pay but you cash out winnings you can put back the wallet you can give them you bank account your money out for charge otherwise they charge you your money they charge you ship any cards you redeem feel this farm your data and charge you for,5,6
6755495631,Packz,Packz,14393226666,Yoyoyotoyk,SCAM,If you don’t have a form of id they won’t let you withdraw or send you your card. SCAM. STAY AWAY FROM THIS APP THERE IS FAR BETTER,1,2026-08-06 02:13:57+00:00,1.1.2,US,you don have form they won let you withdraw send you your card scam stay away from this there far better,7,6
6755495631,Packz,Packz,14393177782,eBay is better,Better Options,Just terrible pull rates.. I’ve spent $75 total and have a $13 card in my collection. A lot of PSA 8 base cards in the $25 / $50 packs. There’s far better options available.,1,2026-08-06 01:55:34+00:00,1.1.2,US,terrible pull rates spent total and have card collection lot psa base cards the packs there far better options available,7,6
6755495631,Packz,Packz,14392849671,Mondadeburro47,Pulls are terrible,"I have spend over $500 buying $25-$50 packs and my highest hit it’s $53 and not just even that I’m In North America all my pulls have been Japanese not even a single hit in NA which got me really disappointed,I don’t recommend this at all",1,2026-08-05 23:50:55+00:00,1.1.2,US,have spend over buying packs and highest hit and not even that north america all pulls have been japanese not even single hit which disappointed don recommend this all,0,6
6755495631,Packz,Packz,14392806259,Come owwwn,Pulled 90 plus dollar card off 25 rip. Could not redeem.. said to contact support I have and 2 days,Pulled 90 plus dollar card off 25 rip. Could not redeem.. said to contact support I have and 2 days,1,2026-08-05 23:33:50+00:00,1.1.2,US,pulled plus dollar card off rip could not redeem said contact support have and days,0,6
6755495631,Packz,Packz,14392296297,FNDLR19,Rip off,"This game offers no sweat rip but holds half of your deposit , it limits your money withdrawals",1,2026-08-05 20:19:40+00:00,1.1.2,US,this offers sweat rip but holds half your deposit limits your money withdrawals,1,6
6755495631,Packz,Packz,14391857954,Slept-king,Fast shipping horrible pulls,Horrible pulls. The highest value card I got on a 100$ card was 105. Lost 25 and 50 on the next two. I’ve never pulled so many 12.50 and 13$ slabs on an app before. Courtyard is much better. They don’t take the shirt off your back.,2,2026-08-05 17:52:23+00:00,1.1.2,US,horrible pulls the highest value card card was lost and the next two never pulled many and slabs before courtyard much better they don take the shirt off your back,7,6
6755495631,Packz,Packz,14391572958,zachedelic_,"Initially Loved This App, but Now I’m just Annoyed at its Whole Shipping Process.","Scored a sick slab on my first pull, that was worth slightly more than I paid for it, which I figured would be the case with it being my first rip (these apps don’t usually give you the sh@ft until they get your hopes up with the first pull).

Since my first rip, I’d guess that I’ve ripped maybe 10% of the value in cards, that I’ve put into the app. Not worth it.

The worst thing about the whole process is that you get to pay like $9 to ship every single, individual card (or at least every card I’ve ever had shipped to me). It makes no sense whatsoever, that cards cannot be bundled into condensed, more cost-efficient, economical shipments.

This app is essentially a mild scam, like the rest of the ripping apps.",2,2026-08-05 16:25:06+00:00,1.1.2,US,scored sick slab first pull that was worth slightly more than paid for which figured would the case with being first rip these don usually give you the until they your hopes with the first pull since first rip guess that ripped maybe the value cards that put into the not worth the worst about the whole process that you pay ship every single individual card least every card ever had shipped sense whatsoever that cards cannot bundled into condensed more cost-efficient economical shipments this essentially mild scam the rest the ripping,5,6
6755495631,Packz,Packz,14390882303,Fkpremedon,Very sus,I’ve pulled over 105 packs.. personally believe it’s a scam,2,2026-08-05 13:10:24+00:00,1.1.2,US,pulled over packs personally believe scam,0,6
6755495631,Packz,Packz,14389244776,TheJoe614,Don’t download if you aren’t playing,I don’t qualify for the promo anymore glad I didn’t spend a $1,1,2026-08-05 02:45:27+00:00,1.1.2,US,don qualify for the promo anymore glad didn spend,7,6
1176027022,Toon Blast,Peak Games,14392928639,Frustrations1,Rewards suck,The rewards are not enough for the team tournament.  It used to be 1000 coins per member for the winner… now it’s only 500 coins which sucks!,1,2026-08-06 00:21:38+00:00,23267,US,the rewards are not enough for the team tournament used coins per member for the winner now only coins which sucks,0,3
1176027022,Toon Blast,Peak Games,14391220074,RhondaWaide,Game cheats and only wants money,Game cheats and only wants money. Gives you daily rewards you are at full limits of or a card game it won’t let you win.,1,2026-08-05 14:44:53+00:00,23267,US,cheats and only wants money gives you daily rewards you are full limits card won let you win,1,3
1176027022,Toon Blast,Peak Games,14391006444,Mnkfa,Disappointed!,"This game used to be so much fun, but lately it’s honestly affecting my mood. Instead of making me feel challenged and entertained, it makes me feel stupid and like there’s something wrong with me. I really miss how fun it used to be.",1,2026-08-05 13:45:44+00:00,23267,US,this used much fun but lately honestly affecting mood instead feel challenged and entertained feel stupid and there something wrong with miss how fun used,3,3
1176027022,Toon Blast,Peak Games,14388827523,Trying2LoseItWithoutLosingit,Use to Be Fun,This game is now a money grab. You don’t get as many rewards as in the past and it’s getting impossible to pass some of these levels.,2,2026-08-05 00:11:00+00:00,23267,US,this now money grab you don many rewards the past and impossible pass some these levels,1,3
1176027022,Toon Blast,Peak Games,14387664226,Tlmreader,Repeats,"Although I like the game, it’s got to the point at the higher levels that it’s nothing but repeats rarely a new level and when you get on a hard level, you are stuck and unless you have weapons or coins, you’re not gonna get out of it.",2,2026-08-04 17:19:27+00:00,23267,US,although the the point the higher levels that nothing but repeats rarely new level and when you hard level you are stuck and unless you have weapons coins you not gonna out,4,3
1176027022,Toon Blast,Peak Games,14387522729,Crasher 54,Tricky,"The game design practice of granting players a limited number of free moves or attempts, then deliberately escalating subsequent levels into complex or near-impossible challenges unless additional resources are purchased, represents a clear form of predatory design in freemium games. This is not legitimate difficulty progression or skill-based challenge. It is a calculated conversion of frustration into revenue.",2,2026-08-04 16:37:13+00:00,23267,US,the design practice granting limited number free moves attempts then deliberately escalating subsequent levels into complex near-impossible challenges unless additional resources are purchased represents clear form predatory design freemium this not legitimate difficulty progression skill-based challenge calculated conversion frustration into revenue,4,3
1595314851,Lamar - Idle Vlogger,Crazy Labs,14393119667,Ogemmanuelx,Anuncios,Muchos anuncios,1,2026-08-06 01:33:55+00:00,238.3.2,US,muchos anuncios,0,3
1595314851,Lamar - Idle Vlogger,Crazy Labs,14387323437,Jm_245,Ads,Idk why I’m playing this. It’s dumb but kinda fun? The ads are ridiculous in it. Every 2 seconds and they last minutes and they break,1,2026-08-04 15:39:29+00:00,238.3.2,US,idk why this dumb but kinda fun the ads are ridiculous every seconds and they last minutes and they break,3,3
1595314851,Lamar - Idle Vlogger,Crazy Labs,14385054839,Xraytrip,Ads,To many ads I mean I’m okay with them but it’s far to often to enjoy,1,2026-08-04 02:10:55+00:00,238.3.2,US,many ads mean okay with them but far often enjoy,2,3
1595314851,Lamar - Idle Vlogger,Crazy Labs,14384333008,DefLlama,Idiotic and blatantly racist!,The game is racist! It’s cheaper to pick a black child but the white child is more expensive!? It’s cheaper to have a black wife than a white one. What is this!?,1,2026-08-03 21:40:47+00:00,238.3.2,US,the racist cheaper pick black child but the white child more expensive cheaper have black wife than white one what this,0,3
1595314851,Lamar - Idle Vlogger,Crazy Labs,14377378943,kivyhicks,suspicious pop up,why are you asking to track my local network and everyone on it? why do you need the other connected devices?? deleting #veryweird #veryodd,1,2026-08-02 05:13:41+00:00,238.3.2,US,why are you asking track local network and everyone why you need the other connected devices deleting veryweird veryodd,0,3
1595314851,Lamar - Idle Vlogger,Crazy Labs,14377318730,big nut098,baddies,r there baddies? when do baddies start showing up? like when do i make those decisions i was advertised?,2,2026-08-02 04:48:09+00:00,238.3.2,US,there baddies when baddies start showing when those decisions was advertised,0,3
1595314851,Lamar - Idle Vlogger,Crazy Labs,14376290570,AloysisPendragon,Too many ads,"Seems like an ad every few minutes, and doesn’t keep getting the passive cash when you’re not in the app which makes things a lot harder and longer",1,2026-08-01 22:02:54+00:00,238.3.2,US,seems every few minutes and doesn keep the passive cash when you not the which lot harder and longer,3,3
1595314851,Lamar - Idle Vlogger,Crazy Labs,14374952589,CleverBee13,Story is cute,But put some effort into it. Like really we can’t change Lamar’s outfits or go back & just visit completed levels? Idk maybe it’s just me.,2,2026-08-01 14:46:39+00:00,238.3.2,US,but put some effort into can change lamar outfits back visit completed levels idk maybe,0,3
1595314851,Lamar - Idle Vlogger,Crazy Labs,14371989821,rose arroyo,Ads,Way to many ads and very pricey to remove them,1,2026-07-31 20:34:52+00:00,238.3.2,US,way many ads and very pricey remove them,6,3
1595314851,Lamar - Idle Vlogger,Crazy Labs,14370088780,Daddy Ruski,Fake advert,"How the game was advertised is different from what i met in the game
It’s really not nice to deceive people into downloading your game",2,2026-07-31 10:49:14+00:00,238.3.2,US,how the was advertised different from what met the not nice deceive people into downloading your,0,3
1595314851,Lamar - Idle Vlogger,Crazy Labs,14367771818,Demo***** are idiots,Too many ads,"Can’t enjoy the game, ads keep popping up",1,2026-07-30 19:48:54+00:00,238.3.2,US,can enjoy the ads keep popping,2,3
1094591345,Pokémon GO,"Scopely Explore, Inc.",14393064168,Rk1552,Game was great.,Game was great.. changed the catch rates to impossible and ruined the game.,1,2026-08-06 01:13:12+00:00,0.423.1,US,was changed the catch rates impossible and ruined the,0,3
1094591345,Pokémon GO,"Scopely Explore, Inc.",14392987396,Matty7380,Can’t login,"I’m at lv. 71, thru FB. I can’t get logged in. It says access denied.",2,2026-08-06 00:44:13+00:00,0.423.0,US,thru can logged says access denied,0,3
1094591345,Pokémon GO,"Scopely Explore, Inc.",14392978012,bigsilver559,Controls my settings,"I literally don’t want notifications on my phone for my own personal reasons. I turn off gift received, gift opening, etc. I just get raid invites. That’s all. Which works for me. But as of late, the setting keep getting put back to default. No matter how many times I change to my own preference. I thought I was losing my mind. But nope. I turn off AR buddy mode. It’s turns back on. Continuously! I hope they aren’t getting paid to blowup my phone on purpose. To get me hooked. Bc I
 about to delete this game.",1,2026-08-06 00:40:36+00:00,0.423.0,US,literally don notifications for own personal reasons turn off gift received gift opening etc raid invites that all which works for but late the setting keep put back default matter how many change own preference thought was losing mind but nope turn off buddy mode turns back continuously hope they aren paid blowup purpose hooked about delete this,0,3
1094591345,Pokémon GO,"Scopely Explore, Inc.",14392867337,Dylan Wagner,Doesn’t even open lol,"Was permanently banned for location spoofing when the game first came out. Came back however many years later to see if they reverted the decision (because it’s childish…especially for players that don’t live near a city, or people that just have more money travel more often having an advantage). Game doesn’t even start… crashes on start. Billion dollar company btw

UPDATE: After a few updates it finally starts after waiting a couple minutes. But the app crashes upon any action. Can’t catch Pokémon, can’t battle friends, can’t join raids. I bet the microtransaction shop still works fine tho. I learned that they sell an auto catcher device for the game. What’s even the point of complaining anymore",1,2026-08-05 23:57:57+00:00,0.423.0,US,was permanently banned for location spoofing when the first came out came back however many years later see they reverted the decision because childish especially for that don live near city people that have more money travel more often having advantage doesn even start crashes start billion dollar company btw update after few updates finally starts after waiting couple minutes but the crashes upon any action can catch pok mon can battle friends can join raids bet the microtransaction shop still works fine tho learned that they sell auto catcher device for the what even the point complaining anymore,0,3
1094591345,Pokémon GO,"Scopely Explore, Inc.",14392611630,Koko Fenner,It’s not loading it might work for you,I’m stuck on a black screen can u help meeeeeee,2,2026-08-05 22:16:53+00:00,0.423.0,US,stuck black screen can help meeeeeee,6,3
1094591345,Pokémon GO,"Scopely Explore, Inc.",14392441970,Idk bru gdjbdhebsjsjd,This game sucks,Like bro the GPS drift is stupid. If you’re stuck at a school for sports or something during an event then you are just cooked. The game is way too hard and honestly I’m sick of missing things.,1,2026-08-05 21:12:26+00:00,0.423.0,US,bro the gps drift stupid you stuck school for sports something during event then you are cooked the way too hard and honestly sick missing,6,3
1094591345,Pokémon GO,"Scopely Explore, Inc.",14392394921,Ihatesuperautopeys,P2w trash,"A 300 cp torchic will take 6 ultra balls to catch!!!!!! FIX YOUR CATCH RATES!!!! 
No it’s not 4 star it’s barely a 1 star Pokemon this is ridiculous.",1,2026-08-05 20:55:10+00:00,0.423.0,US,torchic will take ultra balls catch fix your catch rates not star barely star pokemon this ridiculous,0,3
1094591345,Pokémon GO,"Scopely Explore, Inc.",14392393616,Mr. Goy,CIA MAPPING APP!!,This app is being used by the CIA to create 3D models of the world so they can plan attacks more accurately globally. The CEO of this app doesn’t care one bit about the game and only created Pokémon GO so the players could be his little mice and do his architectural scanning and mapping for him and the government. Do your own research and wake up!!,1,2026-08-05 20:54:42+00:00,0.423.0,US,this being used the cia create models the world they can plan attacks more accurately globally the ceo this doesn care one bit about the and only created pok mon the could his little mice and his architectural scanning and mapping for him and the government your own research and wake,0,3
1094591345,Pokémon GO,"Scopely Explore, Inc.",14392153096,aaaa spam background,Predatory Tracking,i don’t want to enable adventure sync!!! why does your app keep forcing my phone to switch and force open my settings app without my permission? you don’t NEED to track anything while I’m not playing.,1,2026-08-05 19:29:50+00:00,0.423.0,US,don enable adventure sync why does your keep forcing switch and force open settings without permission you don need track anything while not,0,3
6448104157,Offline Games - No Wifi Games,Moreno Maio,14393098147,"edana10,000",New ad’s,Used to love but started with ads during the games. Deleted!,1,2026-08-06 01:25:55+00:00,3.13.2,US,used but started with ads during the deleted,2,11
6448104157,Offline Games - No Wifi Games,Moreno Maio,14392354558,DTI short for your ad,Adds pop out of nowhere,So ads pop up just out of nowhere I clicked on the home button ad and when I try to get out of a game guess what another ad and some games are impossible to win and some games don’t even follow the rules of that game in real life 😡😕😭,1,2026-08-05 20:40:26+00:00,3.13.2,US,ads pop out nowhere clicked the home button and when try out guess what another and some are impossible win and some don even follow the rules that real life,0,11
6448104157,Offline Games - No Wifi Games,Moreno Maio,14389732678,Amyleannewalker,Lies,This game has ads. Lots of them.,1,2026-08-05 06:06:41+00:00,3.13.2,US,this has ads lots them,2,11
6448104157,Offline Games - No Wifi Games,Moreno Maio,14388760969,Woot....Yay,Privacy Settings Not Retained,"Recently had a pop up for a new privacy policy to consent to advertising. I do not consent. Opted out of every option, pressed “confirm choices”. Doubled checked my choices and all advertising options have been turned back on. Opt out means opt out.",1,2026-08-04 23:45:15+00:00,3.13.2,US,recently had pop for new privacy policy consent advertising not consent opted out every option pressed confirm choices doubled checked choices and all advertising options have been turned back opt out means opt out,0,11
6448104157,Offline Games - No Wifi Games,Moreno Maio,14384822833,mocs_78,Can’t skip ads,I see no way to skip the ads.  The developer say they are skippable in 10 seconds but I’ve waited for a least a minute and nothing ever pops up to let me skip.,2,2026-08-04 00:46:49+00:00,3.13.2,US,see way skip the ads the developer say they are skippable seconds but waited for least minute and nothing ever pops let skip,6,11
6498883328,Tile Explorer: Tiles Clear!,Oakever Games,14383777121,vdocutter,Click-bait!,Looks like just another Mah Jong game — NOTHING like the ads! Deleted.,1,2026-08-03 18:32:04+00:00,1.93.2,US,looks another mah jong nothing the ads deleted,2,3
6498883328,Tile Explorer: Tiles Clear!,Oakever Games,14380123758,This is another stupid rule,Not what as shown,I want a tile game like the ad. Tiles upside down and you pick two and try to pick matches.,1,2026-08-02 20:58:56+00:00,1.93.2,US,tile the tiles upside down and you pick two and try pick matches,0,3
6498883328,Tile Explorer: Tiles Clear!,Oakever Games,14377318318,ShirleyRebel,Too many ads!,The game is okay if it didn’t want you to watch millions of ads to be able to play the game! You spend more time watching ads than u do playing the game! If I could give this game zero stars for all the ads u have to watch just to play you even have to watch ads in order to get to the next level when you level up!!,1,2026-08-02 04:47:58+00:00,1.93.2,US,the okay didn you watch millions ads able the you spend more watching ads than the could give this zero stars for all the ads have watch you even have watch ads order the next level when you level,2,3
6498883328,Tile Explorer: Tiles Clear!,Oakever Games,14376601036,sandigc6,Addicting,"I would give this game five stars, except for the fact that ads to download other games keep popping up and keeping me from finishing my game. I have to delete the app and reinstall it to be able to continue playing. For that reason, i give it 2 stars.",2,2026-08-02 00:07:23+00:00,1.93.2,US,would give this five stars except for the fact that ads download other keep popping and keeping from finishing have delete the and reinstall able continue for that reason give stars,2,3
6784602967,Stack Smash - 3D Puzzle Game,Tripledot Studios,14388168379,chrissih73,Misleading ad,"I downloaded it because in the ad, the ball is represented as big as a soccer ball. Once I got it, it was not. Irritating. Deleted",1,2026-08-04 20:03:06+00:00,0.3.1,US,downloaded because the the ball represented big soccer ball once was not irritating deleted,0,10
6784602967,Stack Smash - 3D Puzzle Game,Tripledot Studios,14386740487,Chris2326,Extremely buggy and Ad heavy,"The game play is buggy, every level 2/3 times the game kicks off and pulls up the internet browser. It’s difficult to get through a level sometimes. On top of that once you complete a level a 1 or 2 min ad pops up. Stay away there are better games out there.",1,2026-08-04 12:55:42+00:00,0.3.1,US,the buggy every level the kicks off and pulls the internet browser difficult through level sometimes top that once you complete level min pops stay away there are better out there,4,10
6784602967,Stack Smash - 3D Puzzle Game,Tripledot Studios,14384152992,Pizza eating kids,No giant balls,The original ad I saw for this showed the balls being LARGE. I’m in level 170 and the ball’s are the same as every other app. Nothing special,1,2026-08-03 20:36:27+00:00,0.3.1,US,the original saw for this showed the balls being large level and the ball are the same every other nothing special,4,10
6784602967,Stack Smash - 3D Puzzle Game,Tripledot Studios,14375771404,buzzy2112,Ads are OOC,"I'm used to ads in my games, but this one takes the cake. 20 seconds of gameplay followed by 60 seconds of ads. if you're going to show an ad after every level, it has to be the quick-dismiss type of ad, not the full 60 second, 2-out-of-2 type of ads. you can't bludgeon players into paying for the ad-free upgrade. 

otherwise an enjoyable game. satisfying to knock the pieces off the board.",2,2026-08-01 18:54:27+00:00,0.3.1,US,i'm used ads but this one takes the cake seconds gameplay followed seconds ads you're going show after every level has the quick-dismiss type not the full second out-of type ads you can't bludgeon into paying for the ad-free upgrade otherwise enjoyable satisfying knock the pieces off the board,2,10
329218549,Chess.com - Play and Learn,Chess.com,14393369445,74638352835hdgxjxuevx,Paywalled the joy out of chess🫩,"A lot of stuff is paywalled, if you don’t buy premium you gotta watch adds promoting gambling, you have to pay to game review more than twice a day (I misclicked game review and there goes mine because the interface sucks) also I don’t care if I lost a star or crown or whatever because I undid something.",2,2026-08-06 03:08:59+00:00,4.10.22,US,lot stuff paywalled you don buy premium you gotta watch adds promoting gambling you have pay review more than twice day misclicked review and there goes mine because the interface sucks also don care lost star crown whatever because undid something,5,4
329218549,Chess.com - Play and Learn,Chess.com,14393329597,Bilbo the Bagginses,Too many ads,Even for the free version there are SO MANY ads literally ad every click that I do is obsessive,1,2026-08-06 02:53:22+00:00,4.10.22,US,even for the free version there are many ads literally every click that obsessive,7,4
329218549,Chess.com - Play and Learn,Chess.com,14392817040,tokkles84,Annoying start up sound,Why was this added?,1,2026-08-05 23:38:02+00:00,4.10.22,US,why was this added,0,4
329218549,Chess.com - Play and Learn,Chess.com,14391755888,Chesscom Sucks,Don’t use Chess.com,TOO MANY ADS. Forced to open courses. Moving pieces during game is messy.,1,2026-08-05 17:20:05+00:00,4.10.22,US,too many ads forced open courses moving pieces during messy,2,4
1207472156,Wordscapes - Word Game,"PeopleFun, Inc.",14393443763,Sharden54,Flashing sparkly lights,"They added so much animation that it is causing migraines and seizures. Beware if experience these, this game is not for you. 
Support is not responding to our request to remove these annoying sparkles.",1,2026-08-06 03:38:30+00:00,3.13.00,US,they added much animation that causing migraines and seizures beware experience these this not for you support not responding our request remove these annoying sparkles,0,11
1207472156,Wordscapes - Word Game,"PeopleFun, Inc.",14391867754,"Fat, smart, & happy",Used to Love this Game,"Recent updates have added flashing and unnecessary graphics that I find visually disturbing. I can no longer play as long as I used to.

I wish the designers would add an option to disable these graphical features.",1,2026-08-05 17:55:31+00:00,3.12.90,US,recent updates have added flashing and unnecessary graphics that find visually disturbing can longer long used wish the designers would add option disable these graphical features,0,11
1207472156,Wordscapes - Word Game,"PeopleFun, Inc.",14389007485,townsbg,Fremiums,"Please stop with the fremium animals. They take too long, cost too must, and devalue the game. On top of that they’re not even worth as much as they used to.",1,2026-08-05 01:18:09+00:00,3.12.90,US,please stop with the fremium animals they take too long cost too must and devalue the top that they not even worth much they used,7,11
1207472156,Wordscapes - Word Game,"PeopleFun, Inc.",14388838407,naturesleuth,Sparkles overwhelming,This used to be an awesome game but they have gotten carried away with the graphics. Now migraine trigger sparkles and stars appear everywhere making it almost impossible to play.,1,2026-08-05 00:15:08+00:00,3.12.90,US,this used awesome but they have gotten carried away with the graphics now migraine trigger sparkles and stars appear everywhere almost impossible,0,11
1207472156,Wordscapes - Word Game,"PeopleFun, Inc.",14388754032,Linhale,Phone gets blazing hot,During play I’m getting pop ups from my iPhone alerting me to shut down the game!,1,2026-08-04 23:42:29+00:00,3.12.90,US,during pop ups from alerting shut down the,0,11
1207472156,Wordscapes - Word Game,"PeopleFun, Inc.",14388749433,1975AJM,Avoid 3.12.70 & 3.12.90,"I will NOT update! 
I suffer from severe migraines! I do weekly self injections for them.
The circles & flashing graphics are triggers for migraines  & for some with seizure issues. I have also communicated this with the “in game” support.
Too many players complaining of headaches with these builds.",1,2026-08-04 23:40:42+00:00,3.12.90,US,will not update suffer from severe migraines weekly self injections for them the circles flashing graphics are triggers for migraines for some with seizure issues have also communicated this with the support too many complaining headaches with these builds,0,11
1207472156,Wordscapes - Word Game,"PeopleFun, Inc.",14388703029,Shyone two,"Accessibility Hazard)

​Recent updates i","​Recent updates introduced intense flashing lights and visual effects that trigger severe visual distress and photosensitivity issues. There is currently no option in settings to disable or reduce these effects.

Fix: Please add an accessibility setting to disable flashing light animations immediately so everyone can play safely.",1,2026-08-04 23:22:26+00:00,3.12.90,US,recent updates introduced intense flashing lights and visual effects that trigger severe visual distress and photosensitivity issues there currently option settings disable reduce these effects fix please add accessibility setting disable flashing light animations immediately everyone can safely,0,11
1207472156,Wordscapes - Word Game,"PeopleFun, Inc.",14388677658,Daisiesandsunshine,New update makes it a hazard,"Despite the amount of negative health risks and complaints filed due to the most recent update, the app hasn’t changed. Flashing lights, bright popping up words, circling letters and intense flashes of stars and dots (no matter your phone setting or tinted glasses for screens use) continue to put players at risk. Players with photosensitivity, dysautonomia that has spread to the pupils, players prone to migraines, seizures, vertigo, and nausea are all now at risk.
Fix: add an option to disable the all flashing, twinkling, words popping up, etc. immediately so that EVERYONE can play safely. This game is no longer accessible to all.",1,2026-08-04 23:12:34+00:00,3.12.90,US,despite the amount negative health risks and complaints filed due the most recent update the hasn changed flashing lights bright popping words circling letters and intense flashes stars and dots matter your setting tinted glasses for screens use continue put risk with photosensitivity dysautonomia that has spread the pupils prone migraines seizures vertigo and nausea are all now risk fix add option disable the all flashing twinkling words popping etc immediately that everyone can safely this longer accessible all,0,11
1207472156,Wordscapes - Word Game,"PeopleFun, Inc.",14388455370,Wordscaper123,Warning on latest update,"Recent updates introduced intense flashing lights and visual effects that trigger severe visual distress and photosensitivity issues. There is currently no option in settings to disable or reduce these effects. Many players on my team are getting headaches or dizzy spells. Nothing has been done even though players are upset about this as noted on negative Facebook posts.

Fix: Please add an accessibility setting to disable flashing light animations immediately so everyone can play safely.",1,2026-08-04 21:46:32+00:00,3.12.90,US,recent updates introduced intense flashing lights and visual effects that trigger severe visual distress and photosensitivity issues there currently option settings disable reduce these effects many team are headaches dizzy spells nothing has been done even though are upset about this noted negative facebook posts fix please add accessibility setting disable flashing light animations immediately everyone can safely,0,11
1207472156,Wordscapes - Word Game,"PeopleFun, Inc.",14388031250,dragon lord boo,Change not fun,Why did you take away the wheel each day.? Now all I get is cards.,1,2026-08-04 19:16:53+00:00,3.12.90,US,why did you take away the wheel each day now all cards,7,11
1207472156,Wordscapes - Word Game,"PeopleFun, Inc.",14386356291,L's in Love,Too many flash features,Please stop with the flashes and sparkles - migraines - seizures - no joke!,1,2026-08-04 10:52:28+00:00,3.12.90,US,please stop with the flashes and sparkles migraines seizures joke,0,11
1207472156,Wordscapes - Word Game,"PeopleFun, Inc.",14385249684,DreadPirateJeff,Full of ads,Their at literally said no ads and the first thing I see are banner ads. And then ads between levels. Full of ads. If they can’t be honest in their own advertising they aren’t worth spending money on.,1,2026-08-04 03:23:46+00:00,3.12.90,US,their literally said ads and the first see are banner ads and then ads between levels full ads they can honest their own advertising they aren worth spending money,2,11
1207472156,Wordscapes - Word Game,"PeopleFun, Inc.",14385187630,Papabear9400,No ads???,I searched for games with no ads…this one came up…has ads after every stinking game and cannot get back to the game. I used to love this game but now can’t even play it.,2,2026-08-04 03:00:02+00:00,3.12.90,US,searched for with ads this one came has ads after every stinking and cannot back the used this but now can even,2,11
1207472156,Wordscapes - Word Game,"PeopleFun, Inc.",14385107675,EJackso9,Ads,The ads are ridiculous! Ads you can’t back out of after every level makes it impossible to enjoy the game,1,2026-08-04 02:30:12+00:00,3.12.90,US,the ads are ridiculous ads you can back out after every level impossible enjoy the,2,11
6475757306,Disney Solitaire,SuperPlay,14393439617,PianoMan80,Irritating Extras,"I want to play solitaire, not collect cards, puzzle pieces, bake with Linguini, or make Hades break vases. I spent amore time clicking through that garbage than I did playing the game. I gave up and deleted it.",1,2026-08-06 03:36:50+00:00,1.23.0,US,solitaire not collect cards puzzle pieces bake with linguini hades break vases spent amore clicking through that garbage than did the gave and deleted,0,3
6475757306,Disney Solitaire,SuperPlay,14393426346,Jeff Jeff 84,Great game,Nice game I can spend hours on,2,2026-08-06 03:31:32+00:00,1.23.0,US,nice can spend hours,1,3
6475757306,Disney Solitaire,SuperPlay,14392083946,arockstar2026,App Glitch,With the last app update the game freezes and won’t load if i’m on wifi. Super frustrating as I love this game and have spent a decent amount of money on it,2,2026-08-05 19:06:22+00:00,1.23.0,US,with the last update the freezes and won load wifi super frustrating this and have spent decent amount money,0,3
1105855019,Gardenscapes,Playrix,14393180443,djthe gamer78,Lies,This game is nothing like the infomercials they announce or how you try it out. It’s all a lie. Deleting because it sucks. Ai is the one commenting or people must be getting something to give positive reviews,1,2026-08-06 01:56:33+00:00,9.8.0,US,this nothing the infomercials they announce how you try out all lie deleting because sucks the one commenting people must something give positive reviews,0,3
1105855019,Gardenscapes,Playrix,14392808579,ElpadreEZ,Greed has taken over this once awesome game.,"I’ve played Gardenscapes on and off for years, and it’s disappointing to see what this game has become. It used to be fun because there was a good balance of easy, medium, and hard levels. Some levels challenged you, some were relaxing, but overall it felt fair. You could actually make progress without feeling like you had to spend money.

Once you get past level 11,000, that balance is gone. Almost every level feels like a Hard or Super Hard level, even the ones that aren’t labeled that way. The difficulty feels intentionally increased to push players toward buying coins, boosters, and extra moves.

The coin rewards are also terrible. You can spend multiple lives and boosters trying to beat a difficult level, only to get rewarded with a small amount of coins that doesn’t come close to replacing what you used. The payout system makes progression feel like a constant struggle.

Gardenscapes has gone from a fun puzzle game to a pay-to-win cash grab. Instead of rewarding the players who have stuck with this game for years, the developers have made it more and more frustrating unless you’re willing to spend money.

It’s disappointing because this used to be one of my favorite games. After years of playing, I find myself enjoying it less and less because the focus seems to have shifted from creating a fun experience to finding more ways to get players to pay. Unless you’re willing to spend money, expect more frustration than fun.",1,2026-08-05 23:34:44+00:00,9.8.0,US,gardenscapes and off for years and disappointing see what this has become used fun because there was balance easy medium and hard levels some levels challenged you some were relaxing but overall felt fair you could actually progress without feeling you had spend money once you past level that balance gone almost every level feels hard super hard level even the ones that aren labeled that way the difficulty feels intentionally increased push toward buying coins boosters and extra moves the coin rewards are also terrible you can spend multiple lives and boosters trying beat difficult level only rewarded with small amount coins that doesn come close replacing what you used the payout system progression feel constant struggle gardenscapes has gone from fun puzzle pay-to-win cash grab instead rewarding the who have stuck with this for years the developers have made more and more frustrating unless you willing spend money disappointing because this used one favorite after years find myself enjoying less and less because the focus seems have shifted from creating fun experience finding more ways pay unless you willing spend money expect more frustration than fun,4,3
1105855019,Gardenscapes,Playrix,14391079783,Bluedot30,Too costly,"Spend too much money on this game! 

First of all the higher the level you played the more difficult it gets.

Can’t compete the other events within set time.

Always purchased the monthly tickets game, but this will be my last time purchasing this. Until they make the game user friendly.  Been playing this game for nearly 7 years. 

Do better for your paying gamers!",1,2026-08-05 14:06:11+00:00,9.8.0,US,spend too much money this first all the higher the level you the more difficult can compete the other events within set always purchased the monthly tickets but this will last purchasing this until they the user friendly been this for nearly years better for your paying gamers,1,3
1105855019,Gardenscapes,Playrix,14389332906,Canaapr,Juego,El juego no tiene nada que ver con la promoción,1,2026-08-05 03:19:19+00:00,9.8.0,US,juego tiene nada que ver con promoci,0,3
1105855019,Gardenscapes,Playrix,14389251457,Goldenncee,NOT THE SAME GAME,DO NOT DOWNLOAD its not the game that was advertised,1,2026-08-05 02:48:00+00:00,9.8.0,US,not download its not the that was advertised,0,3
1105855019,Gardenscapes,Playrix,14388956364,Shbdrjfdyhcdhvdghv,Terrible Bug and Not Compensated,"When I downloaded the game, I was forced to start in an event and could never go to the main garden until I completed 700+ levels. When I got to the garden I was given 0 stars from those levels but had to start renovating the garden from an extremely high level. Playrix would not give me the stars I earned. I know this is not how the game works because I used to play years ago. I later learned they forced me into a testing group to try to test how much I’ll buy to get to the main game. Never download anything from Playrix, I have permanently deleted.",1,2026-08-05 00:59:27+00:00,9.8.0,US,when downloaded the was forced start event and could never the main garden until completed levels when the garden was given stars from those levels but had start renovating the garden from extremely high level playrix would not give the stars earned know this not how the works because used years ago later learned they forced into testing group try test how much buy the main never download anything from playrix have permanently deleted,4,3
1105855019,Gardenscapes,Playrix,14388357336,Carebare1139,Obviously rigged,"The only reason why that I’m playing this game is because I have to play a ridiculous amount of levels on this game. To earn cash from this other app, the fact that you guys have to pay a company to advertise this game and the fact that majority of your players are only playing this game because they’re getting paid to do it is ridiculous and obviously shows that no one wants to play this game because it’s rigged. They make some levels basically impossible to pass unless you spend money so once you’re out of lives or you’re out of power ups, it’s physically impossible to pass the hard levels which makes you feel inclined that you have to pay to pass a level to get power ups. your game sucks and you know it. That’s why you have to pay companies to advertise your game and nobody wants to play it unless they’re getting paid to do it. Such a  flex huh",2,2026-08-04 21:10:00+00:00,9.8.0,US,the only reason why that this because have ridiculous amount levels this earn cash from this other the fact that you guys have pay company advertise this and the fact that majority your are only this because they paid ridiculous and obviously shows that one wants this because rigged they some levels basically impossible pass unless you spend money once you out lives you out power ups physically impossible pass the hard levels which you feel inclined that you have pay pass level power ups your sucks and you know that why you have pay companies advertise your and nobody wants unless they paid such flex huh,5,3
1105855019,Gardenscapes,Playrix,14387054281,ceeeeeeceeeeeeeee,Not like this at all,This is 100% false advertisement,1,2026-08-04 14:24:18+00:00,9.8.0,US,this false advertisement,0,3
1105855019,Gardenscapes,Playrix,14383893600,Superschlo,Stay Away,"I am a 5-year+ player with over 16,000 caps and have just left the game. Why? The devs have made changes to the game over the past 12 months that make it a requirement to throw money at the game to stay alive. This game used to have the perfect balance - progress with the occasional purchase. Now with their recent updates, purchases have become a constant, the cap levels repetitive, and many are leaving the game. New players - watch out not worth the time and effort.",1,2026-08-03 19:09:24+00:00,9.8.0,US,year with over caps and have left the why the devs have made changes the over the past months that requirement throw money the stay alive this used have the perfect balance progress with the occasional purchase now with their recent updates purchases have become constant the cap levels repetitive and many are leaving the new watch out not worth the and effort,0,3
1105855019,Gardenscapes,Playrix,14383617965,Cobrahiss,Catch a wave,Catch a wave is nothing more than a way for the developers to punish you for playing the game. You beat a level to start catch a wave which earns you 30 minutes free play time on a super mega utterly impossibly hard level which gets entirely wasted on that level. Time ends and you are still stuck. Power ups work like  using a paper bag to carrying wet items in.,1,2026-08-03 17:42:32+00:00,9.8.0,US,catch wave nothing more than way for the developers punish you for the you beat level start catch wave which earns you minutes free super mega utterly impossibly hard level which entirely wasted that level ends and you are still stuck power ups work using paper bag carrying wet items,4,3
1105855019,Gardenscapes,Playrix,14382995637,Onajemo,The games level,"With time the games level are too hard,games are something to while away time not some puzzle, why do we have to always update every month, getting tired",1,2026-08-03 14:43:49+00:00,9.8.0,US,with the level are too hard are something while away not some puzzle why have always update every month tired,4,3
1105855019,Gardenscapes,Playrix,14382895332,adtwrhfruudmjigfurmfejfrjr,This game lies😡,It lied in the adds so therefore I don’t use the game as much as I would have liked.  There is so much more to the game than I would have liked and the main game is extremely hard and boring. It looks like this fun game where you pull a few pins but they lied and the fun game you see in the adds rarely comes up for you to play.😡😡😡😡😢😢😢,1,2026-08-03 14:16:12+00:00,9.8.0,US,lied the adds therefore don use the much would have liked there much more the than would have liked and the main extremely hard and boring looks this fun where you pull few pins but they lied and the fun you see the adds rarely comes for you,3,3
1105855019,Gardenscapes,Playrix,14380836182,Pool boy 247,Buggy rip off game,Lots of bugs preventing game play.  No customer support.,1,2026-08-03 01:33:36+00:00,9.8.0,US,lots bugs preventing customer support,0,3
1105855019,Gardenscapes,Playrix,14380777634,okLJ5,No as advertised,"I don’t understand why it’s not the game that is advertised, that looks much more interesting
 than what it really is",1,2026-08-03 01:11:41+00:00,9.8.0,US,don understand why not the that advertised that looks much more interesting than what,0,3
1105855019,Gardenscapes,Playrix,14380215826,Tuxedo Tiger,Nothing like the game,I got the game to do the puzzles but there are almost no puzzles nothing like the ads I’ve seen.,1,2026-08-02 21:32:56+00:00,9.8.0,US,the the puzzles but there are almost puzzles nothing the ads seen,2,3
6450413462,CrownCoins Casino,Sunflower,14392520435,BigIre3,Spam,They waited until I tried withdraw 201 dollars then locked me out of the system,1,2026-08-05 21:41:47+00:00,1.14.0,US,they waited until tried withdraw dollars then locked out the system,0,9
6450413462,CrownCoins Casino,Sunflower,14392054544,jennyglvr,Won’t verify accounts,"I have tried multiple times to update my information to verify my account and I continue to send emails over and over again. Nobody will respond to me. I am on my third email. It’s a great game, but it will not pay you unless you verify and for some reason, my information would not go through the app. Very disappointing.",1,2026-08-05 18:56:42+00:00,1.14.0,US,have tried multiple update information verify account and continue send emails over and over again nobody will respond third email but will not pay you unless you verify and for some reason information would not through the very disappointing,5,9
6450413462,CrownCoins Casino,Sunflower,14391718479,Rj8484,Don’t be tricked don’t,"Multiple screen recordings to prove my allegations for a while now I’ve been noticing my price is not going to my account balance so I started screen recording and do I have multiple showing winnings being won, but not being transferred to my account balance. This is a scam.",1,2026-08-05 17:08:40+00:00,1.14.0,US,multiple screen recordings prove allegations for while now been noticing price not going account balance started screen recording and have multiple showing winnings being won but not being transferred account balance this scam,6,9
6450413462,CrownCoins Casino,Sunflower,14391409150,bblackmon88,Under Several Lawsuits,Research this company. This is not fair gameplay. The RTP is very very low. Research this before putting money in. They are in several active lawsuits all over the country.,1,2026-08-05 15:37:55+00:00,1.14.0,US,research this company this not fair gameplay the rtp very very low research this before putting money they are several active lawsuits all over the country,0,9
6450413462,CrownCoins Casino,Sunflower,14390014202,PayYourself,SCAM,A complete SCAM!!!! I have over 2000 on there but they send me message after message saying they need a different type of verification in order to cash out. I’ve complied with everything they asked to no avail. Dont waste your time or money,1,2026-08-05 08:04:45+00:00,1.14.0,US,complete scam have over there but they send message after message saying they need different type verification order cash out complied with everything they asked avail dont waste your money,1,9
6450413462,CrownCoins Casino,Sunflower,14389059775,Elvislohr,Game sucks,I have played whenever I’ve had the chance to I use the free money I get from the app and I test out the game to see if I would put my own cash into it and I spent 7.99 for $10 on there I never win any games I’ll pay more money than I win I only win 20 cents or 10 cents maybe 2 dollars just to lose it again so therefore I’m deleting the app.,1,2026-08-05 01:37:18+00:00,1.14.0,US,have whenever had the chance use the free money from the and test out the see would put own cash into and spent for there never win any pay more money than win only win cents cents maybe dollars lose again therefore deleting the,5,9
6450413462,CrownCoins Casino,Sunflower,14388739466,red mud pig killer,Can’t transfer winnings,I won and tried to transfer to my bank. I tried for an hours so many ways I could see that I entered it all correctly I even entered my bank manually. It tells me my bank didn’t provide what they needed to make transfer. Don’t waste your time or money. Designed to take only. They they can take Money from Apple Pay but can’t transfer it there. They take money from a debit card but can’t deposit there. The only choice is a prepaid gift card in the mail. I’m saving my money for a real casino,1,2026-08-04 23:36:47+00:00,1.14.0,US,won and tried transfer bank tried for hours many ways could see that entered all correctly even entered bank manually tells bank didn provide what they needed transfer don waste your money designed take only they they can take money from pay but can transfer there they take money from debit card but can deposit there the only choice prepaid gift card the mail saving money for real casino,1,9
6450413462,CrownCoins Casino,Sunflower,14388391286,billyd55555,Played for months never won,I had this app for months and loaded lots of money on it and never won anything worth redeeming. I have a couple other casino apps that win Big all the time. Just delete it don’t waste your money.,1,2026-08-04 21:22:29+00:00,1.14.0,US,had this for months and loaded lots money and never won anything worth redeeming have couple other casino that win big all the delete don waste your money,1,9
6761603258,Loop Master: Color Jam Sort,Orange One Limited,14393269452,Edumouse,Fun- but has ads!,"The ad that I saw and downloaded the game said NO ADS!!  Great, and saw none till level 16 then ads every round!!",1,2026-08-06 02:30:07+00:00,1.0.8,US,the that saw and downloaded the said ads and saw none till level then ads every round,2,10
6761603258,Loop Master: Color Jam Sort,Orange One Limited,14392860745,Sardonyxz,Ads are to much,I choose the less coins so I wouldn’t have to watch an ad and then it goes straight to an ad.. so I have to watch ads for no additional coins??? Deleted immediately after the second time it happened (in a row) cuz I know it would continue to happen,1,2026-08-05 23:55:20+00:00,1.0.8,US,choose the less coins wouldn have watch and then goes straight have watch ads for additional coins deleted immediately after the second happened row cuz know would continue happen,2,10
6761603258,Loop Master: Color Jam Sort,Orange One Limited,14391987778,😬😂🍋,Ads go crazy,I understand needing ads to make money but starting at level 17 you get an ad every level. That makes the game unplayable. Deleted. Don’t waste your time.,1,2026-08-05 18:34:39+00:00,1.0.8,US,understand needing ads money but starting level you every level that the unplayable deleted don waste your,4,10
6761603258,Loop Master: Color Jam Sort,Orange One Limited,14391311610,WelcomeHomeSW,WRONG,"I just downloaded this game and played 15 levels. Twice it told me that I was “at capacity” and I had failed the round, when there was plenty more room on the conveyor belt. The game is fraudulent. I mean, they’re all freaking corrupt. They are ALL gambling games, And are never random when they indicate that they’re random… but this one continues to end the game (and wants you to pay to extend it) when it hasn’t even met the stated rules of the game. (!) I have an image showing this, and if I could upload my images to reviews, I would. But this is not a feature that’s enabled in the Apple Store review feature.  

On this round, for this game, I still had about 40% of the conveyor belt OPEN when I was telling me that “you are at capacity” I need to pay to extend capacity. That makes the game illegitimate.

And the Apple play store for that matter is also illegitimate, because if you leave a negative review (like this one) that’s honest  (like this one) Apple will remove it! Or The company will scan for negative reviews and submit some kind of illegitimate claim to have it removed. 

One of the reasons I downloaded this game was the 4.9 rating. And the game WAS  super fun until it kept shutting me down for incorrect and improper reasons. CLEARLY YOU CAN NO LONGER TRUST APPLE STORE STAR RATINGS.",2,2026-08-05 15:10:24+00:00,1.0.8,US,downloaded this and levels twice told that was capacity and had failed the round when there was plenty more room the conveyor belt the fraudulent mean they all freaking corrupt they are all gambling and are never random when they indicate that they random but this one continues end the and wants you pay extend when hasn even met the stated rules the have image showing this and could upload images reviews would but this not feature that enabled the store review feature this round for this still had about the conveyor belt open when was telling that you are capacity need pay extend capacity that the illegitimate and the store for that matter also illegitimate because you leave negative review this one that honest this one will remove the company will scan for negative reviews and submit some kind illegitimate claim have removed one the reasons downloaded this was the rating and the was super fun until kept shutting down for incorrect and improper reasons clearly you can longer trust store star ratings,5,10
6761603258,Loop Master: Color Jam Sort,Orange One Limited,14390708074,Hick I R,Lied in ads,"The ad for the game said it was ad free. It isn’t. Game isn’t horrible, but blatant lying in advertising is not okay.",1,2026-08-05 12:18:07+00:00,1.0.8,US,the for the said was free isn isn horrible but blatant lying advertising not okay,0,10
6761603258,Loop Master: Color Jam Sort,Orange One Limited,14384108755,LorraineKP,ADS,"This is a cute game, very relaxing, but I must suck at it because I have to watch an ad DURING every game, and then again after it. Once in a while I have to watch two ads to get through a game, maybe I’m trying to go too fast. So I spend more time watching ads than playing. Every couple of rounds I search through the board looking for a way to just pay for the game so I don’t have to watch the ads, but alas there’s no way.",2,2026-08-03 20:21:09+00:00,1.0.8,US,this cute very relaxing but must suck because have watch during every and then again after once while have watch two ads through maybe trying too fast spend more watching ads than every couple rounds search through the board looking for way pay for the don have watch the ads but alas there way,2,10
6761603258,Loop Master: Color Jam Sort,Orange One Limited,14374131669,idswim,Cheats you on rewards in sky rise,"I’ve gotten within the jackpot on sky rise, but every single time I do, They knock me down to level 1; even though I win every game.",1,2026-08-01 10:31:01+00:00,1.0.8,US,gotten within the jackpot sky rise but every single they knock down level even though win every,4,10
6761603258,Loop Master: Color Jam Sort,Orange One Limited,14371694563,Skpicky,The ad lies,"Playing another game I got an ad for this game. One of the things that drew me to it where the words no ads. That is true for 17 levels but as soon as I cleared level 17, I started getting an ad after every level. False advertising.",1,2026-07-31 18:52:14+00:00,1.0.8,US,another for this one the that drew where the words ads that true for levels but soon cleared level started after every level false advertising,4,10
6761603258,Loop Master: Color Jam Sort,Orange One Limited,14359951284,caleb-414,Over the top ads.,"Dawg, an ad after every single level, absurd!",1,2026-07-28 21:29:15+00:00,1.0.8,US,dawg after every single level absurd,4,10
6761603258,Loop Master: Color Jam Sort,Orange One Limited,14354561822,Jsfbfndke,Annoying,Game said no ads but after the first 20 levels you get one every single level,1,2026-07-27 14:35:13+00:00,1.0.8,US,said ads but after the first levels you one every single level,4,10
6761603258,Loop Master: Color Jam Sort,Orange One Limited,14345464292,Crow_13,Stop using AI,"Everything you’d expect from these types of games, with pop ups for microtransactions every time you open it, limited time ‘events’ every single day, and ads every other game. I’m used to all of that, and this game actually doesn’t do it as much as some others, but I had to give it a full star less because the weird, AI-generated mascots just make me want to stop playing every time I see them.",2,2026-07-25 07:22:40+00:00,1.0.8,US,everything you expect from these types with pop ups for microtransactions every you open limited events every single day and ads every other used all that and this actually doesn much some others but had give full star less because the weird ai-generated mascots stop every see them,2,10
6754009969,Jackpot Nights,Lucky Link Ltd.,14393620469,Demo4725,"This game is a scam, bro","I have reported them to the state general attorney, the FTC, the IC3, and also the Better Business Bureau and there’s an investigation on them",1,2026-08-06 04:53:06+00:00,1.5.0,US,have reported them the state general attorney the ftc the and also the better business bureau and there investigation them,7,9
6754009969,Jackpot Nights,Lucky Link Ltd.,14391469309,Shes confused,Annoyed,Ive been having a hard time explaining to customer service i didnt receive a redemption and gave them all the proof needed still no resolution.  Very unprofessional,1,2026-08-05 15:55:08+00:00,1.5.0,US,ive been having hard explaining customer service didnt receive redemption and gave them all the proof needed still resolution very unprofessional,7,9
6754009969,Jackpot Nights,Lucky Link Ltd.,14388967448,Reviews0-,Terrible CS leading to $4000 frozen,"I deposited around $4000 total and won a decent amount. Even when verifying my id I had to try several times because the scanner was bad but eventually it worked. I withdrew $700 and it was pending along with around $3200 left in my balance and the next day the app is telling me they found unusual behavior and I should contact them, however contacting them and getting a competent agent to help is impossible. I don’t want to charge back or take legal action but this is crazy. If your not going to release me my funds than at least refund all my purchases. I’ve already emailed and I find it so frustrating I can’t receive no assistance. Why run a casino app with only one email for submit that doesn’t even respond.",1,2026-08-05 01:03:31+00:00,1.4.0,US,deposited around total and won decent amount even when verifying had try several because the scanner was but eventually worked withdrew and was pending along with around left balance and the next day the telling they found unusual behavior and should contact them however contacting them and competent agent help impossible don charge back take legal action but this crazy your not going release funds than least refund all purchases already emailed and find frustrating can receive assistance why run casino with only one email for submit that doesn even respond,7,9
6754009969,Jackpot Nights,Lucky Link Ltd.,14388910311,Tammy SL,Lies,They tell you if you download you get $80 to play I downloaded it and got .20 they don’t give you any more money for coming back don’t believe them all they want you to do is deposit more money liars,2,2026-08-05 00:42:22+00:00,1.4.0,US,they tell you you download you downloaded and they don give you any more money for coming back don believe them all they you deposit more money liars,1,9
6754009969,Jackpot Nights,Lucky Link Ltd.,14388209667,Rssnd182,Rigged,Misleading “bonuses” terrible customer service and a disaster to deal with. Do not download or purchase any sc,1,2026-08-04 20:17:23+00:00,1.4.0,US,misleading bonuses terrible customer service and disaster deal with not download purchase any,7,9
6754009969,Jackpot Nights,Lucky Link Ltd.,14388075688,Monkeyhagduforn,Scam,I like how the adds be saying don’t need to put money in to cash out but when I get the game and play win big tells me to put money in to cash out 😂🤦‍♂️,1,2026-08-04 19:31:38+00:00,1.4.0,US,how the adds saying don need put money cash out but when the and win big tells put money cash out,1,9
6754009969,Jackpot Nights,Lucky Link Ltd.,14386349190,Gellybelly69,Jackpot nights,It’s says on ads free SC 20 but when downloaded it’s only .20 sad!,1,2026-08-04 10:49:56+00:00,1.4.0,US,says ads free but when downloaded only sad,2,9
6754009969,Jackpot Nights,Lucky Link Ltd.,14385030559,twebster725,A scam like all the other SC casino apps,Literally just spun over 50 times without a single line hit. The real casinos aren’t even that bad. Had a couple nice wins when I first signed up and nothing since. Do yourself a favor and delete the app after you get a new player win.,2,2026-08-04 02:02:07+00:00,1.4.0,US,literally spun over without single line hit the real casinos aren even that had couple nice wins when first signed and nothing since yourself favor and delete the after you new win,0,9
6754009969,Jackpot Nights,Lucky Link Ltd.,14384888182,Scooter6803,Hmmmm,You ask if we would like to re download your app to give it another try and it say it will throw in the $80 bonus.  Where is it????,1,2026-08-04 01:11:00+00:00,1.4.0,US,you ask would download your give another try and say will throw the bonus where,0,9
6754009969,Jackpot Nights,Lucky Link Ltd.,14384441557,Armymomofone,Panda,I have gotten a code to redeem several times. It never works. The never win anything so I cannot tell you if the payout is legit or if it’s in a timely manner.,1,2026-08-03 22:21:38+00:00,1.4.0,US,have gotten code redeem several never works the never win anything cannot tell you the payout legit timely manner,0,9
6754009969,Jackpot Nights,Lucky Link Ltd.,14384374837,KeHasan1211,Long wait for payout,I’ve been waiting 4 days for a small payout and it’s still says processing. Kind of frustrating. I emailed their email address I found online and never got a response.,1,2026-08-03 21:56:23+00:00,1.4.0,US,been waiting days for small payout and still says processing kind frustrating emailed their email address found online and never response,0,9
6754009969,Jackpot Nights,Lucky Link Ltd.,14384231339,styrene2678,DONT WASTE YOUR TIME,i had a big payout never got paid ! they claim the amount was too large i reduced it to 500 now they saying it’s still too large,1,2026-08-03 21:04:00+00:00,1.4.0,US,had big payout never paid they claim the amount was too large reduced now they saying still too large,0,9
6754009969,Jackpot Nights,Lucky Link Ltd.,14383286935,mw543345,Payout,"I won a 6,000 bonus in a game. I’ve been trying to redeem it for more than a week. They keep telling me the redemption amount is too big and do it in smaller increments. I got 2,000 back roughly. One 500 payment says successful since Thursday and is now Monday has not been received. Now I can’t even talk to customer service. It’s just a blank screen. Used to be my favorite game but this has been a nightmare. Going back to lavishuck casino. They have never had issues with payouts.",1,2026-08-03 16:04:57+00:00,1.4.0,US,won bonus been trying redeem for more than week they keep telling the redemption amount too big and smaller increments back roughly one payment says successful since thursday and now monday has not been received now can even talk customer service blank screen used favorite but this has been nightmare going back lavishuck casino they have never had issues with payouts,7,9
6754009969,Jackpot Nights,Lucky Link Ltd.,14382752072,Shonniaj,Scam,They will not pay I won 1000 dollars and they refused to pay but they will take your money. They are fraud don’t waste your time with this game,1,2026-08-03 13:36:24+00:00,1.4.0,US,they will not pay won dollars and they refused pay but they will take your money they are fraud don waste your with this,5,9
6754009969,Jackpot Nights,Lucky Link Ltd.,14381983658,fr to it d de th,Scam,This game is a complete scam. I put 50 sc and proceeded to spin by a 1$ and didnt win a single thing. Soon as i switch the bet line to 0.20 sc. I began to win small gains. Moral of the story is app only allows you to win when you’re betting small and lose when you’re betting big.,1,2026-08-03 09:21:08+00:00,1.4.0,US,this complete scam put and proceeded spin and didnt win single soon switch the bet line began win small gains moral the story only allows you win when you betting small and lose when you betting big,0,9
6754009969,Jackpot Nights,Lucky Link Ltd.,14380184994,Tabathajones53,Terrible,"If you are looking for a game to just goof off and play with free coins, this is the place for you. Especially if you like not getting bonuses, and not winning…… I wish I could add a picture of the Clickbait…. I took a screenshot and it said that if I spent $10 I would get $110. But after I spent $10 it said that I had to spend 100….scam",1,2026-08-02 21:21:28+00:00,1.4.0,US,you are looking for goof off and with free coins this the place for you especially you not bonuses and not winning wish could add picture the clickbait took screenshot and said that spent would but after spent said that had spend scam,7,9
6754009969,Jackpot Nights,Lucky Link Ltd.,14378022897,Jfrales,Absolute Scam!,"Leave this one alone. They will do everything in their power, to not pay you out. That’s why they shut down their last casino app, and started this one. Just as bad.",1,2026-08-02 09:41:10+00:00,1.4.0,US,leave this one alone they will everything their power not pay you out that why they shut down their last casino and started this one,5,9
6474133872,Find Hidden Objects - Spot It!,Yolo Game Studios,14386624565,PainInButtGame,Fight to get out of the ads,"The play is fine, but you will spend so much time getting out of ads that it is easy to forget the game and just focus on escaping the junk.",1,2026-08-04 12:20:52+00:00,3.18,US,the fine but you will spend much out ads that easy forget the and focus escaping the junk,2,3
6474133872,Find Hidden Objects - Spot It!,Yolo Game Studios,14379277541,apple annoying,Image too small,Why can’t image fill screen before needing to enlarge? Don’t like that all. Better games out there. Will be deleting.,2,2026-08-02 16:23:18+00:00,3.13,US,why can image fill screen before needing enlarge don that all better out there will deleting,6,3
6474133872,Find Hidden Objects - Spot It!,Yolo Game Studios,14370669233,phatpad,Junk if you actually play this game you know,"With the addition of scrolling ADs this game went from awesome to junk, constant freezes, slow behaviors which cause missteps and loss of life. Some level are unplayable and the game needs to be forced shut. Developers know exactly what is happening and what they have done yet the reply with some lame excuses asking you to update and show proof, well if you actually test what you have done by implementing ADs you will see the junk it has become.",1,2026-07-31 13:48:42+00:00,3.13,US,with the addition scrolling ads this went from awesome junk constant freezes slow behaviors which cause missteps and loss life some level are unplayable and the needs forced shut developers know exactly what happening and what they have done yet the reply with some lame excuses asking you update and show proof well you actually test what you have done implementing ads you will see the junk has become,4,3
1492722342,Animals & Coins Adventure Game,Innplay Labs,14391455100,Bigleftn,Too many pop ups,You will probably spend more time in loading screens and closing pop up than actually playing the game.,1,2026-08-05 15:51:04+00:00,17.1.1,US,you will probably spend more loading screens and closing pop than actually the,7,3
1492722342,Animals & Coins Adventure Game,Innplay Labs,14389000305,imakeitnice,Too many windows to close,"There are a ton of pop ups for purchases and events you have to close before you can start playing the game, every time you open the app. I just spent 5 minutes closing windows only for the app to crash. Not worth the pennies you can earn from FreeCash.  The gameplay and graphics are better than expected, far better than the weird looking video ads you see about this game.",1,2026-08-05 01:15:32+00:00,17.1.1,US,there are ton pop ups for purchases and events you have close before you can start the every you open the spent minutes closing windows only for the crash not worth the pennies you can earn from freecash the gameplay and graphics are better than expected far better than the weird looking video ads you see about this,7,3
1492722342,Animals & Coins Adventure Game,Innplay Labs,14388442714,Jmone2727,EXTREMELY INTRUSIVE ADS RUIN GAME,"The amount of intrusive and extremely frustrating ads that pop up in this game make it simply unplayable and I could not imagine anyone playing this game for anything other than the cash they are paying out on those Freecash apps. It also showed me an ad that was just one of those fake call Apple support websites that locks your phone up, very sketchy.",1,2026-08-04 21:41:42+00:00,17.1.1,US,the amount intrusive and extremely frustrating ads that pop this simply unplayable and could not imagine anyone this for anything other than the cash they are paying out those freecash also showed that was one those fake call support websites that locks your very sketchy,0,3
6760998152,Family Farm Merge,Century Games Innovation Pte. Ltd.,14388446691,Thekalster,Not the game advertised,"The ad was great, but it was fake as the game is nothing like it.",1,2026-08-04 21:43:14+00:00,7.0,US,the was but was fake the nothing,0,6
6760998152,Family Farm Merge,Century Games Innovation Pte. Ltd.,14387045045,Itzmissunicorn,Clickbait,The game is nothing like the ads. It’s blatant false advertising and a waste of time.,1,2026-08-04 14:21:46+00:00,7.0,US,the nothing the ads blatant false advertising and waste,2,6
6760998152,Family Farm Merge,Century Games Innovation Pte. Ltd.,14385069313,SavageLadee,Not the same game,Not the “sliding” game I played in the ad DELETING!!,1,2026-08-04 02:16:09+00:00,7.0,US,not the sliding the deleting,0,6
6760998152,Family Farm Merge,Century Games Innovation Pte. Ltd.,14384363162,Katherine311,False advertising,I clicked and downloaded this and it’s just a match game. It’s nothing like the ad at all!,1,2026-08-03 21:52:03+00:00,7.0,US,clicked and downloaded this and match nothing the all,0,6
6760998152,Family Farm Merge,Century Games Innovation Pte. Ltd.,14384341056,JustAGirl80s,Nothing like the ad,Another games that was nothing like the ad. I wanted to play the game on the ad. I did not want to play the game I downloaded. Deleted the game.,1,2026-08-03 21:43:48+00:00,7.0,US,another that was nothing the the the did not the downloaded deleted the,0,6
6760998152,Family Farm Merge,Century Games Innovation Pte. Ltd.,14381131696,jessief1881,Not the game,Thought I was gonna be washing cows.   Instead it was just merge to build a farm.  Not what was advertised.,2,2026-08-03 03:26:01+00:00,7.0,US,thought was gonna washing cows instead was merge build farm not what was advertised,0,6
6760998152,Family Farm Merge,Century Games Innovation Pte. Ltd.,14377369591,_.cxrra,ZERO,looks nothing like the add.,1,2026-08-02 05:09:42+00:00,7.0,US,looks nothing the add,0,6
6760998152,Family Farm Merge,Century Games Innovation Pte. Ltd.,14375356977,Trissy_Poo,False advertisement,Saw the ad for this game on TikTok and it was nothing like the advertisement for it. It’s more boring than the ad shows.,1,2026-08-01 16:42:21+00:00,7.0,US,saw the for this tiktok and was nothing the advertisement for more boring than the shows,0,6
6760998152,Family Farm Merge,Century Games Innovation Pte. Ltd.,14374968567,kstar02,Not the game you think,"The actual game is absolutely nothing like the pictures show and the ads they promote. It’s stupid, boring, and disappointing. I downloaded because my toddler wanted to watch the animals and it had absolutely nothing to do with farming. You merge chicken eggs together and try to clear the board.",1,2026-08-01 14:51:07+00:00,7.0,US,the actual absolutely nothing the pictures show and the ads they promote stupid boring and disappointing downloaded because toddler watch the animals and had absolutely nothing with farming you merge chicken eggs together and try clear the board,2,6
6760998152,Family Farm Merge,Century Games Innovation Pte. Ltd.,14374962435,kisss2,Waste of time and false advertising,"This game is nothing like the ads they force on you in every other game you play, it’s not even challenging it’s very boring and again, not even misleading but a complete lie from the ads they show.",1,2026-08-01 14:49:22+00:00,7.0,US,this nothing the ads they force you every other you not even challenging very boring and again not even misleading but complete lie from the ads they show,2,6
6760998152,Family Farm Merge,Century Games Innovation Pte. Ltd.,14374791687,bliz2k26,False advertising,It’s not like the preview ads or photos. Merge game,1,2026-08-01 14:02:13+00:00,7.0,US,not the preview ads photos merge,2,6
1660171117,Zen Word® - Relax Puzzle Game,Oakever Games,14392908304,1dcgnj,PREDATORY ADS,WHEN YOU CLICK ON THE “X” TO CLOSE AN AD IT WILL OPEN  YOUR BROWSER TO A WEBSITE.   HACKY AND DECEPTIVE BEHAVIORS  NOT ACCEPTABLE,1,2026-08-06 00:13:48+00:00,2.36.0,US,when you click the close will open your browser website hacky and deceptive behaviors not acceptable,0,11
1660171117,Zen Word® - Relax Puzzle Game,Oakever Games,14391319950,Momogeo,Sad today blasting ads,"I have loved this game and it had truly been in. There were some ads but calm and respectful. Suddenly, today, even though I have, the sound turned off, the ads have started blasting through a full volume, which has completely taken the.ZEN away from the game. This would be a five star rating otherwise",2,2026-08-05 15:12:43+00:00,2.36.0,US,have loved this and had truly been there were some ads but calm and respectful suddenly today even though have the sound turned off the ads have started blasting through full volume which has completely taken the zen away from the this would five star rating otherwise,2,11
1660171117,Zen Word® - Relax Puzzle Game,Oakever Games,14390445471,Rosie77Chris,Why did the game change it’s format,"I deleted this game yesterday because I was sick and tired of seeing so many bra ads!! I went back a few hours later and downloaded it again, but it’s as if the whole game changed!! I see bothersome ads at the bottom of the screen, this was not there before!! Why did you guys change the format!!!",2,2026-08-05 10:51:34+00:00,2.36.0,US,deleted this yesterday because was sick and tired seeing many bra ads went back few hours later and downloaded again but the whole changed see bothersome ads the bottom the screen this was not there before why did you guys change the format,6,11
1660171117,Zen Word® - Relax Puzzle Game,Oakever Games,14389539738,Law Biden citizen,Not the same game once downloaded,Not the same game as advertised,1,2026-08-05 04:43:54+00:00,2.36.0,US,not the same advertised,0,11
1660171117,Zen Word® - Relax Puzzle Game,Oakever Games,14385654841,MzM Good,Frustration,This game is interrupted too often to be fun or relaxing. It gets stuck in some infinite loop. This game is exhausting… and not in a good way.,1,2026-08-04 06:12:41+00:00,2.36.0,US,this interrupted too often fun relaxing stuck some infinite loop this exhausting and not way,6,11
1660171117,Zen Word® - Relax Puzzle Game,Oakever Games,14384587836,?babbabana,Ads ads ads ads ads ads ads ads,Yup that’s what you play. 5 mins of ads and 2 mins of game time. Absolutely ridiculous,1,2026-08-03 23:17:42+00:00,2.36.0,US,yup that what you mins ads and mins absolutely ridiculous,2,11
1660171117,Zen Word® - Relax Puzzle Game,Oakever Games,14382926115,Catchy1,No nice words of zen,"When I first got this game every day started with some encouraging words of zen. Now it says the same stupid and incorrect saying, “play this game for 30 minutes everyday and you’ll sleep better” 
Right. Play just one puzzle a day and avoid the relentless ads that follow.",2,2026-08-03 14:24:38+00:00,2.36.0,US,when first this every day started with some encouraging words zen now says the same stupid and incorrect saying this for minutes everyday and you sleep better right one puzzle day and avoid the relentless ads that follow,2,11
1660171117,Zen Word® - Relax Puzzle Game,Oakever Games,14381420123,auntycathy,No ads?? Lies!,"The ad for this game says there are no ads. Sure, that’s true for the first  20 or so levels, but then I have to allow tracking to avoid ads????? Why would I want to allow tracking when there is already so much tracking that I can’t control.",2,2026-08-03 05:27:19+00:00,2.36.0,US,the for this says there are ads sure that true for the first levels but then have allow tracking avoid ads why would allow tracking when there already much tracking that can control,2,11
6739124364,Top Tycoon: Coin Theme Empire,BeheFun Games Limited,14388390097,Whatsittoya16,Steals your money,"Purchased a few things here and the app has bugs, they wort respond so my money is now gone and I have nothing.",1,2026-08-04 21:22:03+00:00,1.0.12,US,purchased few here and the has bugs they wort respond money now gone and have nothing,1,9
6739124364,Top Tycoon: Coin Theme Empire,BeheFun Games Limited,14387235881,Hoptisale,ADS,"Endless ads non stop to do anything. Before starting ads in the middle of playing ads, annoying how many ads. Want to keep playing-ADS",1,2026-08-04 15:14:43+00:00,1.0.12,US,endless ads non stop anything before starting ads the middle ads annoying how many ads keep playing-ads,2,9
6739124364,Top Tycoon: Coin Theme Empire,BeheFun Games Limited,14383509601,Tazman1982,Too many animations,The animations you watch after EVERY task is annoying,1,2026-08-03 17:09:55+00:00,1.0.12,US,the animations you watch after every task annoying,0,9
1407852246,Happy Color® – Coloring Games,X-Flow,14393402336,Xrcvtrrew,Changes you made,"What happened?!  I don’t like how you changed the way the picture is revealed after coloring it.  I loved to see how it all came to life, but now it just kind of fades in, ugh.  It takes the joy out.  Please go back to the other way.",2,2026-08-06 03:22:01+00:00,1.20.2,US,what happened don how you changed the way the picture revealed after coloring loved see how all came life but now kind fades ugh takes the joy out please back the other way,6,4
1407852246,Happy Color® – Coloring Games,X-Flow,14393240224,ldino,Way too many ads now,This used to be my favorite app and would use all the time to relax. The amount of ads is now ridiculous! I have a difficult time opening any new pic due to the ads and now every 10 minutes or so when coloring in a picture there is a new ad  that interrupts. I wish there was a ‘no ads’ option. I’m just about done using the app due to all the ads interruptions.,1,2026-08-06 02:19:00+00:00,1.20.2,US,this used favorite and would use all the relax the amount ads now ridiculous have difficult opening any new pic due the ads and now every minutes when coloring picture there new that interrupts wish there was ads option about done using the due all the ads interruptions,2,4
1407852246,Happy Color® – Coloring Games,X-Flow,14392582027,Lolbwah916,ai bad,used to be great but used ai so it sucks now,1,2026-08-05 22:05:23+00:00,1.20.2,US,used but used sucks now,0,4
6761469046,Rap Star:Idle Clicker,聪 马,14387925140,Yann Musa,Racist innuendos,"I liked the game….. until they had a bucket of fried chicken floating around for points. I don’t even like fried chicken. Very racist, noticed a few other things too. Should be a little more culturally aware. It’s unrealistic and perpetuates a negative image of black men. Didn’t like it",1,2026-08-04 18:41:55+00:00,1.0.6,US,liked the until they had bucket fried chicken floating around for points don even fried chicken very racist noticed few other too should little more culturally aware unrealistic and perpetuates negative image black men didn,0,6
6761469046,Rap Star:Idle Clicker,聪 马,14381395194,Jaziel2002,Ads here are HORRIBLE,They make you watch ads every other minute and you have to watch the SAME ad TWICE! And after you watch the ad twice they give you a countdown of like 15 seconds before you can close the window. It’s stupid!!!!!!!!,2,2026-08-03 05:16:22+00:00,1.0.6,US,they you watch ads every other minute and you have watch the same twice and after you watch the twice they give you countdown seconds before you can close the window stupid,2,6
1330123889,PUBG MOBILE,Tencent Mobile International Limited,14392391388,"Shameless game developers,",It's impossible to play,"It's impossible to play, I can't get in, it's different for a second, you can see it, although I have 20 pings, maybe they play through vpn and it's impossible to complain",1,2026-08-05 20:53:53+00:00,4.5.0,US,it's impossible can't it's different for second you can see although have pings maybe they through vpn and it's impossible complain,0,2
1330123889,PUBG MOBILE,Tencent Mobile International Limited,14392042928,Peekreef,Reef,"Game used to be good the new owners kinda ruined it just 
because I guarantee none of them play it or see what’s going on. I wouldn’t recommend it anymore it’s gone down hill",1,2026-08-05 18:52:48+00:00,4.5.0,US,used the new owners kinda ruined because guarantee none them see what going wouldn recommend anymore gone down hill,0,2
1330123889,PUBG MOBILE,Tencent Mobile International Limited,14386752745,Nun Ya Buzzy,Literally Predictable,I’m gonna have more devotees come after me for this but we’re ready on the game as always…. The game just knows who to give bad luck to coincidentally too…. 🤔,2,2026-08-04 12:59:17+00:00,4.5.0,US,gonna have more devotees come after for this but ready the always the knows who give luck coincidentally too,0,2
1330123889,PUBG MOBILE,Tencent Mobile International Limited,14383621679,Smuttier,Cheaters,Last update sacks,1,2026-08-03 17:43:38+00:00,4.5.0,US,last update sacks,0,2
1330123889,PUBG MOBILE,Tencent Mobile International Limited,14381403992,Hdhdhbrhxuehbwkqkqmwnd,please update,"The core issue with this mode is that the rules aren’t communicated clearly. Many players don’t realize it’s a cooperative mode where you need to team up to defeat the Nine-Tails — so out of habit (this being a battle royale), they end up killing each other early on. By the time people realize cooperation is required, their squad/team has already been wiped out. It’s a really rough first impression.",2,2026-08-03 05:20:13+00:00,4.5.0,US,the core issue with this mode that the rules aren communicated clearly many don realize cooperative mode where you need team defeat the nine-tails out habit this being battle royale they end killing each other early the people realize cooperation required their squad team has already been wiped out rough first impression,7,2
6741567125,Clash of Critters,Farlight Games,14391220321,5 starrsrrsts,Lies,This game is nothing like the adds they only reason I downloaded this game is because I thought it was real no fake,1,2026-08-05 14:44:57+00:00,0.44.1,US,this nothing the adds they only reason downloaded this because thought was real fake,0,5
6741567125,Clash of Critters,Farlight Games,14389626972,Roblox not to good,I’m disappointed because this wasn’t at all like the ads,"I’ve been seeing a lot of ads about this game recently and so I decided to download it and sure doesn’t have any ads, but the ads for the game looked a lot better than what the game actually is I’ve barely played it yet. It’s already gotten quite boring.",1,2026-08-05 05:21:29+00:00,0.44.1,US,been seeing lot ads about this recently and decided download and sure doesn have any ads but the ads for the looked lot better than what the actually barely yet already gotten quite boring,2,5
6741567125,Clash of Critters,Farlight Games,14389287668,Just a silly goyle,False advertising,Game isn’t as advertised. It’s shown as a TD but in reality it’s some clicker,1,2026-08-05 03:01:52+00:00,0.44.1,US,isn advertised shown but reality some clicker,0,5
6755216191,Color Maze - Puzzle Game,"Beijing Youyoutang Technology Co.,ltd.",14393707545,Romer916,Being Honest,It’s a fun game but way to many ads,1,2026-08-06 05:31:29+00:00,3.1,US,fun but way many ads,6,10
6755216191,Color Maze - Puzzle Game,"Beijing Youyoutang Technology Co.,ltd.",14393046566,hsudhfjejdjdhfbd,Bad in app memory and lots of adds,"This has happened to me twice, if you complete the daily challenge; the game will not remember you completed it the next day. And if a month has less than 31 days in total, it won’t be added to the “trophy” collection of completed months; even if you complete every day it the month. Also there are adds after every puzzle, which means you have to close the app every time you complete a puzzle",2,2026-08-06 01:06:36+00:00,3.1,US,this has happened twice you complete the daily challenge the will not remember you completed the next day and month has less than days total won added the trophy collection completed months even you complete every day the month also there are adds after every puzzle which means you have close the every you complete puzzle,0,10
6755216191,Color Maze - Puzzle Game,"Beijing Youyoutang Technology Co.,ltd.",14392628123,"Abigail,grabatail",Add intervention,The adds are interfering with game play. One in particular is inescapable. Mah Jong is the culprit. Will not recommend or continue play.,1,2026-08-05 22:23:16+00:00,3.1,US,the adds are interfering with one particular inescapable mah jong the culprit will not recommend continue,0,10
6755216191,Color Maze - Puzzle Game,"Beijing Youyoutang Technology Co.,ltd.",14388566512,Expressionskk,Cheater,"I’m tired of doing the puzzle of the day 3 times and still not getting credit!!!

You said this was going to be fixed … but the last week I’ve had to do the daily puzzle 3-4 times to get it resolved. 
I think I’m just going to delete the game … I really enjoy it but this is changing my mind!",1,2026-08-04 22:29:10+00:00,3.0,US,tired doing the puzzle the day and still not credit you said this was going fixed but the last week had the daily puzzle resolved think going delete the enjoy but this changing mind,0,10
6755216191,Color Maze - Puzzle Game,"Beijing Youyoutang Technology Co.,ltd.",14388468286,reviews 4U,🤬What a bunch of liars!!,"I've only just begun. On level 30 but so far there are zero ads... Just like it says... This might be my new only arrow game! Sooooo I removed 3 stars because you are asked to rate the game prior to level 40 and that's when the ads start! Can't skip after a few seconds. Color maze is another big fat liar!
Second add: developer emailed saying they fixed the 'glitch' and could I update my review. The glitch was Tenn more levels without ads then guess what happened? Yup... Ads! Ads and more ads 🤬",1,2026-08-04 21:51:27+00:00,3.1,US,i've only begun level but far there are zero ads says this might new only arrow sooooo removed stars because you are asked rate the prior level and that's when the ads start can't skip after few seconds color maze another big fat liar second add developer emailed saying they fixed the glitch and could update review the glitch was tenn more levels without ads then guess what happened yup ads ads and more ads,4,10
6755216191,Color Maze - Puzzle Game,"Beijing Youyoutang Technology Co.,ltd.",14388336725,Immafungirl,Fun but too many ads,Simple and addictive,2,2026-08-04 21:02:31+00:00,3.1,US,simple and addictive,0,10
6477413486,Level Devil - NOT A Troll Game,WebVentures B.V.,14392860421,I’m in for it!,What they don’t mention is,ALL THE ADS SPAMMING YOU EVERY TWO FREAKING SECONDS,1,2026-08-05 23:55:13+00:00,1.3.0,US,all the ads spamming you every two freaking seconds,2,2
6477413486,Level Devil - NOT A Troll Game,WebVentures B.V.,14380048371,pl_lay,Ads,fun game but the ads literally ruin the whole thing,1,2026-08-02 20:31:41+00:00,1.3.0,US,fun but the ads literally ruin the whole,3,2
6756989323,Last Asylum: Plague,WISENESS GAME ONLINE INTERNATIONAL LTD,14392404651,Diamond Ralston,Not what you see.,The game is not like the adds. It is a much faster pace and you are told where to go and what to do. Not relaxing.,2,2026-08-05 20:58:44+00:00,1.0.53,US,the not the adds much faster pace and you are told where and what not relaxing,0,6
6756989323,Last Asylum: Plague,WISENESS GAME ONLINE INTERNATIONAL LTD,14389842351,ThatGuy6963,Money grubbing swine,"I got flooded with adds about this game, every add heavily promising not a pay to win, free to play game. 2 minutes into game “.99 for this SSR legendary character”. My reaction was okay company has to make money somehow…. Then by minute 10 my whole screen has buy this buy this get this for only 9.99. What happened to not pay to win. Sick of games like this, it fits my game style but I have a 0% chance of being competitive with the rest of the server because I work way to hard for my money to waist 100s on a game. Sick of this concept.",1,2026-08-05 06:53:26+00:00,1.0.53,US,flooded with adds about this every add heavily promising not pay win free minutes into for this ssr legendary character reaction was okay company has money somehow then minute whole screen has buy this buy this this for only what happened not pay win sick this fits style but have chance being competitive with the rest the server because work way hard for money waist sick this concept,5,6
6756989323,Last Asylum: Plague,WISENESS GAME ONLINE INTERNATIONAL LTD,14389126806,HIM Soph,Game is not the same as ads,"The game is actually kind of boring not as exciting as the games you play in the ads. Kept hoping it would get better, nope. Probably going to delete it here soon",1,2026-08-05 02:01:49+00:00,1.0.53,US,the actually kind boring not exciting the you the ads kept hoping would better nope probably going delete here soon,7,6
6756989323,Last Asylum: Plague,WISENESS GAME ONLINE INTERNATIONAL LTD,14387663895,Jesusisking1226,Jokes,This game isn’t bad. But the amount of Bots is annoying. But the most annoying thing is the plunder limit. And they call this a war game. What a joke.,1,2026-08-04 17:19:21+00:00,1.0.53,US,this isn but the amount bots annoying but the most annoying the plunder limit and they call this war what joke,0,6
6756989323,Last Asylum: Plague,WISENESS GAME ONLINE INTERNATIONAL LTD,14387178256,Kim15987,The potential is there…,"Good game, but the amount of bots and scammers are CRAZY. I get almost a dozen messages an hour asking me to share my discord or my instagram. The developers really need to put a lid on these scammers/hackers. I play a lot of games like this one, and Last Asylum is the worst I’ve seen in regards to bots/scammers.",1,2026-08-04 14:58:42+00:00,1.0.53,US,but the amount bots and scammers are crazy almost dozen messages hour asking share discord instagram the developers need put lid these scammers hackers lot this one and last asylum the worst seen regards bots scammers,7,6
6756989323,Last Asylum: Plague,WISENESS GAME ONLINE INTERNATIONAL LTD,14385860254,banjowamjo,have so many in game purchases but cant afford to spend the money to make an ad without ai,support real artists.,1,2026-08-04 07:38:42+00:00,1.0.53,US,support real artists,0,6
6756989323,Last Asylum: Plague,WISENESS GAME ONLINE INTERNATIONAL LTD,14384629570,Sushi Golem,Just trying to suck you in,"The ads are a bait a switch. Games starts similar enough to the ads, then WHAM! You realize you’re about to play city vs. city against people. Also tons of buying strength with real money. Don’t fall for it",1,2026-08-03 23:33:44+00:00,1.0.53,US,the ads are bait switch starts similar enough the ads then wham you realize you about city city against people also tons buying strength with real money don fall for,1,6
6756989323,Last Asylum: Plague,WISENESS GAME ONLINE INTERNATIONAL LTD,14383495946,RaynbowCorleone,Cannot delete,"Game is fun and i enjoyed it. However, when i needed to delete my account and not just the game, they take you through a whole q and a that is unnecessary. They then state that multiple devices have been on your account and you need to give your IP address and device and when you started playing the game. This is very suspicious and i am not ok with that. Delete my dog gone account.",1,2026-08-03 17:05:53+00:00,1.0.53,US,fun and enjoyed however when needed delete account and not the they take you through whole and that unnecessary they then state that multiple devices have been your account and you need give your address and device and when you started the this very suspicious and not with that delete dog gone account,7,6
6756989323,Last Asylum: Plague,WISENESS GAME ONLINE INTERNATIONAL LTD,14380675374,Woodwardw,Not what I thought and too many bots,"Played for less than a day. Original startup was fun but then you,have to join an alliance and everything blows up for notifications and the game is swarming with spam bots. Not conducive for to relax. I was hoping for a single player game and maybe one that friends occasionally helped with gifts or something. Not a barrage of messages and campaigns",1,2026-08-03 00:32:48+00:00,1.0.53,US,for less than day original startup was fun but then you have join alliance and everything blows for notifications and the swarming with spam bots not conducive for relax was hoping for single and maybe one that friends occasionally helped with gifts something not barrage messages and campaigns,3,6
6756989323,Last Asylum: Plague,WISENESS GAME ONLINE INTERNATIONAL LTD,14379537323,Luvhorses79,All AI and Bots,"Extremely frustrating! All Bots and AI. Grab to gain info. 
Was super fun in the beginning then was impossible as alliances kick without personal info. Tons of bot players. Overload of messages. Feels AI created",1,2026-08-02 17:42:02+00:00,1.0.53,US,extremely frustrating all bots and grab gain info was super fun the beginning then was impossible alliances kick without personal info tons bot overload messages feels created,0,6
1545567989,Number Match - Numbers Game,Easybrain Ltd,14389367156,Bugged!!!!!,ADS,Way to many ads. That’s all it is,1,2026-08-05 03:32:50+00:00,1.31.0,US,way many ads that all,6,3
1545567989,Number Match - Numbers Game,Easybrain Ltd,14387134842,patsy119,Mrs,The ads are ridiculous!!! Every time a move is made there is an ad!! The games are very hard but I do enjoy a challenge. When you need a hint you have to watch another ad. Recently I received unlimited hints and I thanked them. But then they took them away and didn’t give a reason. Despicable behavior!!!,2,2026-08-04 14:46:36+00:00,1.31.0,US,the ads are ridiculous every move made there the are very hard but enjoy challenge when you need hint you have watch another recently received unlimited hints and thanked them but then they took them away and didn give reason despicable behavior,7,3
1545567989,Number Match - Numbers Game,Easybrain Ltd,14385195356,i ht,1 star left,"You can never get rid of the last star token. It is extremely demotivating. At the start of the game you get 13 star tokens, these tokens allow you to get hints. It takes three tokens to get a hint meaning you will always have ONE left. I have been trying to get rid of it the whole game. I feel like it’s taunting me. But other than that it’s a pretty good game 👍 oh and make a dark mode pls",1,2026-08-04 03:02:58+00:00,1.31.0,US,you can never rid the last star token extremely demotivating the start the you star tokens these tokens allow you hints takes three tokens hint meaning you will always have one left have been trying rid the whole feel taunting but other than that pretty and dark mode pls,0,3
1545567989,Number Match - Numbers Game,Easybrain Ltd,14384862809,NanaGambler,No longer enjoy,"I used to enjoy this game, but since there was a change and I have to play different countries, I don’t enjoy it as much. Difficult to play on mobile app when so many numbers don’t play.",2,2026-08-04 01:01:40+00:00,1.31.0,US,used enjoy this but since there was change and have different countries don enjoy much difficult mobile when many numbers don,0,3
1545567989,Number Match - Numbers Game,Easybrain Ltd,14383668325,SmallsTheMouse,Basically Required to BUY No Ads,"Don’t bother. The game is free but you get ads so constantly it disturbs the game flow and you can even do anything without being forced into an ad. Not to mention it costs $14.99 to remove ads? That’s crazy expensive especially since there are no other perks - just the removal of ads. If it didn’t force ads down your throat every other minute, it’d be a great game, but no thanks.",1,2026-08-03 17:58:03+00:00,1.31.0,US,don bother the free but you ads constantly disturbs the flow and you can even anything without being forced into not mention costs remove ads that crazy expensive especially since there are other perks the removal ads didn force ads down your throat every other minute but thanks,2,3
1545567989,Number Match - Numbers Game,Easybrain Ltd,14383064575,Wtfgomf,Ads matching game,If you enjoy closing ads far more than matching any numbers this might end up being your favorite game.,2,2026-08-03 15:02:37+00:00,1.31.0,US,you enjoy closing ads far more than matching any numbers this might end being your favorite,2,3
1545567989,Number Match - Numbers Game,Easybrain Ltd,14378151738,Mildred Nicole,Nonstop adds,You end up spending more time watching adds than playing the game.,1,2026-08-02 10:32:05+00:00,1.31.0,US,you end spending more watching adds than the,0,3
1545567989,Number Match - Numbers Game,Easybrain Ltd,14375667258,CREE3541,Ads are extremely annoying,Don’t bother playing unless you are willing to pay for ad-free. Ads every few seconds. I’m deleting this app. I spent more time fighting apps than on the game.,1,2026-08-01 18:19:47+00:00,1.31.0,US,don bother unless you are willing pay for ad-free ads every few seconds deleting this spent more fighting than the,5,3
1545567989,Number Match - Numbers Game,Easybrain Ltd,14360776195,Christy413,Ads,"Sooooo many ads!!  The game is fun, but the amount of ads is ridiculous",1,2026-07-29 02:42:35+00:00,1.31.0,US,sooooo many ads the fun but the amount ads ridiculous,3,3
1545567989,Number Match - Numbers Game,Easybrain Ltd,14360098211,Most Disappointed,Please stop the rewards,"Just let us play the game without disruptions.  You keep doing it and after complaints, you change it back.  Just let us start a new game without waiting for rewards.  Just want to play the game.",1,2026-07-28 22:24:36+00:00,1.31.0,US,let the without disruptions you keep doing and after complaints you change back let start new without waiting for rewards the,0,3
1545567989,Number Match - Numbers Game,Easybrain Ltd,14352323518,",……..,?&;?:!;&8/)",My phone temperature,"Give me one good reason as to why my phone should be on the verge of just overheating when I play this? I also just want to say that there’s ads when you press the button that adds more numbers, when you get done with a stage, and when finishing a puzzle",1,2026-07-27 00:36:49+00:00,1.31.0,US,give one reason why should the verge overheating when this also say that there ads when you press the button that adds more numbers when you done with stage and when finishing puzzle,0,3
1602508478,Word Search Explorer®,PlaySimple Games Pte Ltd,14393436336,Nick evcecyccucrxj ydsocofu,Restart,I was on like stage thirty then the game randomly kicked me out and restarted me to stage 8. I’m very angry and it took me minutes to get there,1,2026-08-06 03:35:31+00:00,1.146,US,was stage thirty then the randomly kicked out and restarted stage very angry and took minutes there,7,11
1602508478,Word Search Explorer®,PlaySimple Games Pte Ltd,14391545573,OverIt2223,Not a fan,"The game keeps finding the words for me, defeating the purpose of playing the game and it takes too long after you complete a puzzle, you can literally close out and reopen the app faster than it would be to load.",1,2026-08-05 16:17:06+00:00,1.146,US,the keeps finding the words for defeating the purpose the and takes too long after you complete puzzle you can literally close out and reopen the faster than would load,0,11
1602508478,Word Search Explorer®,PlaySimple Games Pte Ltd,14387462116,BlueJunco,Battery sucker,"Play this game at lunch and it really heats my iPhone up and drains battery.
Also dims the display.
This is the only game that causes my iPhone to do this.
Please Fix!!",2,2026-08-04 16:19:20+00:00,1.146,US,this lunch and heats and drains battery also dims the display this the only that causes this please fix,0,11
1602508478,Word Search Explorer®,PlaySimple Games Pte Ltd,14383412601,SoCal858,"OK, but...","I like the idea of this game, and I'm fine with watching ads to keep it free. My problem is that a lot of the puzzles involve words that aren't really appropriate for the category. For example, one puzzle had ""Dentist"" as the category, and words included ""cast"" and ""nurse"", which aren't normally associated with dentistry. It's fine if the words are listed, but often words that you're supposed to search for will be ""blocked"" unless you watch a video (which can be LONG) so you have nothing to go off of besides the number of letters. I'm fine with blocked words if I'm certain that the answer is appropriate for the category, but since that isn't always the case, you could be looking for literally anything. I eventually had enough of it and just deleted the app.",2,2026-08-03 16:41:15+00:00,1.146,US,the idea this and i'm fine with watching ads keep free problem that lot the puzzles involve words that aren't appropriate for the category for example one puzzle had dentist the category and words included cast and nurse which aren't normally associated with dentistry it's fine the words are listed but often words that you're supposed search for will blocked unless you watch video which can long you have nothing off besides the number letters i'm fine with blocked words i'm certain that the answer appropriate for the category but since that isn't always the case you could looking for literally anything eventually had enough and deleted the,0,11
1602508478,Word Search Explorer®,PlaySimple Games Pte Ltd,14375101674,Prjagman,Ad’s Galore 😔😔😔,It’s an interesting word game but the amount of ad’s you are forced to watch almost entirely before the closing button appears it’s insane. Based on other reviews don’t think would buy this game and just used until find one with less ad’s.  Don’t mind paying but should be $1.00 less for a stand-alone non-web based game and then you could end up selling hundreds of thousands or even millions. That’s my two cents worth on this game!,1,2026-08-01 15:28:19+00:00,1.146,US,interesting word but the amount you are forced watch almost entirely before the closing button appears insane based other reviews don think would buy this and used until find one with less don mind paying but should less for stand-alone non-web based and then you could end selling hundreds thousands even millions that two cents worth this,0,11
6740618570,XP Hero,"Supercent, Inc.",14393969156,TheAwesomeMango,Overheats phone,Overheats phone until it is literally unplayable,1,2026-08-06 07:25:31+00:00,25.1.0,US,overheats until literally unplayable,0,5
6740618570,XP Hero,"Supercent, Inc.",14393272557,Jimshrum,Too bad the adds lie,"Good game. Not much like the adds to get you to download.  On top of that, once you play for a bit, the adds become overwhelming. Sad they ruin a good game with adds and lies.",1,2026-08-06 02:31:18+00:00,25.1.0,US,not much the adds you download top that once you for bit the adds become overwhelming sad they ruin with adds and lies,0,5
6740618570,XP Hero,"Supercent, Inc.",14393176676,ShavingWMaceInTheDark,Should be XP Hero Lite,"The forced ads after a certain level of progression make this game dang near unplayable. 

FYI it’s $7.99 to remove ONLY the mandatory ads. The other ads still remain. 

Game is fun, progression is fun, characters and weapon designs are fun. The paywall is a major downer.",2,2026-08-06 01:55:10+00:00,25.1.0,US,the forced ads after certain level progression this dang near unplayable fyi remove only the mandatory ads the other ads still remain fun progression fun characters and weapon designs are fun the paywall major downer,3,5
6740618570,XP Hero,"Supercent, Inc.",14392997971,MaverickCER,9 day review updated after 16,"Ads

Chapter 1 is a masterclass on getting users to watch ads. Every ad provided real value and seriously accelerated progression. I treated the ads like mini games and blew through the first 100 levels easily. The game itself didn’t get that much play time as the ads contributed significantly. 

Chapter 2 was the same as chapter 1 but ads were no longer the only driving force. You got to choose which ads to watch because the value proposition dropped significantly.

Chapter 3 is entirely about game play. The value of the ads tanked and they’re only worth doing to complete the daily quests.

Gameplay
Chapters can be traversed and there is real value in going back to old chapters to quickly get items. The progression is exponential so after you get into chapter 2 you can go back to chapter 1 and have no fear of possibly dying.

Progression is super fast in chapter 1, only took me 3 days. Chapter 2 took 5 days. I can already tell that chapter 3 will take weeks.

The core loop of the game is best seen when you go to previous chapters. Run around the arena to kill monsters and get items. Collect all the chests and come back to them when the timer is up. After this core loop, you use the items collected to complete daily tasks like making weapons. There are some mini games like the challenge tower, boss raids, and invasions. None of the mini games are very valuable individually but combined with the events they are worth doing. The mini games are mostly deterministic at the start but later on there is some variety. For example, I can easily finish the second raid boss on expert mode but the first mini boss which has fewer requirements is basically impossible because the boss shield absorbs 300 hits regardless of how much damage they hit for. 

You have to finish the quest requirements in order to move on to the next chapter. This is a pain point because you can easily beat the chapter boss at 20 below and there is a slow tedious grind to level up. I am at level 204 right now and it feels like it would take several hours of auto play to get to 205. For the game to introduce itself as constant progression and a source of dopamine and then halt progression feels a bit icky. 

Purchases
I’ve bought the skip ads pack which claimed to remove all forced ads. It does help a lot but there have been a few times I left my phone to auto battle and came back to ad. The 5 ad skips a day are great but become less valuable as you progress through the game.

I also purchased the event pass for the new hero. I got kinda stuck where it would have taken me much longer to finish chapter 2 and I knew that the new hero would make it easier. Unfortunately, even though the purchase said guaranteed hero it didn’t just give me the hero outright, I still had to earn it which took a couple days. I would have preferred the purchase instantly gave me the materials required to unlock the hero and then any future materials could have been used to level it up. As it stands, the hero I purchased could have been earned normally and the price I paid for what I got doesn’t feel worth it. After this event, I don’t know how else I will get the materials required to level the hero up, which caps how strong it can get.

Lastly, everything you can purchase helps to a degree but there’s nothing that feels like purchasing it would get you past the next hard grind. I know this is pay to win I’m asking for but I’d rather get to the end game quickly and keep grinding in preparation for chapter 4 than to actively slog through.

Final thoughts
I really enjoyed the last week playing this game but I don’t plan to make any more purchases or watch a ton of ads. They simply aren’t rewarding enough at this stage. I’ll try the daily grind for an hour a day and see where that takes me. Overall, it’s certainly worth playing.

EDIT: After another week I went from 200 to 213 and I’m uninstalling. Even if I pay $100 I doubt it would get me through chapter 3. The progression is so bloody slow now I wish I uninstalled the game last week. 21 hours later and even more auto hunting and I am still exactly where I was last week. At 204 I could beat up to 250 bosses and that remains true at 213. To make matters worse, the invasion mini game is no longer just a time sink, it’s a time sink for even less rewards. The rewards that are given out after doing every daily challenge to the max and watching all the ads to get as much as possible is barely moving the needle. At this point my previous experience has been completely shadowed by an obvious money hungry paywall. It wasn’t worth noting before because auto hunting wasn’t really needed that much but the game is very demanding and absolutely drains the battery. Download the game, beat the first two chapters and don’t look back. I really wanted to see the other areas because this game’s art style and enemy variety is pretty neat but it’s not worth spending thousands to do so. Genuinely, if they let me get to end game and grind for the 4th chapter I would have spent way more money on this game but with this exponential requirement increase I’m not having fun anymore and there’s no point.",2,2026-08-06 00:48:17+00:00,25.1.0,US,ads chapter masterclass users watch ads every provided real value and seriously accelerated progression treated the ads mini and blew through the first levels easily the itself didn that much the ads contributed significantly chapter was the same chapter but ads were longer the only driving force you choose which ads watch because the value proposition dropped significantly chapter entirely about the value the ads tanked and they only worth doing complete the daily quests gameplay chapters can traversed and there real value going back old chapters quickly items the progression exponential after you into chapter you can back chapter and have fear possibly dying progression super fast chapter only took days chapter took days can already tell that chapter will take weeks the core loop the best seen when you previous chapters run around the arena kill monsters and items collect all the chests and come back them when the timer after this core loop you use the items collected complete daily tasks weapons there are some mini the challenge tower boss raids and invasions none the mini are very valuable individually but combined with the events they are worth doing the mini are mostly deterministic the start but later there some variety for example can easily finish the second raid boss expert mode but the first mini boss which has fewer requirements basically impossible because the boss shield absorbs hits regardless how much damage they hit for you have finish the quest requirements order move the next chapter this pain point because you can easily beat the chapter boss below and there slow tedious grind level level right now and feels would take several hours auto for the introduce itself constant progression and source dopamine and then halt progression feels bit icky purchases bought the skip ads pack which claimed remove all forced ads does help lot but there have been few left auto battle and came back the skips day are but become less valuable you progress through the also purchased the event pass for the new hero kinda stuck where would have taken much longer finish chapter and knew that the new hero would easier unfortunately even though the purchase said guaranteed hero didn give the hero outright still had earn which took couple days would have preferred the purchase instantly gave the materials required unlock the hero and then any future materials could have been used level stands the hero purchased could have been earned normally and the price paid for what doesn feel worth after this event don know how else will the materials required level the hero which caps how strong can lastly everything you can purchase helps degree but there nothing that feels purchasing would you past the next hard grind know this pay win asking for but rather the end quickly and keep grinding preparation for chapter than actively slog through final thoughts enjoyed the last week this but don plan any more purchases watch ton ads they simply aren rewarding enough this stage try the daily grind for hour day and see where that takes overall certainly worth edit after another week went from and uninstalling even pay doubt would through chapter the progression bloody slow now wish uninstalled the last week hours later and even more auto hunting and still exactly where was last week could beat bosses and that remains true matters worse the invasion mini longer sink sink for even less rewards the rewards that are given out after doing every daily challenge the max and watching all the ads much possible barely moving the needle this point previous experience has been completely shadowed obvious money hungry paywall wasn worth noting before because auto hunting wasn needed that much but the very demanding and absolutely drains the battery download the beat the first two chapters and don look back see the other areas because this art style and enemy variety pretty neat but not worth spending thousands genuinely they let end and grind for the chapter would have spent way more money this but with this exponential requirement increase not having fun anymore and there point,4,5
6740618570,XP Hero,"Supercent, Inc.",14392263742,ThatCopyGuy,Soooo many ads,"It’s a blast until you have to turn off wifi because it forces so many ads on you. Ads for rewards are one thing, but these are just ads in the middle of gameplay.",2,2026-08-05 20:08:07+00:00,25.1.0,US,blast until you have turn off wifi because forces many ads you ads for rewards are one but these are ads the middle gameplay,2,5
6740618570,XP Hero,"Supercent, Inc.",14390851970,Alan_onJit,Random Ads,"Started giving me random ads after 2 hours of playing, I would click the screen or be moving or just grabbing a chest and I would get a Ad. Very annoying and made me lose interest in the game.",1,2026-08-05 13:01:34+00:00,25.1.0,US,started giving random ads after hours would click the screen moving grabbing chest and would very annoying and made lose interest the,6,5
6740618570,XP Hero,"Supercent, Inc.",14390200446,Not worth trying.,False Advertising,Ad for it said “No Ads!” after you reach level 30 there is a forced ad every 5 minutes unless you pay $8. would have played longer had it not been for that. what a shame. wasted 2 hours playing,1,2026-08-05 09:19:58+00:00,25.1.0,US,for said ads after you reach level there forced every minutes unless you pay would have longer had not been for that what shame wasted hours,5,5
6740618570,XP Hero,"Supercent, Inc.",14388687638,WeRip,Mid roll ads,For a game that claims to have no mid roll ads it sure has a lot.  An otherwise good game made to be garbage because of ads and fomo marketing.  Avoid this game.,1,2026-08-04 23:16:26+00:00,25.1.0,US,for that claims have mid roll ads sure has lot otherwise made garbage because ads and fomo marketing avoid this,2,5
6740618570,XP Hero,"Supercent, Inc.",14388651178,Imnnnnnnn3,Scam,"Nothing like the ads. Don‘t waste your time with this ""game"".",1,2026-08-04 23:02:18+00:00,25.1.0,US,nothing the ads don waste your with this,2,5
6740618570,XP Hero,"Supercent, Inc.",14388635443,Ryanmc22124,Was Great Beware Ad Scam,Ive been having a great time playing this game I even impulse bought some stuff however pretty upset now because I paid for no ads and I guess it was a limited time deal its like ‘no ads lite’ which apparently expires after like 30 days so now I dont get the 5 ad skips a day which is whack the marketing is quite decepting be careful,2,2026-08-04 22:56:09+00:00,25.1.0,US,ive been having this even impulse bought some stuff however pretty upset now because paid for ads and guess was limited deal its ads lite which apparently expires after days now dont the skips day which whack the marketing quite decepting careful,2,5
6740618570,XP Hero,"Supercent, Inc.",14387811409,DocSchwartz,"Fun, but…","Pretty fun… but the New User 7-Day Festa missions never unlocked for me. I got day 1, then days 2-7 remain locked. Now I only have 4 days left and it’s still not unlocking. Kinda ripped off out of rewards.",2,2026-08-04 18:05:25+00:00,25.1.0,US,pretty fun but the new user day festa missions never unlocked for day then days remain locked now only have days left and still not unlocking kinda ripped off out rewards,3,5
6740618570,XP Hero,"Supercent, Inc.",14387168788,I’llgiveyoustars,Bought the hero for 30$,I bought the hero for 30$ and never got it im redownloading the game seeing if that worked.,1,2026-08-04 14:56:02+00:00,25.1.0,US,bought the hero for and never redownloading the seeing that worked,0,5
6740618570,XP Hero,"Supercent, Inc.",14386242401,dawifigawd,This is a fun and addictive game,This is a great game but idk if this only happens to me but every time I close the app it makes me restart the game to the point where I’ve spent the last 1 and half basically for nothing,1,2026-08-04 10:10:49+00:00,25.1.0,US,this but idk this only happens but every close the restart the the point where spent the last and half basically for nothing,0,5
6745272388,Block Buster - No Timer,Lion Studios Plus,14391975156,muppet54,I uninstalled,"It was fine until level 11, when they added “obstacles” you need to watch an add to remove, and you have to remove them to play the level. And not just one obstacle, but two! If you love watching ads, go for it. I however, can only tolerate so many ads to play a game.",1,2026-08-05 18:30:30+00:00,1.5.0,US,was fine until level when they added obstacles you need watch add remove and you have remove them the level and not one obstacle but two you watching ads for however can only tolerate many ads,4,10
6745272388,Block Buster - No Timer,Lion Studios Plus,14369020253,Chrs88B,Frustrating,It gets to the point where you can’t move without using help. Eventually you run out and have to pay more to continue.,2,2026-07-31 03:38:05+00:00,1.4.2,US,the point where you can move without using help eventually you run out and have pay more continue,5,10
6745272388,Block Buster - No Timer,Lion Studios Plus,14364738632,Frenchy 57,Money grab,This game will be deleted! The big grab is “no timer” well there isn’t a timer but not enough moves unless you buy them. I don’t want a game that has no way to continue w/o buying more moves !,2,2026-07-30 02:15:15+00:00,1.4.2,US,this will deleted the big grab timer well there isn timer but not enough moves unless you buy them don that has way continue buying more moves,4,10
6745272388,Block Buster - No Timer,Lion Studios Plus,14359138499,Otis j,No sound,I can’t get the sound to work,1,2026-07-28 16:58:21+00:00,1.4.2,US,can the sound work,0,10
6745272388,Block Buster - No Timer,Lion Studios Plus,14350389133,SMKFB19955,None of the ads for additional perks work,There seem to be fake options to watch a video to remove a barrier or gain additional coins at the end of a level but the button is entirely fake and doesn’t work.,2,2026-07-26 13:40:31+00:00,1.4.2,US,there seem fake options watch video remove barrier gain additional coins the end level but the button entirely fake and doesn work,4,10
6745272388,Block Buster - No Timer,Lion Studios Plus,14347410907,Mommabme,Don’t purchase the “no ads”,Don’t purchase the no ads option as you won’t have ads up to around level 95 or so then you end up with ads after EVERY LEVEL!!!!  I sent an email to the creators and have received nothing back from them….!!!😡,1,2026-07-25 18:20:27+00:00,1.4.2,US,don purchase the ads option you won have ads around level then you end with ads after every level sent email the creators and have received nothing back from them,4,10
6745272388,Block Buster - No Timer,Lion Studios Plus,14346341274,Scubafiend,Nope. The Gate ruins it.,"So once again, at a certain level, the gates appear. The problem with them is the no more moves. No longer relaxing so DELETE.",1,2026-07-25 12:54:38+00:00,1.4.2,US,once again certain level the gates appear the problem with them the more moves longer relaxing delete,4,10
6745272388,Block Buster - No Timer,Lion Studios Plus,14344734325,charlrae,Can’t win unless you buy,"I’m only on level 35. I haven’t accumulated enough point to use a help, but there are no moves. I paid for no ads so have wasted my money.",1,2026-07-25 02:18:36+00:00,1.4.2,US,only level haven accumulated enough point use help but there are moves paid for ads have wasted money,4,10
6779310326,Coin Collector!,Venturesis Teknoloji Anonim Sirketi,14392602804,Drishkan,New Grinders make it a bad grind,"I enjoyed the game up until the change with the grinders, when the coins were “eaten” immediately. Now every level gets bogged down by a back up of coins. All I can do is watch and wait for the grinders to eat enough coins for my frame rate to climb out of the toilet. Maybe make them upgradable within the level, like the other machines? If not return them to the fun setting",2,2026-08-05 22:13:26+00:00,1.2.1,US,enjoyed the until the change with the grinders when the coins were eaten immediately now every level bogged down back coins all can watch and wait for the grinders eat enough coins for frame rate climb out the toilet maybe them upgradable within the level the other machines not return them the fun setting,4,6
6779310326,Coin Collector!,Venturesis Teknoloji Anonim Sirketi,14390110408,DarylDovonan,Stage 37,The laser mechanic sucks show a timer or something,1,2026-08-05 08:43:57+00:00,1.2.1,US,the laser mechanic sucks show timer something,0,6
6779310326,Coin Collector!,Venturesis Teknoloji Anonim Sirketi,14384327703,Casey_420,So many ads,When you see an ad it also clears out any coins you have in the bottom and doesn’t give you any money. After a little while playing it just spams ads too but not when you first download it. Cashgrab game don’t get it.,1,2026-08-03 21:38:49+00:00,1.2.1,US,when you see also clears out any coins you have the bottom and doesn give you any money after little while spams ads too but not when you first download cashgrab don,2,6
6779310326,Coin Collector!,Venturesis Teknoloji Anonim Sirketi,14381865522,Eddiemunster87,Complete trash,"Forced adds, forced rating.",1,2026-08-03 08:34:23+00:00,1.2.0,US,forced adds forced rating,0,6
6779310326,Coin Collector!,Venturesis Teknoloji Anonim Sirketi,14368504335,ctcwawawa,Don’t be a stupid goy,"Ads ads ads ads ads

Even if you turn on airplane mode it will not let you play after a minute because it forces an ad down your throat. You HAVE to reset the game every time, which removes your coins.

How do we goy cattle allow this? Are we that complacent? Wake up goyim",1,2026-07-31 00:23:21+00:00,1.2.0,US,ads ads ads ads ads even you turn airplane mode will not let you after minute because forces down your throat you have reset the every which removes your coins how goy cattle allow this are that complacent wake goyim,2,6
6779310326,Coin Collector!,Venturesis Teknoloji Anonim Sirketi,14368184061,TrueL1v1ng,Ads,It’s a good game but unfortunately it has a bunch of ads when you finish the first round,2,2026-07-30 22:18:58+00:00,1.2.0,US,but unfortunately has bunch ads when you finish the first round,2,6
6779310326,Coin Collector!,Venturesis Teknoloji Anonim Sirketi,14366287068,czar2010,Would be great if add free,The game offers power ups in exchange for watching an add and if you decline it makes you watch the add anyway,1,2026-07-30 12:21:03+00:00,1.2.0,US,the offers power ups exchange for watching add and you decline you watch the add anyway,0,6
6779310326,Coin Collector!,Venturesis Teknoloji Anonim Sirketi,14365153039,FawkesE,Hate the new grinders,The new grinders are terrible!! They chew on the same coin for 5-10 seconds and the coins backup and take FOREVER to process!!!,2,2026-07-30 04:59:50+00:00,1.2.0,US,the new grinders are terrible they chew the same coin for seconds and the coins backup and take forever process,0,6
1475514684,Bubble Cash,Papaya Gaming,14388741607,Nohjgrant,Difficulty,I was having a good time winning some tournaments and then I deposit real money got up to $20 and then every round got significantly harder made it impossible to win. Not worth it.,1,2026-08-04 23:37:38+00:00,13.8.0,US,was having winning some tournaments and then deposit real money and then every round significantly harder made impossible win not worth,1,9
1475514684,Bubble Cash,Papaya Gaming,14388427992,Quattro mase 719,Do not get this 👎👎👎,It makes you spend money too get money,1,2026-08-04 21:36:10+00:00,13.8.0,US,you spend money too money,1,9
1475514684,Bubble Cash,Papaya Gaming,14387819014,Kaysia7700,Scam game,I’ve been on this game for years put money in and did my due-diligence to this game and have never been able to pull out. Worst money game ever.,1,2026-08-04 18:07:51+00:00,13.8.0,US,been this for years put money and did due-diligence this and have never been able pull out worst money ever,1,9
1475514684,Bubble Cash,Papaya Gaming,14387732477,Madge🌺📣,Oh heck no,They said they were gonna give me 34 dollars and instead they TOOK 34 dollars from me… don’t not get! I’m warning you!!!!!,1,2026-08-04 17:40:26+00:00,13.8.0,US,they said they were gonna give dollars and instead they took dollars from don not warning you,0,9
1475514684,Bubble Cash,Papaya Gaming,14387255682,msbenson826,App doesn’t work.,"The app let me play one round. Then tried to force me to play a specific second round but when clicking on the play button I get an error message and it says to contact support, but I can’t click anything else within the app. This app is a total scam.",1,2026-08-04 15:20:16+00:00,13.8.0,US,the let one round then tried force specific second round but when clicking the button error message and says contact support but can click anything else within the this total scam,0,9
479516143,Minecraft: Play with Friends!,Mojang,14393278954,Heggetwetbhdec12,Minecraft is scamming now?,I brought the spooky bundle pack and then I never got it but it took the money of of my credit card.,1,2026-08-06 02:33:44+00:00,26.40,US,brought the spooky bundle pack and then never but took the money credit card,7,4
479516143,Minecraft: Play with Friends!,Mojang,14393058097,Gabiditygoobity,Genuine garbage,Genuine garbage,1,2026-08-06 01:10:56+00:00,26.40,US,genuine garbage,0,4
623592465,Heads Up!,Warner Bros.,14393655652,Lane 22,Where are the free in app purchases?,App Store shows several free in app purchases. Actual app shows hundreds of paid in app purchases. Nothing is free besides the few decks that come with it.,1,2026-08-06 05:08:38+00:00,5.1.142,US,store shows several free purchases actual shows hundreds paid purchases nothing free besides the few decks that come with,7,11
623592465,Heads Up!,Warner Bros.,14372847114,I have a name.,Lag and paying MORE???,"Every time my family plays this game, we either get laggy and my whole screen freezes or it just randomly kicks us out. It’s fun but it’s not that much worth of paying the money to get this game. It’s very annoying and I don’t recommend this game to people who get annoyed fast. Also you have to PAY to get other decks. Like you payed for the game so what’s the point of paying more for more decks? Enjoyable but laggy.",1,2026-08-01 01:57:55+00:00,5.1.142,US,every family plays this either laggy and whole screen freezes randomly kicks out fun but not that much worth paying the money this very annoying and don recommend this people who annoyed fast also you have pay other decks you payed for the what the point paying more for more decks enjoyable but laggy,5,11
623592465,Heads Up!,Warner Bros.,14370230853,CalyFlores,Do not pay $1.99 misleading,"This app is not free. You have to pay $1.99 just to download it, then immediately tries to sale you additional team games packs, it feels misleading and like a complete rip-off. I wish to have my money back. I do not recommend this app.",1,2026-07-31 11:37:27+00:00,5.1.142,US,this not free you have pay download then immediately tries sale you additional team packs feels misleading and complete rip-off wish have money back not recommend this,5,11
623592465,Heads Up!,Warner Bros.,14365096326,grflashh,Charged but not received.,"Fun game but I spent $13 on a pack and never got it. I’ve done all the steps to try and get it, and I can’t. So I got charged for something I don’t have.",2,2026-07-30 04:35:50+00:00,5.1.142,US,fun but spent pack and never done all the steps try and and can charged for something don have,3,11
623592465,Heads Up!,Warner Bros.,14364893777,Needs more attention,Waste of money,I bought the full pack on a deal then uninstalled eventually and after reinstalling it says no purchase found. BS scam.,1,2026-07-30 03:13:55+00:00,5.1.142,US,bought the full pack deal then uninstalled eventually and after reinstalling says purchase found scam,0,11
623592465,Heads Up!,Warner Bros.,14360681999,TuAgLoStSeG,Inappropriate,Me and my son was doing it and we don’t say bad words and it said dick and my son said to me him and his girl was doing and and I put my thing in her,1,2026-07-29 02:07:20+00:00,5.1.142,US,and son was doing and don say words and said dick and son said him and his girl was doing and and put her,0,11
623592465,Heads Up!,Warner Bros.,14348561902,Imjarek,Rip off,You have to pay a ton of $ for decks after paying to install the game. Skip!,1,2026-07-26 01:48:32+00:00,5.1.142,US,you have pay ton for decks after paying install the skip,5,11
623592465,Heads Up!,Warner Bros.,14331191670,Niccosmo,Charge then charge again,Charged me for the app then to play you’re charged for the cards!,1,2026-07-21 17:33:48+00:00,5.1.142,US,charged for the then you charged for the cards,7,11
623592465,Heads Up!,Warner Bros.,14298879061,Ktmc330,Can’t play with kids,It’s too easy to accidentally purchase a $20 add on pack!  There are NO PICTURES so it’s impossible to play with children who cannot read yet. Not family friendly. Complete waste and a rip-off.,1,2026-07-13 17:17:11+00:00,5.1.141,US,too easy accidentally purchase add pack there are pictures impossible with children who cannot read yet not family friendly complete waste and rip-off,0,11
623592465,Heads Up!,Warner Bros.,14295589756,A mom in SF,Everything costs money even after paying to download,They should make it clear that the 1.99 feet gets you nothing. You still have to buy the packs.,1,2026-07-12 21:17:32+00:00,5.1.141,US,they should clear that the feet you nothing you still have buy the packs,0,11
623592465,Heads Up!,Warner Bros.,14290826600,Spoiledmc77,Needs Fixing,Paid for the game and still have to pay for more categories. Cant fix the timing per rounds. No Description of the categories. This game is fun but can be better. Wouldn’t doubt on spending more if they fixed these things.,1,2026-07-11 16:46:40+00:00,5.1.141,US,paid for the and still have pay for more categories cant fix the timing per rounds description the categories this fun but can better wouldn doubt spending more they fixed these,5,11
623592465,Heads Up!,Warner Bros.,14282547719,BP3891,Buyer Beware,"Purchased a deck bundle and was charged immediately. Decks do not appear in the app an hour after purchase.

Suggestions to fix included “Restore Purchases” and deleting and reinstalling the app. Neither worked.

No contact information to provide a resolution or request a refund.",1,2026-07-09 15:49:22+00:00,5.1.141,US,purchased deck bundle and was charged immediately decks not appear the hour after purchase suggestions fix included restore purchases and deleting and reinstalling the neither worked contact information provide resolution request refund,0,11
525818839,Plague Inc.,Ndemic Creations,14388562677,Zombie Frankenstein,NO HELP FOR FAILED APP,For some reason I’m unable to access all the other saved customized scenarios AND THERE IS NO APP SUPPORT AVAILABLE!!!,1,2026-08-04 22:27:38+00:00,1.24.4,US,for some reason unable access all the other saved customized scenarios and there support available,0,6
525818839,Plague Inc.,Ndemic Creations,14374887352,kchampion999,Heavily Over Charged On Purchase,"Don’t make any in app purchases I purchased all the 7 plague types at once which states clearly is a $2.99 purchase, I’d expect a little tax of course but the purchase charged me almost SEVEN dollars!!! They just robbed me a little…",1,2026-08-01 14:28:35+00:00,1.24.4,US,don any purchases purchased all the plague types once which states clearly purchase expect little tax course but the purchase charged almost seven dollars they robbed little,0,6
525818839,Plague Inc.,Ndemic Creations,14353041080,Nlyciyfyi,Mala,"No lo compren, es muy aburrido, monótono y sinceramente a pesar de que está 0.99 fue la peor compra de mi vida",1,2026-07-27 05:22:13+00:00,1.24.4,US,compren muy aburrido mon tono sinceramente pesar que est fue peor compra vida,0,6
525818839,Plague Inc.,Ndemic Creations,14347341302,Str0ngm4n90,Mehh,"Game is kinda fun, except on mega brutal coincidentally enough with all transmissions maxed out AND abilities, the virus never seems to make it to Greenland, OR Japan when I start in Greenland.",2,2026-07-25 17:57:01+00:00,1.24.4,US,kinda fun except mega brutal coincidentally enough with all transmissions maxed out and abilities the virus never seems greenland japan when start greenland,3,6
525818839,Plague Inc.,Ndemic Creations,14344871897,XenomorphianNya~!,Trash,Doesn’t even load lol,1,2026-07-25 03:12:08+00:00,1.24.4,US,doesn even load lol,0,6
625334537,Geometry Dash,RobTop Games AB,14392721379,Apple I don’t want a nickname,Great job Robert.,"You know I love this game, and I know many of others do. But you know why this game sucks? Every time I sign into my Robert James account. It restarts all of my progress on every single level, even if let’s say all of my achievements on steam are still there. I’m not willing to go through months and months of regaining progress. So robtop. Fix. Your damn game. Takes you like billions of damn years to decide when you’re going to update. And sometimes the updates are good. Maybe like bug fixes or cbf. But you can’t fix Saving old progress when signing into a new account? Wow. You really do suck as a coder. But even though I’m hating so damn much. It’s still a good game. Just fix this. For ONCE. In your life.",1,2026-08-05 23:00:18+00:00,2.208,US,you know this and know many others but you know why this sucks every sign into robert james account restarts all progress every single level even let say all achievements steam are still there not willing through months and months regaining progress robtop fix your damn takes you billions damn years decide when you going update and sometimes the updates are maybe bug fixes cbf but you can fix saving old progress when signing into new account wow you suck coder but even though hating damn much still fix this for once your life,4,2
625334537,Geometry Dash,RobTop Games AB,14392702039,Muffin dime ￼,"About hexagon force, and the other one","On hexagon force every time when I so close to getting to the double ship I die instantly because I have to do two precise clicks, and why don’t you just make electrodiedynamics a demon at this point like three of the ship parts are like demons first one you have the red ship part you have to do three speed and upside down with so many spikes. I know it’s insane but still it feels like it’s a demon.",1,2026-08-05 22:52:39+00:00,2.208,US,hexagon force every when close the double ship die instantly because have two precise clicks and why don you electrodiedynamics demon this point three the ship parts are demons first one you have the red ship part you have three speed and upside down with many spikes know insane but still feels demon,0,2
625334537,Geometry Dash,RobTop Games AB,14392611418,Can you make check points,I didn’t like this can you make check points,Pls make check points,1,2026-08-05 22:16:48+00:00,2.208,US,pls check points,0,2
625334537,Geometry Dash,RobTop Games AB,14392501228,Ohora guy,I don’t like you robtop,Your a chungus robtop,1,2026-08-05 21:34:26+00:00,2.208,US,your chungus robtop,0,2
625334537,Geometry Dash,RobTop Games AB,14391686904,playing these games,Garbage,Can’t believe I payed money for a game that’s impossible and not fun,1,2026-08-05 16:59:08+00:00,2.208,US,can believe payed money for that impossible and not fun,3,2
1118115766,Bloons TD 6,Ninja Kiwi,14392939620,PVZ original,Great game,Very fun and time consuming,1,2026-08-06 00:25:54+00:00,56.0,US,very fun and consuming,3,1
6502453075,Balatro,Playstack Ltd,14364963937,YouTubeIsTrash69,Another flappy bird,This game is another low effort game. I am shocked that it has so many 5 star reviews considering how simple it is,1,2026-07-30 03:41:19+00:00,1.3,US,this another low effort shocked that has many star reviews considering how simple,0,5
6502453075,Balatro,Playstack Ltd,14347319313,Asan110,"too hard to see, cloud save is missing or broken.","They just ported the pc version and scaled down the display. SO MANY things are nearly impossible to read, even with all the fx turned off. Plz update to make it usable on a phone screen!

EDIT: also, the support site says there is a slider in settings to turn on iCloud Sync-- I can't find this anywhere, and saves do NOT sync between iOS devices, so I can't even play on my iPad. Very frustrating.",1,2026-07-25 17:49:46+00:00,1.3,US,they ported the version and scaled down the display many are nearly impossible read even with all the turned off plz update usable screen edit also the support site says there slider settings turn icloud sync can't find this anywhere and saves not sync between ios devices can't even very frustrating,6,5
6502453075,Balatro,Playstack Ltd,14333690406,ShyShame Ace,God awful experience,App refuses to load cloud save and so I can do NOTHING. Marvelous app.,1,2026-07-22 09:35:49+00:00,1.3,US,refuses load cloud save and can nothing marvelous,0,5
1596736236,Red's First Flight,Rovio Entertainment Oyj,14385625950,Andrew Biird,The birds are too cheerful,It’s supposed to be angry birds not happy birds,1,2026-08-04 06:00:25+00:00,1.3.1,US,supposed angry birds not happy birds,0,4
1596736236,Red's First Flight,Rovio Entertainment Oyj,14384954007,Fionn Martin small romas,So GREAT!🤩,This is really like the mid old 2000’s game that I’ve have ever seen!,2,2026-08-04 01:34:41+00:00,1.3.1,US,this the mid old that have ever seen,0,4
1406710800,Stardew Valley,ConcernedApe,14380251616,Pdpwofjkakd,best game ever,i love this game so much it changed my life,1,2026-08-02 21:46:25+00:00,1.6.15.1,US,this much changed life,0,6
1406710800,Stardew Valley,ConcernedApe,14368749295,Fred Gloppins,Slooooooooooow,Horrifically slow and has absolutely no help for advancing in the game. You can never really tell where you are because you can’t see enough of the game.  Waste of money.,1,2026-07-31 01:55:19+00:00,1.6.15.1,US,horrifically slow and has absolutely help for advancing the you can never tell where you are because you can see enough the waste money,1,6
1406710800,Stardew Valley,ConcernedApe,14355813410,P31chic,Issue viewing,"I love this game and wanted to play it on the go but when using my iPhone it cuts part of of the game screen off, so I can’t see my tool bars. It impossible to play that way.",2,2026-07-27 21:05:28+00:00,1.6.15.1,US,this and the but when using cuts part the screen off can see tool bars impossible that way,6,6
1406710800,Stardew Valley,ConcernedApe,14352085955,Makesnosenseatall,Not adequately adapted for iphone,The screen of my 16 Pro is too small. Essential content appears behind the dynamic island and outside the frame constantly. Not playable.,2,2026-07-26 22:59:32+00:00,1.6.15.1,US,the screen pro too small essential content appears behind the dynamic island and outside the frame constantly not playable,6,6
1406710800,Stardew Valley,ConcernedApe,14345862068,=^<,📉,"I played Stardew Valley on my iPhone for a long time, and everything worked perfectly. After updating to the latest version, the game became unplayable.
The entire screen is zoomed in and cut off. The health and energy bars, the toolbar, and even the ""Loading..."" message are cut off and extend beyond the screen. Rescaling the interface doesn't solve the problem.

I've already tried everything to fix the issue, but nothing has worked. The problem occurs in every save and even in new games.

I'm using an iPhone 14 Pro Max with the latest version of the game. Please fix the screen scaling issue. I really love Stardew Valley and want to play again, but it's impossible now because the interface is cut off.",1,2026-07-25 10:03:59+00:00,1.6.15.1,US,stardew valley for long and everything worked perfectly after updating the latest version the became unplayable the entire screen zoomed and cut off the health and energy bars the toolbar and even the loading message are cut off and extend beyond the screen rescaling the interface doesn't solve the problem i've already tried everything fix the issue but nothing has worked the problem occurs every save and even new i'm using pro max with the latest version the please fix the screen scaling issue stardew valley and again but it's impossible now because the interface cut off,6,6
1477966166,MONOPOLY: The Board Game,Marmalade Game Studio,14392791519,Hud Jay,Rigged,I’ve played a total of 60 games and have only won 3 lol those are insane odds. I noticed if I have too much money I either land on others ever single roll and have to pay or I receive a chance card that requires me to pay something absurd. I hate that I spent money on 4 separate installs so that my family could play but once the game favors one person that one person wins. The dice rolls are not automated rolls as they should be. I don’t recommend spending a single penny on this game.. get the real life board game where it’s actually fair.,1,2026-08-05 23:28:01+00:00,1.15.24,US,total and have only won lol those are insane odds noticed have too much money either land others ever single roll and have pay receive chance card that requires pay something absurd hate that spent money separate installs that family could but once the favors one person that one person wins the dice rolls are not automated rolls they should don recommend spending single penny this the real life board where actually fair,5,4
1477966166,MONOPOLY: The Board Game,Marmalade Game Studio,14392747830,78USN98,Too many sales ads and lack of options,Game slow to load and forces viewing of sales screens to play. No way to change player name without separate subscription to “Bubble”. Animation distracting and excessive. Can’t save play options.,2,2026-08-05 23:10:41+00:00,1.15.24,US,slow load and forces viewing sales screens way change name without separate subscription bubble animation distracting and excessive can save options,6,4
1477966166,MONOPOLY: The Board Game,Marmalade Game Studio,14389177562,GayJ89,So fixed it’s not even funny,This game is NOT worth paying $4.99 for. You cannot tell me it’s not fixed when it’s down to you and one other person or bot. That person only lands on the community chest or advances to go etc. Meanwhile you land on everything else imaginable. Constantly go to jail I’ll pass Go but then land on having to pay $200 in tax everytime I’d go past Go! Absolute BS. I’ll continue to play only cause I was the moron who paid $4.99 for this stupid game. Save you money go spend it on something more important!,1,2026-08-05 02:20:30+00:00,1.15.24,US,this not worth paying for you cannot tell not fixed when down you and one other person bot that person only lands the community chest advances etc meanwhile you land everything else imaginable constantly jail pass but then land having pay tax everytime past absolute continue only cause was the moron who paid for this stupid save you money spend something more important,5,4
1477966166,MONOPOLY: The Board Game,Marmalade Game Studio,14387748771,Used to be better.  SMH,I think the are shorting our server space,Always offline recently can’t play pvp. The AI is extremely vindictive!,1,2026-08-04 17:45:32+00:00,1.15.24,US,always offline recently can pvp the extremely vindictive,0,4
1477966166,MONOPOLY: The Board Game,Marmalade Game Studio,14383657923,KidmanMakino,Can't make purchases,The online store hasn't worked for weeks and I really wanted to buy these fun tokens and boards /S,1,2026-08-03 17:54:50+00:00,1.15.24,US,the online store hasn't worked for weeks and buy these fun tokens and boards,3,4
1477966166,MONOPOLY: The Board Game,Marmalade Game Studio,14381661768,DaveKeyo,Fix This Issue,It's so dumb that when a player knows they are gonna go bankrupt they trade all their properties and money away to a different player. Unplayable. It happens almost every game i'm in. Fix it please,1,2026-08-03 07:11:08+00:00,1.15.24,US,it's dumb that when knows they are gonna bankrupt they trade all their properties and money away different unplayable happens almost every i'm fix please,0,4
1477966166,MONOPOLY: The Board Game,Marmalade Game Studio,14379913801,Chack-o-neal,Love when the bots cheat,The bot literally went 5 times in the same turn. Love when the game doesn’t work lol. 1 star,1,2026-08-02 19:45:09+00:00,1.15.23,US,the bot literally went the same turn when the doesn work lol star,0,4
1477966166,MONOPOLY: The Board Game,Marmalade Game Studio,14370793170,Cassica42t0,Game locking,You need to add a report feature for players who game lock the board so they can no longer play!,1,2026-07-31 14:22:59+00:00,1.15.23,US,you need add report feature for who lock the board they can longer,7,4
1477966166,MONOPOLY: The Board Game,Marmalade Game Studio,14369039393,Hrjsocbekabfks,Cost,If you’d like a 5 star review you can pay me $5,1,2026-07-31 03:45:41+00:00,1.15.23,US,you star review you can pay,5,4
1477966166,MONOPOLY: The Board Game,Marmalade Game Studio,14368350570,Disappointed Rummy man,You have to pay for everything,You have to pay for everything,2,2026-07-30 23:23:50+00:00,1.15.23,US,you have pay for everything,5,4
824305459,Papa's Freezeria To Go!,Flipline Studios,13837982234,cooonicjaaweeka,Bad Quality,This is nothing like the one we used to play on computers. It’s very different and the quality is so bad of the graphics.,1,2026-03-11 20:18:44+00:00,1.2.0,US,this nothing the one used computers very different and the quality the graphics,0,0
824305459,Papa's Freezeria To Go!,Flipline Studios,13634465722,Livelaughhyunjin,Blurry asf,Ok I'm getting straight to my point. VERY BLURRY GAME. ok so I got two papa's games this one and papa's mocharia. The mocharia one is very peakness and not blurry at all!! But this one? Very blurry.. But.. Your games are very peakness so I'm 20 less unbothered so ye 🥹,2,2026-01-15 00:34:41+00:00,1.2.0,US,i'm straight point very blurry two papa's this one and papa's mocharia the mocharia one very peakness and not blurry all but this one very blurry but your are very peakness i'm less unbothered,0,0
6758328352,Scritchy Scratchy,Funday Games ApS,14352494388,unhappyplayer1234,Playable but not great,"UPDATE: after the most recent update, the game is playable! However, it’s still pretty buggy :( I was able to play for about twenty minutes and got annoyed at the fact I couldn’t press buttons without using my finger and sometimes the input from the apple pen still lagged when I was scratching. BUT it is a HUGE improvement from where it was, so thank you for listening developers ily <3 I didn’t notice any lag from my finger anymore!!! But then again, I really only used my apple pen. I know you guys will make it work perfectly eventually!!! 

I love this game. I bought it on my PC and played for hours. I wanted to be able to play it in bed so downloaded it on my iPad, thinking my Apple Pencil would make it easier for me. NO. It doesn’t work. And if it was the pencil, whatever, that’s fine. But it stops registering my normal finger input too! And not after twenty minutes, after only a couple minutes! They really need to fix this bug as it makes the game literally unplayable.",1,2026-07-27 01:42:08+00:00,1.1.74,US,update after the most recent update the playable however still pretty buggy was able for about twenty minutes and annoyed the fact couldn press buttons without using finger and sometimes the input from the pen still lagged when was scratching but huge improvement from where was thank you for listening developers ily didn notice any lag from finger anymore but then again only used pen know you guys will work perfectly eventually this bought and for hours able bed downloaded thinking pencil would easier for doesn work and was the pencil whatever that fine but stops registering normal finger input too and not after twenty minutes after only couple minutes they need fix this bug the literally unplayable,7,6
6758328352,Scritchy Scratchy,Funday Games ApS,14348631040,ChasingStardust83,Not a fan.,"I bought it since it had 4.9 stars, but it’s so boring. Not really any instructions you just kind of clean plates and then the phone rings. Kind of wish I never bought it, but live and learn.",2,2026-07-26 02:15:17+00:00,1.1.74,US,bought since had stars but boring not any instructions you kind clean plates and then the rings kind wish never bought but live and learn,7,6
6758328352,Scritchy Scratchy,Funday Games ApS,14331036050,Davided08,Fun Game but not worth the price,"Its a good game with a really bad ending, not worth the money unless they add more later",2,2026-07-21 16:46:23+00:00,1.1.19,US,its with ending not worth the money unless they add more later,7,6
1093131935,Incredibox,So Far So Good,14389220458,cooeheisbsbjshs,This it horrible,wererewerreuhfuhfuehfuhfuheufheuf,1,2026-08-05 02:36:21+00:00,2.2.4,US,wererewerreuhfuhfuehfuhfuheufheuf,0,6
763692274,Grand Theft Auto: San Andreas,Rockstar Games,14359221911,NotFair©️,Stops Working,All the sudden stopped working for me every time I load it up and before that was having screen rotation issues.,2,2026-07-28 17:23:56+00:00,2.2.21,US,all the sudden stopped working for every load and before that was having screen rotation issues,6,6
763692274,Grand Theft Auto: San Andreas,Rockstar Games,14336305638,Tryingempathy,Audio,Just bought and the audio doesn’t work. I want my money back.,1,2026-07-23 00:02:19+00:00,2.2.21,US,bought and the audio doesn work money back,1,6
763692274,Grand Theft Auto: San Andreas,Rockstar Games,14325152570,girll226,crashing app,"DON’T WASTE YOUR MONEY, i literally was playing this game for 3 hours and then it crashed and reset all my progress. literally wasted $7 buying this game. Not worth it, so dissapointing.",1,2026-07-20 05:55:39+00:00,2.2.21,US,don waste your money literally was this for hours and then crashed and reset all progress literally wasted buying this not worth dissapointing,1,6
763692274,Grand Theft Auto: San Andreas,Rockstar Games,14299029957,Thisdndi,"Bueno, algo me gusta porque es muy divertido y es mi juego favorito","Y lo malo es que por que intento pasar uno de las misiones, el juego se me cierra porque tengo que subirme a la moto por favor a ver léelo",1,2026-07-13 18:04:28+00:00,2.2.21,US,malo que por que intento pasar uno las misiones juego cierra porque tengo que subirme moto por favor ver elo,0,6
763692274,Grand Theft Auto: San Andreas,Rockstar Games,14295126720,Scottyoutdat3,What’s going on ?,"Everytime I’ll the game & it starts loading, it just cuts off, so I deleted it, trying to reinstall it back , now I think I have to pay for it again, why is that ? If it was just clicking off everytime ?",1,2026-07-12 18:32:49+00:00,2.2.21,US,everytime the starts loading cuts off deleted trying reinstall back now think have pay for again why that was clicking off everytime,5,6
1491530147,Slay the Spire,Balor Games,14367929115,Dbizzzz,Can’t read anything,"You need reading glasses or a magnifying glass to be able to see what’s on the cards in this game. I wish I would’ve known that before I wasted $10. Also I subscribed to Apple Arcade and didn’t realize there was a version of this that’s actually better that was free, Apple didn’t bother telling me this before they took my $10.",1,2026-07-30 20:44:29+00:00,2.6.0,US,you need reading glasses magnifying glass able see what the cards this wish would known that before wasted also subscribed arcade and didn realize there was version this that actually better that was free didn bother telling this before they took,7,5
1491530147,Slay the Spire,Balor Games,14297660838,FamilyCash Beta Tester,Fix it,"Fun game, but as many other have said, working with the cards is super frustrating. They display half off the bottom of the screen. To see the details of one you can tap it, which brings it forward; but even that still randomly displays half off the screen. Pulling a card up manually with your finger works; but then you risk playing that card. Bad port.",1,2026-07-13 11:12:41+00:00,2.6.0,US,fun but many other have said working with the cards super frustrating they display half off the bottom the screen see the details one you can tap which brings forward but even that still randomly displays half off the screen pulling card manually with your finger works but then you risk that card port,6,5
1491530147,Slay the Spire,Balor Games,14181534124,Bigbadbubbabilly,UI not compatible on IOS,"I would love to rate this 5 stars, but currently game is unplayable on IOS as the cards are unreadable and cutoff by UI.",1,2026-06-14 12:16:16+00:00,2.6.0,US,would rate this stars but currently unplayable ios the cards are unreadable and cutoff,7,5
1491530147,Slay the Spire,Balor Games,14096819045,ErGou2,experience not good,very uncomfortable when playing with a refresh rate of only 30.,1,2026-05-23 13:47:41+00:00,2.6.0,US,very uncomfortable when with refresh rate only,0,5
1491530147,Slay the Spire,Balor Games,14090120846,Jake254443333,One issue,3 sentries boss is BS. Most moronic set up out of everything in that game,1,2026-05-21 17:51:49+00:00,2.6.0,US,sentries boss most moronic set out everything that,0,5
575154654,Pou,Zakeh Limited,14255925566,Beehjayy,Bug,One of the ads forced me to stay but no exit,1,2026-07-03 01:02:52+00:00,1.4.135,US,one the ads forced stay but exit,2,6
575154654,Pou,Zakeh Limited,14065526365,David Lisa lewi,Huh,Don't remember getting the app,1,2026-05-15 01:43:11+00:00,1.4.134,US,don't remember the,0,6
1631859420,After Inc.,Ndemic Creations,14343789570,Canuto2708,Ubisoft 2,"You literally get 6 campaign missions and then have to buy 3 dlcs raging from $7 to $15- so yeah- not recommended at all, I would rather pay $15 - $20 for the WHOLE game upfront than this",1,2026-07-24 20:11:37+00:00,1.21.1,US,you literally campaign missions and then have buy dlcs raging from yeah not recommended all would rather pay for the whole upfront than this,5,6
1631859420,After Inc.,Ndemic Creations,14341086931,no123456790,Sad,Very shallow and braindead and wants you to pay $15 more to unlock everything. No thanks.,1,2026-07-24 04:38:38+00:00,1.21.1,US,very shallow and braindead and wants you pay more unlock everything thanks,5,6
1631859420,After Inc.,Ndemic Creations,14333189272,L00kingglazz,Paid game yet paywall?,Title says it all. Gameplay is ok but very repetitive. Add-ons more expensive than the base paid for game.,2,2026-07-22 06:06:26+00:00,1.21.1,US,title says all gameplay but very repetitive add-ons more expensive than the base paid for,0,6
941143328,Five Nights at Freddy's 2,CLICKTEAM LLC USA,14279596582,epic games awsome,Yo fnaf is worth 7 years of learning lore.,I’ve been playing and learning about fnaf for 7 years and trust me ItS FUN . Horror is a way of life and it’s one of my favs backrooms for 7 years fnaf for 7 years I did it! And it was fun so buy this NOW,2,2026-07-08 21:51:49+00:00,2.0.5,US,been and learning about fnaf for years and trust its fun horror way life and one favs backrooms for years fnaf for years did and was fun buy this now,3,7
6754894237,CloverPit,Future Friends Games,14385198503,Kolemna612,Says 4.99 and charged 44.98,I’ve seen this game on YouTube so I wanted to try it but buying it and getting charged $44.98 is very upsetting and feels like a major scam.,1,2026-08-04 03:04:09+00:00,1.4.8,US,seen this youtube try but buying and charged very upsetting and feels major scam,0,5
6754894237,CloverPit,Future Friends Games,14383202529,The original jayoshi,I can’t recommend this game,"Getting a 666 and losing all your coins is way too punishing. I finally got enough for 144 million and it took all my coins away and I lost. It took forever of grinding and playing over and over and over to get better charms and phone calls. All that just to watch finally being able to reach the goal you have been trying so hard to get to just go down the drain. It was an awful feeling and I’m never playing this game again. Killed the joy and fun out of this game for me. 

If you’re into grinding and hoping you get lucky and don’t care about it all being taken away, then more power to you. You’ll enjoy it. But if you don’t want to be rewarded with your dedication of playing this game by getting a cheap game over - stay far away. This game really was developed by Satan.",1,2026-08-03 15:41:09+00:00,1.4.8,US,and losing all your coins way too punishing finally enough for million and took all coins away and lost took forever grinding and over and over and over better charms and calls all that watch finally being able reach the goal you have been trying hard down the drain was awful feeling and never this again killed the joy and fun out this for you into grinding and hoping you lucky and don care about all being taken away then more power you you enjoy but you don rewarded with your dedication this cheap over stay far away this was developed satan,7,5
6754894237,CloverPit,Future Friends Games,14381452238,iPhone User 00001,Ok game,Could be much better; fair number of really poor design choices,2,2026-08-03 05:41:11+00:00,1.4.8,US,could much better fair number poor design choices,7,5
6754894237,CloverPit,Future Friends Games,14316700799,promlgttvbrobruh,Frick this.,Best game ever but when you say no to the drawer it flipping kills you. I was on a 2 hour run and didn’t know it and got completely reset.:,1,2026-07-18 03:05:16+00:00,1.4.8,US,best ever but when you say the drawer flipping kills you was hour run and didn know and completely reset,7,5
6754894237,CloverPit,Future Friends Games,14300384840,Hotrod2811,Janky,Janky controls and always feels so slow and laggy loading. Especially with you having to pay to play it.,1,2026-07-14 02:21:19+00:00,1.4.8,US,janky controls and always feels slow and laggy loading especially with you having pay,5,5
891194610,Earn to Die 2,Not Doppler,13793642959,Soaplounge,Meh,"Painfully repetitive. You learn that you pretty much only fully finish a level once you have all upgrades. 

Then all you do is do it over again for a new car. It isn’t even a a challenge either, you just keep going to earn, upgrade, etc. painfully boring after the second level",2,2026-02-27 03:50:59+00:00,1.4.55,US,painfully repetitive you learn that you pretty much only fully finish level once you have all upgrades then all you over again for new car isn even challenge either you keep going earn upgrade etc painfully boring after the second level,4,6
891194610,Earn to Die 2,Not Doppler,13750414556,Little Drift1013,Repetitive with no sense of progress,"All of the cars struggle with wooden boxes. there is no sense of upgrades from car to car, every time you swap cars its like you're right back at level 1",1,2026-02-15 01:57:01+00:00,1.4.55,US,all the cars struggle with wooden boxes there sense upgrades from car car every you swap cars its you're right back level,4,6
891194610,Earn to Die 2,Not Doppler,13185553357,scott.tompkins,Grind or Pay,The only thing worse than P2W is P2W behind the guise of a quality game paid once. For shame.,2,2025-09-26 03:05:32+00:00,1.4.55,US,the only worse than behind the guise quality paid once for shame,0,6
891194610,Earn to Die 2,Not Doppler,13063649124,COOLMAN2756,Not as Satisfying,"The first one is probably one of my favorite and most satisfying games to play. This has been since i was a little kid. In this game, progression takes way too long, they spam boxes everywhere, and there isn’t really many fun places to waste all of your boost like in the first one. The variety is definitely cool but after a while this game gets really boring and repetitive. The first one had way better pacing.",2,2025-08-26 18:01:08+00:00,1.4.55,US,the first one probably one favorite and most satisfying this has been since was little kid this progression takes way too long they spam boxes everywhere and there isn many fun places waste all your boost the first one the variety definitely cool but after while this boring and repetitive the first one had way better pacing,6,6
891194610,Earn to Die 2,Not Doppler,13057042243,Magoo332,Do not bother,"This game wouldn’t be worth downloading if it was free, let alone spending money on it. Very lazy and boring design, you play the same level over and over upgrading your car to get a few meters further each time until you are so bored of the level, then you beat it and have to start all over from scratch with a new car. Very repetitive and BORING",1,2025-08-25 02:35:11+00:00,1.4.55,US,this wouldn worth downloading was free let alone spending money very lazy and boring design you the same level over and over upgrading your car few meters further each until you are bored the level then you beat and have start all over from scratch with new car very repetitive and boring,4,6
891194610,Earn to Die 2,Not Doppler,12947571737,Wowee that’s a lot of fees,Insanely boring,No meaningful upgrades or sense of progression,1,2025-07-28 18:29:37+00:00,1.4.55,US,meaningful upgrades sense progression,0,6
891194610,Earn to Die 2,Not Doppler,12928328628,MasonJF,There’s to many things in the road,"The game itself is alright but not as good as the first. The game progression takes double the time and whoever the level editor was put way to many boxes and obstacles in the levels. Like why are there so many I’ve gotten stuck on so many of the boxes and crates to where I burn more fuel trying to get over them and lose fuel to make it to the end.

I’m sure that’s the point but it makes the levels harder then they need to be",2,2025-07-23 22:07:09+00:00,1.4.55,US,the itself alright but not the first the progression takes double the and whoever the level editor was put way many boxes and obstacles the levels why are there many gotten stuck many the boxes and crates where burn more fuel trying over them and lose fuel the end sure that the point but the levels harder then they need,4,6
6714479204,Lowriders Comeback: Boulevard,Oleh Chernykh,14288550109,Da best corbo,Not downloading,I bought it and it’s not letting me download it. It’s showing as if I’ve downloaded it and deleted it but it’s not letting me download it,1,2026-07-11 03:13:54+00:00,0.2.17,US,bought and not letting download showing downloaded and deleted but not letting download,0,2
6714479204,Lowriders Comeback: Boulevard,Oleh Chernykh,14238228583,Cmoney12v,Won’t let me load in a game,Every time I try to load into a single player or multiplayer game  it sends me back to the garage so I all I can do is just mod my truck,1,2026-06-28 20:26:21+00:00,0.2.17,US,every try load into single multiplayer sends back the garage all can mod truck,0,2
6714479204,Lowriders Comeback: Boulevard,Oleh Chernykh,14218498232,Lowlow02,It’s too laggy when update,"I love this game only problem is the update. when I play this game graphics are so smooth it adds realism to the game,now that Its updated every time I play the game it’s so laggy I thought it was my graphic settings to the point I have to adjust but no its the damn update, fix it back to how it originally was please!",2,2026-06-23 23:23:04+00:00,0.2.17,US,this only problem the update when this graphics are smooth adds realism the now that its updated every the laggy thought was graphic settings the point have adjust but its the damn update fix back how originally was please,0,2
6714479204,Lowriders Comeback: Boulevard,Oleh Chernykh,14211851732,Fix this I really love this,Fixxxx,I don’t like how we have to go through 24 or however many pages we have of club parts or our parts instead of being able to search our certain part now when we click search it just goes back and searches community parts please fix where we can search parts in club also I really love this game and put a lot of time and money into it,2,2026-06-22 06:47:52+00:00,0.2.16,US,don how have through however many pages have club parts our parts instead being able search our certain part now when click search goes back and searches community parts please fix where can search parts club also this and put lot and money into,0,2
6748056918,Farming Simulator 26 Mobile,GIANTS Software GmbH,14304565547,Tdcarr22,Its ok,"It’s still glitches out. You lose a lot of progress if you’re not saving regularly and then to save you have to basically quit the whole game instead of just having a save button. And what is going on with the AI workers?  Just start on one of the field plow all the way to the other. In the previous versions, I could have a combine going, followed by. Ater followed by a planter all in the same field. This one you basically have to wait till everything’s done to start the next task. Also, there’s not a no-till planter except an extremely. I’ve loved every version of this game and have always appreciated the upgrades, but not with this one.",2,2026-07-15 03:14:57+00:00,1.3.0,US,still glitches out you lose lot progress you not saving regularly and then save you have basically quit the whole instead having save button and what going with the workers start one the field plow all the way the other the previous versions could have combine going followed ater followed planter all the same field this one you basically have wait till everything done start the next task also there not no-till planter except extremely loved every version this and have always appreciated the upgrades but not with this one,0,6
563718995,Bloons TD 5,Ninja Kiwi,14275918350,Sean Fear,Game crashes on startup,Game immediately crashes on iPad mini with iOS 12,1,2026-07-07 23:49:03+00:00,4.7,US,immediately crashes mini with ios,0,1
6740349587,Backyard Baseball '01,Playground Productions LLC,14268424960,Rtnolan2,Gameplay is bad and very slow,Borderline unplayable. Hitting seems to have random outcomes and the game is so slow it’s nearly unplayable. Way too much time between pitches and the controls need to be way more responsive. Half the time I tap the screen to swing or pitch and nothing happens,1,2026-07-06 03:13:44+00:00,1.4.31,US,borderline unplayable hitting seems have random outcomes and the slow nearly unplayable way too much between pitches and the controls need way more responsive half the tap the screen swing pitch and nothing happens,6,2
6740349587,Backyard Baseball '01,Playground Productions LLC,14179837253,Not a good game1235,I don’t like this game,The ball hit the floor about 1 infinite times and was still called out of the park home run.,1,2026-06-14 00:36:24+00:00,1.4.31,US,the ball hit the floor about infinite and was still called out the park home run,0,2
925494667,Papa's Pizzeria To Go!,Flipline Studios,13522251930,Zombieiosucks,One of the weaker game of the franchise,I finally save enough to unlock the 8-slice pizza cut guide but it’s not what i thought it should be. It is just a damn non clickable button on the side that shows you how you should cut. Not even lines on the pizza to help guide u as u actually cutting the pizza. FREAKING USELESS . I wasted my actual money to buy this game and in game money on this damn fake guide,2,2025-12-17 01:27:31+00:00,1.1.0,US,finally save enough unlock the slice pizza cut guide but not what thought should damn non clickable button the side that shows you how you should cut not even lines the pizza help guide actually cutting the pizza freaking useless wasted actual money buy this and money this damn fake guide,1,0
925494667,Papa's Pizzeria To Go!,Flipline Studios,13146765070,jordynfrye29,Customize character,When will we be able to customize our characters?,1,2025-09-17 02:30:27+00:00,1.1.0,US,when will able customize our characters,7,0
925494667,Papa's Pizzeria To Go!,Flipline Studios,11554809774,nabi427,Do not buy,"The game is really pixilated, not worth it.",1,2024-07-31 07:30:32+00:00,1.1.0,US,the pixilated not worth,7,0
925494667,Papa's Pizzeria To Go!,Flipline Studios,11345261543,bratlasha,l’m very disappointed,I have almost every other game and I wanted to add this one but just the quality is not very good and it’s just not worth it (I wish a could get my money back😹),1,2024-06-05 08:01:18+00:00,1.1.0,US,have almost every other and add this one but the quality not very and not worth wish could money back,7,0
925494667,Papa's Pizzeria To Go!,Flipline Studios,11042693782,rifjdkskkfkckddkdkkr,disappointed,i now see why this one is cheaper than the other ones. honestly the pizza one was one of my favorites growing up but the app is very laggy and not living up to the og web version or the other apps. (i only have the pasta one as of right now) wish there was a refund option lol,1,2024-03-14 08:35:30+00:00,1.1.0,US,now see why this one cheaper than the other ones honestly the pizza one was one favorites growing but the very laggy and not living the web version the other only have the pasta one right now wish there was refund option lol,7,0
454086751,Flick Home Run !,infinity pocket,14152818561,mangonectar494,App crashes all the time,You can’t even make it through one or two rounds without the app crashing my phone. I have a newer iphone so I don’t think that’s the issue.,1,2026-06-07 01:45:21+00:00,1.8.0,US,you can even through one two rounds without the crashing have newer don think that the issue,0,2
454086751,Flick Home Run !,infinity pocket,14114234135,KenMan1,Game used to be fun,Do not waste you’re time.  Most pitches you swing right through the ball. It needs to be fixed before anyone plays.,1,2026-05-28 03:53:16+00:00,1.8.0,US,not waste you most pitches you swing right through the ball needs fixed before anyone plays,0,2
454086751,Flick Home Run !,infinity pocket,14092098706,Garrett the farret,Mechanics are awful,"This game is obviously very rigged and no skill involved. You can hit through a ball and it doesn’t register. You can even hit a ball 100+ feet backwards for some reason, but makes no sense at all. You can get close to a highscore and the game will start rigging it so you don’t win. If you win they don’t make money if you lose then they think you might buy some product from the game. DO NOT BUY ANYTHING. TRASH PAY TO WIN GARBAGE. The mechanics are absolutely garbage. Never in real life would a pitch go fast and then slow. No consistency it’s all pure luck. Sad that no skill is required. Pay to win before EA did it. The game itself is rigged to make you need to buy more power ups. It’s absolutely trash. And the other game modes inside the game are horrible. Giant ball, more like suck my giant balls. Bunt mode… like cmon these are so terrible. Game actually sucks major D",1,2026-05-22 08:01:16+00:00,1.8.0,US,this obviously very rigged and skill involved you can hit through ball and doesn register you can even hit ball feet backwards for some reason but sense all you can close highscore and the will start rigging you don win you win they don money you lose then they think you might buy some product from the not buy anything trash pay win garbage the mechanics are absolutely garbage never real life would pitch fast and then slow consistency all pure luck sad that skill required pay win before did the itself rigged you need buy more power ups absolutely trash and the other modes inside the are horrible giant ball more suck giant balls bunt mode cmon these are terrible actually sucks major,5,2
454086751,Flick Home Run !,infinity pocket,13849274257,jordan.fortyseven,Ruined a great game,"Used to play this game all the time, developers ruined it by making you pay to do simple tasks",1,2026-03-15 02:24:50+00:00,1.8.0,US,used this all the developers ruined you pay simple tasks,5,2
454086751,Flick Home Run !,infinity pocket,13785579845,Schmalex1258,Just doesn’t work right anymore,I redownloaded this after years and it looks like it’s just not been properly taken care of. I watch my swing ( white line) go right through the ball after round 1. I think they are trying to get u to buy points to upgrade your swing now or something. It used to be fun but maybe they just quit on it or something,1,2026-02-24 22:30:51+00:00,1.8.0,US,redownloaded this after years and looks not been properly taken care watch swing white line right through the ball after round think they are trying buy points upgrade your swing now something used fun but maybe they quit something,0,2
454086751,Flick Home Run !,infinity pocket,13736577485,Lil2Twisted,Stop giving XP,After he gets so far in the game and stops giving you XP right around 3000,2,2026-02-11 05:10:02+00:00,1.8.0,US,after far the and stops giving you right around,0,2
454086751,Flick Home Run !,infinity pocket,13493140661,Come_on_braj,Terrible don’t even bother,Used to be goated but now I have video proof that even if you hit it perfect it will say you missed,1,2025-12-09 09:51:06+00:00,1.8.0,US,used goated but now have video proof that even you hit perfect will say you missed,0,2
454086751,Flick Home Run !,infinity pocket,13423037142,Browntown1748,Game is broken,"I know the game is 13 years old but I really enjoyed the free version and wanted to give the full version a try. Unfortunately it didn’t last long because I guess every time I go to hit the ball I just flick right through it and then if I get lucky and flick backwards, I somehow hit the ball forward. I don’t understand how hitting the ball is fine on the free version yet impossible for me to hit it in the full version when I’m literally flicking through the ball every pitch.",1,2025-11-21 06:53:18+00:00,1.8.0,US,know the years old but enjoyed the free version and give the full version try unfortunately didn last long because guess every hit the ball flick right through and then lucky and flick backwards somehow hit the ball forward don understand how hitting the ball fine the free version yet impossible for hit the full version when literally flicking through the ball every pitch,7,2
454086751,Flick Home Run !,infinity pocket,13368977625,Bob 0119,Turned to Garbage,"I used to love this game. It was simple, and a nice way to kill time.

Not anymore. Now it is just 40 seconds of unskippable ads, for every :03 seconds of game play.

Like literally no matter what, whether you hit the ball or completely whiff, it takes you to an ad.

What a waste.",1,2025-11-07 18:07:17+00:00,1.8.0,US,used this was simple and nice way kill not anymore now seconds unskippable ads for every seconds literally matter what whether you hit the ball completely whiff takes you what waste,2,2
454086751,Flick Home Run !,infinity pocket,13184766436,christelcr18,iOS 26,Does not work whatsoever on iOS 26.,1,2025-09-25 22:08:15+00:00,1.8.0,US,does not work whatsoever ios,0,2
454086751,Flick Home Run !,infinity pocket,13147240661,Matchadutch,ITS BROKEN,Used to be one of my favorite games to kill time on but now it’s just broken. It won’t let you hit the ball anymore no matter what and this makes me very sad I’ve played this game well over 10 years,1,2025-09-17 05:56:13+00:00,1.8.0,US,used one favorite kill but now broken won let you hit the ball anymore matter what and this very sad this well over years,0,2
454086751,Flick Home Run !,infinity pocket,13129934382,Jake Barnett,No reg hits?,If only i could attach videos of all my no reg hits. So many times a ball that should be a hit ends in an out,2,2025-09-12 21:22:08+00:00,1.8.0,US,only could attach videos all reg hits many ball that should hit ends out,0,2
454086751,Flick Home Run !,infinity pocket,12723499733,Jarbeefugga,Crashes,Waste of money. Can’t even open the game. It crashes before I can even play. At least it was only 99¢,1,2025-06-01 13:44:54+00:00,1.8.0,US,waste money can even open the crashes before can even least was only,1,2
454086751,Flick Home Run !,infinity pocket,12704422440,Jim Bob Yellorw,Bummmish,Play free version not worth it,1,2025-05-27 15:22:57+00:00,1.8.0,US,free version not worth,7,2
454086751,Flick Home Run !,infinity pocket,12547515735,ColbyBrown0,Abandoned,Hasn’t been updated in years impossible to hit the ball now.,1,2025-04-15 20:58:25+00:00,1.8.0,US,hasn been updated years impossible hit the ball now,0,2
454086751,Flick Home Run !,infinity pocket,12181346907,candice1903,Glitching,Every time you go to swing the “bat” lags and delays the swing which cause you to miss the ball.,1,2025-01-13 23:31:28+00:00,1.8.0,US,every you swing the bat lags and delays the swing which cause you miss the ball,0,2
454086751,Flick Home Run !,infinity pocket,12161677713,Kol'beer,As usual SOUTHPAWS neglected!,Why do you make a game where you can’t switch the perspective to left handed ESPECIALLY when it’s a batting game?,2,2025-01-09 01:34:46+00:00,1.8.0,US,why you where you can switch the perspective left handed especially when batting,0,2
454086751,Flick Home Run !,infinity pocket,12143184913,yehim52,Janky,I paid for the gold bat package nd it was supposed to be 14 something but this game charged me 20 something dollars close to 30 thats not cool i honestly dont,1,2025-01-04 09:01:28+00:00,1.8.0,US,paid for the gold bat package was supposed something but this charged something dollars close thats not cool honestly dont,0,2
1512751689,The Game of Life 2,Marmalade Game Studio,14374223675,FoodChef013,Not it,"Too bad they went the cosmetic route for more money. Gets boring too quick, nothing more to do. Don’t buy.",1,2026-08-01 11:05:05+00:00,1.0.5,US,too they went the cosmetic route for more money boring too quick nothing more don buy,1,4
1512751689,The Game of Life 2,Marmalade Game Studio,14288536922,ellehcirrr,Bug issues,Love the game but am unable to create a multiplayer game. My friends aren’t able to join and we’re all on updated apps :(,1,2026-07-11 03:08:47+00:00,1.0.5,US,the but unable create multiplayer friends aren able join and all updated,7,4
1512751689,The Game of Life 2,Marmalade Game Studio,13895869753,TheTreeSage,Overly gay,I don’t like how gay the game is 10 out of 16 meaning 3 out of 3 computers across 4 games chose to be gay… immediately following this review all spins became terrible. Spun a 2 6 times in a row,1,2026-03-28 11:32:10+00:00,1.0.5,US,don how gay the out meaning out computers across chose gay immediately following this review all spins became terrible spun row,0,4
549105915,True Skate,True Axis,14389768716,markthebunny,Physics,CHANGE THE GAME BACK TO THE WAY IT WAS. WHAT EVEN IS THIS GAME NOW?!!??,1,2026-08-05 06:22:00+00:00,1.6.8,US,change the back the way was what even this now,6,1
549105915,True Skate,True Axis,14387989483,Chris willma,New version physics,Just awful. The changes they made to physics and coins just make me not play the game. Worst upgrade in games I think I have ever seen,2,2026-08-04 19:03:08+00:00,1.6.8,US,awful the changes they made physics and coins not the worst upgrade think have ever seen,0,1
549105915,True Skate,True Axis,14367712575,youtube lover,New Physics Update Ruins Game,"New physics are terrible and uncomfortable to play on, on top of that they changed the way to get maps to keys making the coins useless. I was about to buy one with the coins then the update happened. Please change back to original graphics this ruins the game",1,2026-07-30 19:28:34+00:00,1.6.8,US,new physics are terrible and uncomfortable top that they changed the way maps keys the coins useless was about buy one with the coins then the update happened please change back original graphics this ruins the,0,1
549105915,True Skate,True Axis,14366351403,Typicalmexican,New update is awful DO NOT PLAY,"This update has ruined the flow of the game and everything this game used to be, it’s horrible",1,2026-07-30 12:41:01+00:00,1.6.8,US,this update has ruined the flow the and everything this used horrible,0,1
549105915,True Skate,True Axis,14360701389,hdhsvwbsjvwb,New update,They changed game physics. Game is literally unplayable now. Please fix it and change it back,1,2026-07-29 02:14:30+00:00,1.6.8,US,they changed physics literally unplayable now please fix and change back,0,1
549105915,True Skate,True Axis,14354625341,Alecmart1,Physics update,Cannot believe they managed to screw up my favorite phone game this bad. Thanks for the physics update nobody wanted.,1,2026-07-27 14:52:59+00:00,1.6.8,US,cannot believe they managed screw favorite this thanks for the physics update nobody,0,1
549105915,True Skate,True Axis,14352621647,chris callahan,Less pop,I’ve been playing this game for about 6 years and it’s always been like a comfort game of mine. A way to skate whenever I can’t ..I came back to it about a month ago and they completely changed the pop . It’s like the board is a magnet to the ground and makes it almost unbearable to play . I hope you guys can see these reviews and make a change to the way it used to be because I would definitely keep playing,1,2026-07-27 02:30:14+00:00,1.6.8,US,been this for about years and always been comfort mine way skate whenever can came back about month ago and they completely changed the pop the board magnet the ground and almost unbearable hope you guys can see these reviews and change the way used because would definitely keep,6,1
549105915,True Skate,True Axis,14352263981,Kidtrooper,Purchases Revoked After 10 Years.,"I’ve been playing this game since high school. They released a new update this week that voided every single purchase I’ve ever made in the game. I don’t mind maps being unlockable, but I paid for “Custom Decks” which now cost ‘coins’. I paid for “Free Customization” which now costs ‘coins’. I paid for all the maps in the game, which are now unlockable for free. No reimbursement, no explanation, no heads up. This feels like a scam to me. 

Leaving a 1 star review until they revert this change.",1,2026-07-27 00:13:04+00:00,1.6.8,US,been this since high school they released new update this week that voided every single purchase ever made the don mind maps being unlockable but paid for custom decks which now cost coins paid for free customization which now costs coins paid for all the maps the which are now unlockable for free reimbursement explanation heads this feels scam leaving star review until they revert this change,0,1
549105915,True Skate,True Axis,14344916281,smokepiffs,Ruined completely,This update has destroyed the game feels completely different and is so disappointing this was the only good phone skate game left and now it feels waterlogged and the customization on the skateboards is different and confusing it baffles me why you ruin this amazing game I hope everyone deletes this piece of garbage,1,2026-07-25 03:29:48+00:00,1.6.8,US,this update has destroyed the feels completely different and disappointing this was the only skate left and now feels waterlogged and the customization the skateboards different and confusing baffles why you ruin this amazing hope everyone deletes this piece garbage,0,1
549105915,True Skate,True Axis,14340492310,Samitsworking,Ruined,I’ve played countless hours of this game and they’ve changed the mechanics of the game and taken away all its fun.,2,2026-07-24 00:47:11+00:00,1.6.8,US,countless hours this and they changed the mechanics the and taken away all its fun,3,1
549105915,True Skate,True Axis,14333205086,Dela pickle,What’s with the physics,"Yea, this isn’t the same game as before. It’s noticeable that the board comes down way too quickly like it weighs a ton.",2,2026-07-22 06:13:09+00:00,1.6.8,US,yea this isn the same before noticeable that the board comes down way too quickly weighs ton,6,1
549105915,True Skate,True Axis,14330744872,kaususnehduxbebsbsh,New Physics 🚮,Y’all have actually changed the game’s physics so much. When you are going to make such a drastic change at least make it so that you can toggle it on or off. The game was more fun when you could toggle realistic ollie on or off. Please change this.,2,2026-07-21 15:21:36+00:00,1.6.8,US,all have actually changed the physics much when you are going such drastic change least that you can toggle off the was more fun when you could toggle realistic ollie off please change this,3,1
549105915,True Skate,True Axis,14330223195,tanman0925,Great game but why keep taking all my stuff?,"Literally the only game on my phone for 10 years. Every update I lose like all my stuff. This last update was the worst, lost all my DIY objects, AND hundreds of thousands of coins. Just lame and I don’t wanna grind out all the dumb missions for like the 5th time just to get a couple diy objects. Restore purchases kind of works but I don’t have all the parks I paid real life money for. REAL LIFE MONEY ffs",1,2026-07-21 12:53:11+00:00,1.6.8,US,literally the only for years every update lose all stuff this last update was the worst lost all diy objects and hundreds thousands coins lame and don wanna grind out all the dumb missions for the couple diy objects restore purchases kind works but don have all the parks paid real life money for real life money ffs,1,1
549105915,True Skate,True Axis,14329379048,hnz4l,Update ruined the game,"New update added super realistic features which include not being able to ollie as high, having speed wobbles to mess up the tricks, completely ruined it for me, others may like it but taking away the amount of air you get from an ollie from the last time I played it just feels very restricted, can’t do my regular lines the same anymore and the maps aren’t as fun with the new mechanics",1,2026-07-21 07:41:50+00:00,1.6.8,US,new update added super realistic features which include not being able ollie high having speed wobbles mess the tricks completely ruined for others may but taking away the amount air you from ollie from the last feels very restricted can regular lines the same anymore and the maps aren fun with the new mechanics,0,1
549105915,True Skate,True Axis,14327283354,tommy4646,New Update Ruined The Game,I’ve been playing this game for over a decade almost daily. The new update completely ruined the skateboard physics. Go back now.,1,2026-07-20 18:13:06+00:00,1.6.8,US,been this for over decade almost daily the new update completely ruined the skateboard physics back now,0,1
549105915,True Skate,True Axis,14325061388,Isaiahp71,Was good before 1.6,Physics are ruined. Even when switching back to og modes.,2,2026-07-20 05:14:33+00:00,1.6.8,US,physics are ruined even when switching back modes,0,1
1392608717,Papa's Scooperia To Go!,Flipline Studios,13916109122,ev0823,THIS GAME IS SUPER DUPER B-A-D BAD!,"I CAN’T BELIEVE I WASTED TWO WHOLE DOLLARS FOR A TRASH GAME! WHAT A RIP OFF, WHEN YOU WANTED TO GO TO A AREA IT DIDN’T TELEPORT YOU, YOU HAD TO CLICK FOR A THOUSAND YEARS ( IT TOOK EVER) I AM TELLING YOU RIGHT NOW DRESSING THE AVATAR IS THE ONLY GOOD THING ADOUT IT. THIS IS A WASTE OF MONEY 

I RECOMMEND TO NOT BUY IT IS COMPLETELY UTTER TRASH 
     TO WHO EVER MADE THIS GAME IS APPARENTLY SUPER BAD AT MAKING A GAME, NEEDS TO HAVE BETTER QUALITY NEEDS MORE FIXING TO NOT BE UTTER TRASH GAME!!!!!!",1,2026-04-03 00:51:18+00:00,1.1.0,US,can believe wasted two whole dollars for trash what rip off when you area didn teleport you you had click for thousand years took ever telling you right now dressing the avatar the only adout this waste money recommend not buy completely utter trash who ever made this apparently super needs have better quality needs more fixing not utter trash,7,8
1392608717,Papa's Scooperia To Go!,Flipline Studios,12688849088,Parker927,Hated it,The controls are terrible,1,2025-05-23 14:58:03+00:00,1.1.0,US,the controls are terrible,0,8
1451873044,Papa's Wingeria To Go!,Flipline Studios,14296633455,Nyokoo356,Glitching mid game/ refresh and have to start over :(( losing all progress.,I’ve tried different papas game my favorite is the Sushi one! Haven’t ran into this issue with other games but usually when I’m almost done with my “day” i get stuck at the sauces station and glitches and will stop working mid customer. Tried to be hopeful but it’s happening too often and not tracking my prior progress and am frustrated having to start over and not being to continue! Hope this can get fixed :),1,2026-07-13 04:08:49+00:00,1.0.1,US,tried different papas favorite the sushi one haven ran into this issue with other but usually when almost done with day stuck the sauces station and glitches and will stop working mid customer tried hopeful but happening too often and not tracking prior progress and frustrated having start over and not being continue hope this can fixed,0,8
1451873044,Papa's Wingeria To Go!,Flipline Studios,13529416531,ilovecatsandkittenslol,DO NOT GET,When I got it I was excited because It looked fun but it sucks and it’s just dumb. The saucing is dumb because you have to wait for it to get to the number and if you miss it you have to wait some more. Also if your playing on an iPad it doesn’t even fit the whole screen. Get the HD version instead . Trust me,1,2025-12-19 00:43:46+00:00,1.0.1,US,when was excited because looked fun but sucks and dumb the saucing dumb because you have wait for the number and you miss you have wait some more also your doesn even fit the whole screen the version instead trust,3,8
1451873044,Papa's Wingeria To Go!,Flipline Studios,13490803308,icarus q,broken,"The screen randomly stops responding and you can’t do anything to fix it except closing the game. it happens mid level and right after you finish a level almost every time, meaning you cannot complete any of the mini games. waste of money.",1,2025-12-08 17:25:53+00:00,1.0.1,US,the screen randomly stops responding and you can anything fix except closing the happens mid level and right after you finish level almost every meaning you cannot complete any the mini waste money,4,8
1451873044,Papa's Wingeria To Go!,Flipline Studios,13198610769,Chelley 💗,Please fix bugs!,I love and have bought EVERY  Papa's games all the HD versions & To Go’s! I keep having issues with this game though.. it’s constantly freezing and it won't let me use my tickets for any mini games. l have to close out the app after every round if I want to continue playing 😔 I do have the HD version of Papas Wingeria but I personally prefer Wingeria To Go … unfortunately it’s not working .. Please fix the issues with Papas Wingeria To Go ..flipline studios fix it  🫵🥲,2,2025-09-29 02:33:46+00:00,1.0.1,US,and have bought every papa's all the versions keep having issues with this though constantly freezing and won't let use tickets for any mini have close out the after every round continue have the version papas wingeria but personally prefer wingeria unfortunately not working please fix the issues with papas wingeria flipline studios fix,0,8
1451873044,Papa's Wingeria To Go!,Flipline Studios,13021912693,hns06,bug fix,please fix the issue where it freezes..sometimes happens during the middle of a game. 100% of the time will freeze after i finish a game.,1,2025-08-16 05:08:47+00:00,1.0.1,US,please fix the issue where freezes sometimes happens during the middle the will freeze after finish,0,8
1451873044,Papa's Wingeria To Go!,Flipline Studios,12585703778,Jaydan Rice,This game is buggy,The scream keeps pausing whenever I’m cycling through the causes or playing the orders and I don’t have enough time to even finish one order…by the time I’m nearly done someone walks in and by the time I take their order the food in the dryers are overcooked because the customer took to long to order at the register,1,2025-04-25 20:54:38+00:00,1.0.1,US,the scream keeps pausing whenever cycling through the causes the orders and don have enough even finish one order the nearly done someone walks and the take their order the food the dryers are overcooked because the customer took long order the register,0,8
1451873044,Papa's Wingeria To Go!,Flipline Studios,12347067177,babyishlovato,Low Wait Scores,I can literally have all the holiday lobby items and still get a low waiting score like wth,1,2025-02-23 20:05:06+00:00,1.0.1,US,can literally have all the holiday lobby items and still low waiting score wth,0,8
1451873044,Papa's Wingeria To Go!,Flipline Studios,11760476915,Yumizumigumi,Game is too small,I love any type of papas food games. And I tried to play this game on my iPad but it doesn’t fit. The only option is to play the game a bit minimized which just gets in the way. I would of loved to be able to play this on my iPad.,2,2024-09-24 20:02:55+00:00,1.0.1,US,any type papas food and tried this but doesn fit the only option the bit minimized which the way would loved able this,6,8
1504952058,Papa's Sushiria To Go!,Flipline Studios,13463644505,diddle2004,Pls address this !,The rice takes wayyyy too long to cook. And I’m aware that as you level up you can speed it up but it genuinely is so time consuming that the game gets boring. Pls make the rice cook faster,1,2025-12-01 18:06:41+00:00,1.0.0,US,the rice takes wayyyy too long cook and aware that you level you can speed but genuinely consuming that the boring pls the rice cook faster,4,8
1504952058,Papa's Sushiria To Go!,Flipline Studios,12772895554,cutei kitti,what the sigma,it’s a good game and but u can play it for free on some websites so please don’t pay for it since it gets boring after a little bit and you can just play it for free,1,2025-06-14 10:53:44+00:00,1.0.0,US,and but can for free some websites please don pay for since boring after little bit and you can for free,5,8
1504952058,Papa's Sushiria To Go!,Flipline Studios,12752541053,khodge31,NOT WORKING,"Just started this game, and it locks up on the 3rd screen.  Very disappointed…",1,2025-06-09 01:56:01+00:00,1.0.0,US,started this and locks the screen very disappointed,6,8
1504952058,Papa's Sushiria To Go!,Flipline Studios,12445700800,SmartPotato:3,Unfortunate,The game becomes unplayable the more you level up and the bubble tea is rigged because you lose points for it not being filled all the way and even afterwards when you buy the upgrade it does NOTHING,1,2025-03-21 08:52:48+00:00,1.0.0,US,the becomes unplayable the more you level and the bubble tea rigged because you lose points for not being filled all the way and even afterwards when you buy the upgrade does nothing,4,8
6547834967,Animal Crossing: Pocket Camp C,"Nintendo Co., Ltd.",14387632443,Wafflemaker6283,Duuuuuuuuuuuuuuuude,Please please add SpongeBob furniture please 🙏 I beg you to add SpongeBob furniture,2,2026-08-04 17:09:55+00:00,7.1.2,US,please please add spongebob furniture please beg you add spongebob furniture,0,4
6547834967,Animal Crossing: Pocket Camp C,"Nintendo Co., Ltd.",14386690539,Tatum.Wierman,Reoccurring Charges,This app did not tell me there was a monthly charge. Very disappointing with the surprise charges,1,2026-08-04 12:40:51+00:00,7.1.2,US,this did not tell there was monthly charge very disappointing with the surprise charges,0,4
6547834967,Animal Crossing: Pocket Camp C,"Nintendo Co., Ltd.",14381041712,HopelessLunar,Lost all my save data…,"ACPC was my introduction to the Animal Crossing franchise and I played it from its release in 2017 up until it was shut down in 2024. I obviously bought complete to continue playing and transfer my data but ended up deleting the app temporarily to make more space on my phone. I only found out afterwards that deleting the app eventually deletes all your save data as well. I can’t lie I’m truly devastated to have lost almost 8 years of gameplay and just can’t understand why a *paid* version of the game is formatted like this even when you’re logged in through your nintendo account… Not sure I’ll play it again since I would have to start from scratch, just confused as to why they set up the app this way :(",2,2026-08-03 02:50:51+00:00,7.1.2,US,acpc was introduction the animal crossing franchise and from its release until was shut down obviously bought complete continue and transfer data but ended deleting the temporarily more space only found out afterwards that deleting the eventually deletes all your save data well can lie truly devastated have lost almost years gameplay and can understand why paid version the formatted this even when you logged through your nintendo account not sure again since would have start from scratch confused why they set the this way,0,4
6547834967,Animal Crossing: Pocket Camp C,"Nintendo Co., Ltd.",14331540645,Ribbet the frog,Bored,It’s nothing like the other one,1,2026-07-21 19:27:06+00:00,7.1.2,US,nothing the other one,0,4
6547834967,Animal Crossing: Pocket Camp C,"Nintendo Co., Ltd.",14239478650,Bimpsonator,Incomplete Game,"After playing for awhile, the game loses all purpose. It’s so unnecessarily difficult to level up in Happy Home Academy, earn friendship points, and earn essence.  I feel like it wouldn’t be much to have some type of online play available considering the 20 dollar price tag. I want to keep playing, but I feel stuck at  level 211 now. There really isn’t a point in buying unless they somehow balance out the “complete” version of the game",1,2026-06-29 04:42:59+00:00,7.1.2,US,after for awhile the loses all purpose unnecessarily difficult level happy home academy earn friendship points and earn essence feel wouldn much have some type online available considering the dollar price tag keep but feel stuck level now there isn point buying unless they somehow balance out the complete version the,4,4
1438245901,Papa's Pancakeria To Go!,Flipline Studios,13642769475,G23(“,It’s not what it used to be,"I would play this game constantly as a kid. But you could actually put the topping on now they make you hold the plate and it’s very glitchy, Also now they have you swapping back and forth with the topping makes it take so much longer. Another thing they changed was before you could just click on the station you wanted now you have to scroll through them. But whoever designed this new topping stations messed it up. I miss what this game used to be.",2,2026-01-17 06:21:03+00:00,1.2.0,US,would this constantly kid but you could actually put the topping now they you hold the plate and very glitchy also now they have you swapping back and forth with the topping take much longer another they changed was before you could click the station you now you have scroll through them but whoever designed this new topping stations messed miss what this used,7,8
1438245901,Papa's Pancakeria To Go!,Flipline Studios,13288342149,jadal2103,Papas Pancakeria isn’t like what it was,"I’ve played it for the first time today after having it for a while and it was so hard to play. I play on my iPad the same way I’ve been playing papas tacomia and it isn’t like that, as I’ve had no issues with that game. It was so hard to put any icing or deserts on the pancakes and you don’t know when there’s any customers. It’s so hard to operate as the icing and blueberries wouldn’t stop spraying or coming out and wouldn’t let me stop. It seems really out of date and I’m deleting.",1,2025-10-19 20:52:42+00:00,1.2.0,US,for the first today after having for while and was hard the same way been papas tacomia and isn that had issues with that was hard put any icing deserts the pancakes and you don know when there any customers hard operate the icing and blueberries wouldn stop spraying coming out and wouldn let stop seems out date and deleting,0,8
1438245901,Papa's Pancakeria To Go!,Flipline Studios,13112301506,AshleyCutiePie,Too buggy,It glitches and messes up my order nearly every time. Waste of money.,2,2025-09-08 05:54:03+00:00,1.2.0,US,glitches and messes order nearly every waste money,1,8
1438245901,Papa's Pancakeria To Go!,Flipline Studios,12366411254,Gamer34069,Very buggy.,Can't make drinks at all on iPad. Clicking S or L does nothing so I can’t even complete a single order…,1,2025-02-28 20:30:23+00:00,1.2.0,US,can't drinks all clicking does nothing can even complete single order,0,8
1438245901,Papa's Pancakeria To Go!,Flipline Studios,12141158086,harmbanks,Glitchy!,I’ve downloaded this game and haven’t been able to play because it keeps freezing.,1,2025-01-03 19:51:12+00:00,1.2.0,US,downloaded this and haven been able because keeps freezing,0,8
6463616555,Ticket to Ride®,Marmalade Game Studio,14321019623,sssaige,Horrible update,The colors are to close together. Hard to see my route. Way more confusing. Want the old one back.,1,2026-07-19 05:10:26+00:00,1.11.0,US,the colors are close together hard see route way more confusing the old one back,6,4
6772545874,Mini Murder Mysteries,BUNKWORKS,14347057480,Lfd321,Fun but buggy,"Game is very fun and had good gameplay and writing. 
The app freezes and stalls a lot however and the only fix is completely reloading everything.",2,2026-07-25 16:26:34+00:00,1.1.2,US,very fun and had gameplay and writing the freezes and stalls lot however and the only fix completely reloading everything,3,11
6772545874,Mini Murder Mysteries,BUNKWORKS,14339533178,Jsquirell,Can’t solve the case,Won’t let me type or click anything on the answer screen,2,2026-07-23 18:49:39+00:00,1.1.2,US,won let type click anything the answer screen,6,11
6772545874,Mini Murder Mysteries,BUNKWORKS,14337615612,taskmaster17,Crashing Hell,"The mysteries themselves are fine, but the app is horrendous and even with me being very patient, the experience is unbearable and i had to uninstall. Fix the app please",1,2026-07-23 08:43:30+00:00,1.1.2,US,the mysteries themselves are fine but the horrendous and even with being very patient the experience unbearable and had uninstall fix the please,0,11
6772545874,Mini Murder Mysteries,BUNKWORKS,14332806492,HanBamThankYouMaam,Keeps crashing,I want to love this game but I can’t get through a single case without it crashing!,2,2026-07-22 03:23:27+00:00,1.1.2,US,this but can through single case without crashing,0,11
1029932207,Papa's Cupcakeria To Go!,Flipline Studios,13999364752,SoapieTheMunchkin,fun game however—,i really enjoy this game and having it as an app. but if you have a pc i would recommend doing the website version. there is a couple glitches in the app for instance if i bake more that 3 cupcakes they usually despawn when i go to cook the last one. also it would be cool if there was the custom character option.,2,2026-04-26 15:34:11+00:00,1.1.0,US,enjoy this and having but you have would recommend doing the website version there couple glitches the for instance bake more that cupcakes they usually despawn when cook the last one also would cool there was the custom character option,7,0
1029932207,Papa's Cupcakeria To Go!,Flipline Studios,13434165013,ahhhhhHHFH,PLEASE UPDATE THE GAME!!,I don’t mean to yell but guys I beg of yall to update this game. It’s outdated and very blurry,1,2025-11-24 03:13:57+00:00,1.1.0,US,don mean yell but guys beg yall update this outdated and very blurry,0,0
1029932207,Papa's Cupcakeria To Go!,Flipline Studios,12426872245,AC2213,Bad graphics,Graphics are Very blurry,2,2025-03-16 10:18:46+00:00,1.1.0,US,graphics are very blurry,0,0
1029932207,Papa's Cupcakeria To Go!,Flipline Studios,11824226150,Rqpam.xp,Quality,I hate the quality it’s horrible and so blurry! Fix this nowww,1,2024-10-12 05:27:00+00:00,1.1.0,US,hate the quality horrible and blurry fix this nowww,0,0
1029932207,Papa's Cupcakeria To Go!,Flipline Studios,11808617270,mwinds,"Not good quality, MUCH BETTER ONLINE! save your money","I guess I should’ve seen when it was last updated and assumed, but I really want a refund on this app so if anyone knows how I can do that pls lmk. It’s just not worth it. So much better on computer and kind of infuriating and less quality on phone. Makes me sad… I want my money back….. even though I’m a devout papas cupcakeria fan",2,2024-10-07 19:37:09+00:00,1.1.0,US,guess should seen when was last updated and assumed but refund this anyone knows how can that pls lmk not worth much better computer and kind infuriating and less quality sad money back even though devout papas cupcakeria fan,7,0
1029932207,Papa's Cupcakeria To Go!,Flipline Studios,11621348961,puddlepie,Really disappointing.,As soon as I opened the app it was all fuzzy and low quality. I have six other Papa's games on this same device and none of them look bad at all.,1,2024-08-17 17:08:16+00:00,1.1.0,US,soon opened the was all fuzzy and low quality have six other papa's this same device and none them look all,0,0
1551207253,Papa's Mocharia To Go!,Flipline Studios,14080151393,jelybounana,Bad,This game is super bad it has a lot of bugs and it lags a lot I would like to return this game please and I would gladly like for you to know this game is so bad thank you for reading this and I hope you figure things out,1,2026-05-18 23:40:56+00:00,1.0.2,US,this super has lot bugs and lags lot would return this please and would gladly for you know this thank you for reading this and hope you figure out,7,8
1551207253,Papa's Mocharia To Go!,Flipline Studios,13859748770,worldfight,Rank 92 save lost.,Rank lost due to your lack of basic cloud saving. Done with you both.,1,2026-03-18 02:52:11+00:00,1.0.2,US,rank lost due your lack basic cloud saving done with you both,0,8
1551207253,Papa's Mocharia To Go!,Flipline Studios,13448703665,"amazing game , but",Great but….😭,It’s very complicated,2,2025-11-27 23:16:12+00:00,1.0.2,US,very complicated,0,8
6477835115,Papa's Paleteria To Go!,Flipline Studios,13645609052,EmmanuelRcr,Stops working,"Im on Mac and it randomly freezes and im not able to do anything after. I love this game but please fix it. I would love a refound if it doesn’t get fixed, and the fact that someone had the same issue LAST YEAR and is still not fixed is crazy.",2,2026-01-17 22:33:22+00:00,1.1.0,US,mac and randomly freezes and not able anything after this but please fix would refound doesn fixed and the fact that someone had the same issue last year and still not fixed crazy,0,8
1069549814,The Binding of Isaac: Rebirth,"Nicalis, Inc.",14355142357,magnificent john,STUPID CONTROL！,Why is this stupid joystick not fixed？It even prevents me from starting to move when at rest. I've died many times because of this stupid reason！,1,2026-07-27 17:23:26+00:00,1.4,US,why this stupid joystick not fixed even prevents from starting move when rest i've died many because this stupid reason,0,5
1069549814,The Binding of Isaac: Rebirth,"Nicalis, Inc.",14314554750,Jujujuwry,Bruh,"The binding of Isaac, I just reached endgame where few achievements are left and won’t be daring to try the same in the 3 other files I just hope they fix the bugs left and let this game die",1,2026-07-17 14:45:20+00:00,1.4,US,the binding isaac reached endgame where few achievements are left and won daring try the same the other files hope they fix the bugs left and let this die,0,5
1069549814,The Binding of Isaac: Rebirth,"Nicalis, Inc.",14268263952,Maxxythefurry,Annoying joystick,Please add a joystick that doesn’t move much or is keep it locked in place,1,2026-07-06 02:08:44+00:00,1.4,US,please add joystick that doesn move much keep locked place,0,5
1069549814,The Binding of Isaac: Rebirth,"Nicalis, Inc.",14258606878,forehead669,Controls ruin the game.,It makes no sense why there wouldn't be an option to make the joystick static. Honestly I don't understand why that wouldn't be the default. Makes the game basically impossible to play. Seriously disappointed.,2,2026-07-03 16:25:29+00:00,1.4,US,sense why there wouldn't option the joystick static honestly don't understand why that wouldn't the default the basically impossible seriously disappointed,0,5
1069549814,The Binding of Isaac: Rebirth,"Nicalis, Inc.",14242906086,Isaacplay,The game won't save your progress,"What's wrong with the game, why after a while I just reset all my warm-up and I have empty saves, I no longer want to play this game only if I buy a PC and transfer files with full save😭😭😭",1,2026-06-29 23:59:45+00:00,1.4,US,what's wrong with the why after while reset all warm-up and have empty saves longer this only buy and transfer files with full save,0,5
1069549814,The Binding of Isaac: Rebirth,"Nicalis, Inc.",14201938890,diffren_327,disappointing,"Genuinely horrible, dysfunctional, harder to implement, aneurysm inducing, ragebait controls. Why would you ever want the controls to not be locked, on mobile???? it's like having the keys on the keyboard change which key you have to press for movement every time you use them, no one would ever think to do that.. this is sad honestly that there was no effort put into the controls, when the game is so good. 15 dollars per purchase and you can't put the effort to simply lock a control so it's not flying around the screen, or at least give an option to lock them. Please change this",1,2026-06-19 16:39:04+00:00,1.4,US,genuinely horrible dysfunctional harder implement aneurysm inducing ragebait controls why would you ever the controls not locked mobile it's having the keys the keyboard change which key you have press for movement every you use them one would ever think that this sad honestly that there was effort put into the controls when the dollars per purchase and you can't put the effort simply lock control it's not flying around the screen least give option lock them please change this,0,5
600626116,Papa's Burgeria To Go!,Flipline Studios,13993609266,Papas did us dirty,It freezes at lettuce,I’m trying to do the tutorial with my girlfriend and it keeps freezing at the lettuce,1,2026-04-25 00:16:17+00:00,1.2.0,US,trying the tutorial with girlfriend and keeps freezing the lettuce,0,0
600626116,Papa's Burgeria To Go!,Flipline Studios,13676872110,Scubaaaaa city boiii 67777,It sucks,The graphics was horrible and it looked like it was from the 90’s,1,2026-01-26 06:07:28+00:00,1.2.0,US,the graphics was horrible and looked was from the,0,0
600626116,Papa's Burgeria To Go!,Flipline Studios,12318333646,Sa’miya,How to get money back,It good but keep acting up when I delete it it didn’t give me my money back,2,2025-02-16 15:02:49+00:00,1.2.0,US,but keep acting when delete didn give money back,1,0
600626116,Papa's Burgeria To Go!,Flipline Studios,12261821852,Rusty_Spatula287,"Ok, I kinda get the reviews for this one","I know on my Cupcakeria I said it’s bad quality because it was made in 2013 (like this one) but the game is low quality, and also, why is the ticket so small, like I need a magnifying glass to see it. This used to be my go-to papa’s game until I got either taco Mia or hot doggeria. It’s a simple game only having 3 stations, waiting, grilling, and topping station. The topping is bad because it expects us to drop toppings from like 10 feet away. I used to like this game but now I question why I liked this.",2,2025-02-02 13:58:00+00:00,1.2.0,US,know cupcakeria said quality because was made this one but the low quality and also why the ticket small need magnifying glass see this used go-to papa until either taco mia hot doggeria simple only having stations waiting grilling and topping station the topping because expects drop toppings from feet away used this but now question why liked this,7,0
600626116,Papa's Burgeria To Go!,Flipline Studios,11587366649,Dee34567899,Game freezing,The game keeps freezing now. Why is this happening.,1,2024-08-08 18:26:09+00:00,1.2.0,US,the keeps freezing now why this happening,0,0
6747752407,Gambonanza,Stray Fawn Studio,14319928831,Cindy ggg G hf,Refund,Force close every time I open the app a waste of my time and money,1,2026-07-18 21:58:05+00:00,1.2.0,US,force close every open the waste and money,1,5
6747752407,Gambonanza,Stray Fawn Studio,14268588729,Bunz217,Can’t launch game,Game crashes on initial loading screen with a frozen cloud spinning icon on iPhone 15,1,2026-07-06 04:21:10+00:00,1.2.0,US,crashes initial loading screen with frozen cloud spinning icon,6,5
6747752407,Gambonanza,Stray Fawn Studio,14174630041,Theion666,"Great concept, way too buggy","I was looking for an experience similar to Balatro (I have 600 hours on that game, and this seemed like a cool new take on the roguelite idea). However, it’s obvious how poor quality control was before this game was released. So many bugs that lead to you losing runs even if you did everything right - gambits not working properly, enemy being able to capture pieces it’s not supposed to be able to etc. I was enjoying playing this game so much until I experienced these, such a shame.",2,2026-06-12 17:07:16+00:00,1.1.0,US,was looking for experience similar balatro have hours that and this seemed cool new take the roguelite idea however obvious how poor quality control was before this was released many bugs that lead you losing runs even you did everything right gambits not working properly enemy being able capture pieces not supposed able etc was enjoying this much until experienced these such shame,7,5
6747752407,Gambonanza,Stray Fawn Studio,14168216720,PhoneyBalonee,Broken Settings,"there’s a setting to switch touch controls from “On Drag” to “On Touch”, so you just have to tap pieces and their destinations to play. This option doesn’t work, which sucks because I can’t drag my finger on my phone very well due to a disability. I can’t play this game even though I bought it because of this bug. I will change my review if it’s fixed",1,2026-06-11 01:49:20+00:00,1.1.0,US,there setting switch touch controls from drag touch you have tap pieces and their destinations this option doesn work which sucks because can drag finger very well due disability can this even though bought because this bug will change review fixed,0,5
6747752407,Gambonanza,Stray Fawn Studio,14136393211,Vanbardo,Too random,Too random to be tactically fun.,2,2026-06-02 19:31:52+00:00,1.1.0,US,too random tactically fun,3,5
973482987,Five Nights at Freddy's 3,CLICKTEAM LLC USA,14167180125,Esxfdsgdfsg,...,I made to the springlock failure roght after my phone cut to this creepy thing i cant tell what it is so i dug a little and found out it is creepy dog from car windows now WHATEVER YOU DO DO NOT EXTRACT THE FILES WHILE ITS PLAYING OR YOULL GET A VIRUS,2,2026-06-10 19:12:45+00:00,2.0.3,US,made the springlock failure roght after cut this creepy cant tell what dug little and found out creepy dog from car windows now whatever you not extract the files while its youll virus,0,7
973482987,Five Nights at Freddy's 3,CLICKTEAM LLC USA,13986932871,NoahDbear14,Way to unfair,If spring trap is in your office I just leave cause I already know I’m gonna die because the audio dose not do anything and if you reboot any thing your going to die the jump scares are super depressing and spring trap won’t even give me a chance super bad game,1,2026-04-23 00:54:33+00:00,2.0.3,US,spring trap your office leave cause already know gonna die because the audio dose not anything and you reboot any your going die the jump scares are super depressing and spring trap won even give chance super,0,7
1533709428,Pocket City 2,Codebrew Games Inc.,13563522527,idk556677,amazing app but glitch?,"Horribly glitchy on iPad. The circle control to move vehicles or yourself will move halfway off the screen, so you can’t turn left. The camera view when flying will spin in a circle even if you don’t touch anything. The high rails disappear. The options to visit places like the police station or pet adoption clinic disappear. I either have to refresh the app or click on the person through the mayor tab to visit them. This app was once really good and I still love it. But it is frustrating.",2,2025-12-28 03:51:47+00:00,1.085,US,horribly glitchy the circle control move vehicles yourself will move halfway off the screen you can turn left the camera view when flying will spin circle even you don touch anything the high rails disappear the options visit places the police station pet adoption clinic disappear either have refresh the click the person through the mayor tab visit them this was once and still but frustrating,6,6
1189781891,Five Nights at Freddy's: SL,CLICKTEAM LLC USA,14225425069,Foxy among us,Night 3 is impossible,On night 3 you can’t press bonbons bottom dude I hate bonbon and I wanna kill him,2,2026-06-25 17:25:13+00:00,2.0.4,US,night you can press bonbons bottom dude hate bonbon and wanna kill him,0,7
1189781891,Five Nights at Freddy's: SL,CLICKTEAM LLC USA,14101387754,Benwii,No,This game is rigged The only reason I wanted to do it is for the customer night. But it’s literally basically impossible.,1,2026-05-24 17:28:26+00:00,2.0.4,US,this rigged the only reason for the customer night but literally basically impossible,0,7
1189781891,Five Nights at Freddy's: SL,CLICKTEAM LLC USA,13874046614,Blane hot,I am so mad at this,Why did you make night for the hardest one? It doesn’t make sense. You need to Nerf the the animatronics😡😡😡😡😡😡😡😡😡😡😡😡,1,2026-03-22 05:57:01+00:00,2.0.4,US,why did you night for the hardest one doesn sense you need nerf the the animatronics,0,7
6738784092,A Little to the Left: Drawers,Secret Mode,14311361690,Talant1125,Can’t even use!,"I’ve had not even been able to play this game! I’ve downloaded it paid for it when it opens it’s a black screen then it closes out. I’ve tried redownloading the app and restarted my device nothing is working. Then the other app a little to the left stopped working, I have no issues with any other games, but the ones made by this company. I’ve paid for them and can’t even use them. It’s just a money grab. DO NOT RECOMMEND AT ALL. WASTE OF MONEY!",1,2026-07-16 19:16:24+00:00,1.4,US,had not even been able this downloaded paid for when opens black screen then closes out tried redownloading the and restarted device nothing working then the other little the left stopped working have issues with any other but the ones made this company paid for them and can even use them money grab not recommend all waste money,6,3
388857410,Blackjack & Card Counting Pro,Dealer Bust Time LLC,13778454659,55 configuring,Thought there be more.,Not enough for 5 bucks.,1,2026-02-22 21:38:23+00:00,3.6.4,US,not enough for bucks,0,6
449735650,Where's My Water?,Disney,14256731771,Пропои,Very bad,"I played on my iPad and the game froze and crashed. iPad 7th generation, iPad OS 18.7.9",2,2026-07-03 06:07:35+00:00,1.18.9,US,and the froze and crashed generation,0,3
449735650,Where's My Water?,Disney,14247551160,G.Thom12,Too expensive,"This game used to be one of my favorites when I was a child. I thought I’d go back again and buy it as an adult, only to find that every character and every chapter now has a paywall. This mobile app costs a significant amount of money for anyone who wants to get the full experience. It’s a good game though. Such a shame!",1,2026-07-01 01:55:56+00:00,1.18.9,US,this used one favorites when was child thought back again and buy adult only find that every character and every chapter now has paywall this mobile costs significant amount money for anyone who wants the full experience though such shame,0,3
449735650,Where's My Water?,Disney,14072931463,Loganh21,Want others back,Being back “Where’s My Mickey” and “Where’s My Perry”,1,2026-05-17 00:54:35+00:00,1.18.9,US,being back where mickey and where perry,0,3
1642601792,The Past Within,Rusty Lake,13669185309,Sierra 805,CO OP ONLY,Be aware before you buy that this can only be played with someone else which I think is stupid and should’ve been specified. Why can’t a play a game I payed for by myself? That’s just ridiculous.,1,2026-01-24 06:15:00+00:00,1.4,US,aware before you buy that this can only with someone else which think stupid and should been specified why can payed for myself that ridiculous,0,4
1389752090,Dead Cells,Playdigious,14198219735,“Null access” fix your game,Why is “null access” a thing,"I can’t continue anything and i have no idea why, this has been out for years why does this still have problems.",1,2026-06-18 17:44:07+00:00,3.5.9,US,can continue anything and have idea why this has been out for years why does this still have problems,0,5
6741892043,Road to Empress,Sixjoy Hong Kong Limited,14332581686,i luv atheart,"First game is great - second, not so much.","TLDR; No warnings of AI use, frustrating endings, and weird visuals for the second game.

The title is exactly what this review is about.

The first game was genuinely phenomenal. Great storyline along with choices, and amazing visuals. I played it multiple times over just to see where the story goes if I make this choice vs. this choice, and obviously, the visuals. (trying not to give spoilers lol) Really, really happy with this game.

The second? 

I hated it. Not immediately, it slowly built up throughout the game.

1st. The visuals looked… kinda different this time around. I can’t put my finger on it, but I just didn’t like it compared to the first. Whatever. I kept playing, not a huge deal.

2nd. I started to notice how dumb some of the endings were. “Haha, you shouldn’t have done that!” For something as tiny as picking up a cup or something. Obviously the first game had its fair share of endings that I would consider “dumb”, but never to this extent and never this many. I moved on and kept playing, though annoyed.

3rd. I finally got down to an ending. Not a good one, but still an ending. You wanna know what the first thing I noticed was? Entire ending was made by AI. Legitimately the entire thing.

Now, this was a text ending. I got real used to these since they appeared throughout the entire game, with the text appearing on the BLACK screen (you know, like a normal game 😒). But this time, it had actual scenes behind it that were entirely “curated” by AI, that could’ve easily just been the same black screen the rest of the game had.

I noticed this afterwards, but at least a majority of the captions also were likely created by AI.

That was the straw that broke the camel’s back.

I wanna make it very clear that, if it’s not obvious enough, I despise AI. I would not have paid for these games had I been informed that there was use of AI in them, simply because I refuse to support companies that pull this BS under our noses.

There were absolutely no notices or obvious ways to know that this game had been created by AI, especially with all of the good reviews. This is the part that outrages me the most, because again, I would’ve never supported this game series had I known.

I get it. Sometimes you have to cut corners as game devs. But let’s maybe cut corners as in hire-way-less-qualified-people rather than let’s-use-an-ai-that-doesn’t-know-what-the-f-it’s-doing.

Please do not buy these games.",1,2026-07-22 01:57:52+00:00,2.0.2,US,tldr warnings use frustrating endings and weird visuals for the second the title exactly what this review about the first was genuinely phenomenal storyline along with choices and amazing visuals multiple over see where the story goes this choice this choice and obviously the visuals trying not give spoilers lol happy with this the second hated not immediately slowly built throughout the the visuals looked kinda different this around can put finger but didn compared the first whatever kept not huge deal started notice how dumb some the endings were haha you shouldn have done that for something tiny picking cup something obviously the first had its fair share endings that would consider dumb but never this extent and never this many moved and kept though annoyed finally down ending not one but still ending you wanna know what the first noticed was entire ending was made legitimately the entire now this was text ending real used these since they appeared throughout the entire with the text appearing the black screen you know normal but this had actual scenes behind that were entirely curated that could easily been the same black screen the rest the had noticed this afterwards but least majority the captions also were likely created that was the straw that broke the camel back wanna very clear that not obvious enough despise would not have paid for these had been informed that there was use them simply because refuse support companies that pull this under our noses there were absolutely notices obvious ways know that this had been created especially with all the reviews this the part that outrages the most because again would never supported this series had known sometimes you have cut corners devs but let maybe cut corners hire-way-less-qualified-people rather than let s-use-an-ai-that-doesn t-know-what-the-f-it s-doing please not buy these,0,6
6746919411,Nubby's Number Factory,MogDogBlog Productions,14242459773,Bokaholic,Vertical mode?,I was very hyped to see this on mobile. Then I opened it and it forced me into landscape mode. Whaaat? I’ll come back when it’s added.,1,2026-06-29 21:06:49+00:00,1.4.22,US,was very hyped see this mobile then opened and forced into landscape mode whaaat come back when added,0,3
6746919411,Nubby's Number Factory,MogDogBlog Productions,14222125412,Masterchiefghost,Crashing,My nubby factory goes black when i click on wpp to play nothing loads. Its done this 2 times all ready i love this game plz fix the lite version never did this why is the full game doing this,1,2026-06-24 21:20:48+00:00,1.4.22,US,nubby factory goes black when click wpp nothing loads its done this all ready this plz fix the lite version never did this why the full doing this,7,3
6474194438,Don't Starve Together,Playdigious,14385208382,Sky7261,Trouble making a farm with the garden hoe,"I started playing an offline game with myself and notice when I tried to make a farm, I couldn’t. It won’t let me plow so I can plant seeds.",1,2026-08-04 03:07:55+00:00,1.0.5,US,started offline with myself and notice when tried farm couldn won let plow can plant seeds,0,6
6474194438,Don't Starve Together,Playdigious,14383252639,:Musae；,？,"It is a firm‑established principle that there is only one China, and Taiwan is an inalienable part of Chinese territory. The flag you used next to Traditional‑Chinese localization is a separatist symbol that violates the one‑China principle and hurts the feelings of Chinese players. Please remove this wrong flag immediately and make a proper correction, otherwise we will boycott your game

世界上只有一个中国，台湾是中国领土不可分割的一部分，这是公认准则。你们在繁体中文配套使用的旗帜属于分裂符号，违反一个中国原则，伤害中国玩家情感，请立即移除错误旗帜并改正，否则我们将抵制该游戏。",1,2026-08-03 15:55:16+00:00,1.0.5,US,firm established principle that there only one china and taiwan inalienable part chinese territory the flag you used next traditional chinese localization separatist symbol that violates the one china principle and hurts the feelings chinese please remove this wrong flag immediately and proper correction otherwise will boycott your,0,6
479431697,CHRONO TRIGGER (Upgrade Ver.),SQUARE ENIX,13753928584,Ninja271,They changed the dialog,"Perfect touch control port.  They changed the dialogue everywhere, so egregious they change the meaning of the original scene.  Worst example so far is Azala’s death.  Why??",2,2026-02-16 01:15:54+00:00,2.1.1,US,perfect touch control port they changed the dialogue everywhere egregious they change the meaning the original scene worst example far azala death why,0,5
479431697,CHRONO TRIGGER (Upgrade Ver.),SQUARE ENIX,13707015773,Hippo4633,Bad port,How are there not any sound options?,1,2026-02-03 03:12:38+00:00,2.1.1,US,how are there not any sound options,0,5
479431697,CHRONO TRIGGER (Upgrade Ver.),SQUARE ENIX,13674215705,Hyperhound,I can't turn the music off?,"I play podcasts while playing games. Unless I'm missing something, there's no way to turn the music down or off.",1,2026-01-25 13:33:01+00:00,2.1.1,US,podcasts while unless i'm missing something there's way turn the music down off,6,5
479431697,CHRONO TRIGGER (Upgrade Ver.),SQUARE ENIX,13603784193,Desmond Gomes,Just don’t… not worth even $5,Oh lord terrible…. The graphics don’t matter it’s the controls and over all playability… horrible port. Play it on a browser emulator on pc… ignore CHRONO Trigger the bs edition.,2,2026-01-07 01:44:56+00:00,2.1.1,US,lord terrible the graphics don matter the controls and over all playability horrible port browser emulator ignore chrono trigger the edition,0,5
479431697,CHRONO TRIGGER (Upgrade Ver.),SQUARE ENIX,13533319068,WorldGreatestGamer&Reviewer,"I am the world’s greatest gamer and reviewer, this game is too easy, like way too easy","Make a harder difficulty for real gamers, if you do I will assess and reevaluate my rating.",1,2025-12-20 02:15:59+00:00,2.1.1,US,harder difficulty for real gamers you will assess and reevaluate rating,0,5
479431697,CHRONO TRIGGER (Upgrade Ver.),SQUARE ENIX,13489043260,aboutfaris,Doesn’t boot,Shows white screen and shuts down. 15 Pro Max. Can’t get refund !,1,2025-12-08 07:11:55+00:00,2.1.1,US,shows white screen and shuts down pro max can refund,6,5
479431697,CHRONO TRIGGER (Upgrade Ver.),SQUARE ENIX,13381548926,HDDCompa,Bad port of a great game,"This is my favorite snes game, but the port has a bug every time you start the fight against Magus where the text always skips. What’s the point of playing an RPG if you can’t even read the story?",1,2025-11-10 17:04:54+00:00,2.1.1,US,this favorite snes but the port has bug every you start the fight against magus where the text always skips what the point rpg you can even read the story,0,5
6743115658,TABS Pocket Edition,Landfall Games,14387496452,freedomffs,game doesn't launch on iphone 13,goes grey when opening and doesn't launch. i'll chnage my review if someone can help,1,2026-08-04 16:29:26+00:00,1.1.06,US,goes grey when opening and doesn't launch i'll chnage review someone can help,0,6
6743115658,TABS Pocket Edition,Landfall Games,14378046318,EulerEntropy,Crashes,"Unplayable currently, crashes as soon as I open. Modern iPad.",1,2026-08-02 09:50:30+00:00,1.1.06,US,unplayable currently crashes soon open modern,0,6
6743115658,TABS Pocket Edition,Landfall Games,14287211421,random guy from 20110,Horrible,Freezes infinitely on loading screen before game starts so not buy!!!!,1,2026-07-10 18:53:23+00:00,1.1.06,US,freezes infinitely loading screen before starts not buy,6,6
6743115658,TABS Pocket Edition,Landfall Games,14266521008,Purpurpur12t6fyu5fryuvu5y,There was a difficulty,"I really like the game, but I encountered a problem: the game stops on the saver after downloading, it doesn’t go any further. I’ve already rebooted the iPad (ipad pro m5), reinstalled the game. The problem is not solved",2,2026-07-05 16:00:06+00:00,1.1.06,US,the but encountered problem the stops the saver after downloading doesn any further already rebooted the pro reinstalled the the problem not solved,0,6
6743115658,TABS Pocket Edition,Landfall Games,14254583957,True Jedi Studios,Game is unplayable,"First of all, the game will not launch at all on airplane mode, wifi, or cell service. Then, it will load on airplane mode once but never again letting you access the game at all. Wasted my money, and would like a refund",1,2026-07-02 17:18:19+00:00,1.1.06,US,first all the will not launch all airplane mode wifi cell service then will load airplane mode once but never again letting you access the all wasted money and would refund,7,6
6743115658,TABS Pocket Edition,Landfall Games,14216396406,m0bile g4m3 enj0y3r,it won’t work anymore,"this game used to work a few months ago, but now it just shows a gray screen with nothing on it, and it won’t go away.",1,2026-06-23 11:48:12+00:00,1.1.06,US,this used work few months ago but now shows gray screen with nothing and won away,6,6
6743115658,TABS Pocket Edition,Landfall Games,14203612843,@G0D_0F_834NZ,It crashes the moment I open :(,"As soon as I open the game, it immediately kicked me out and I do not know what to do. If there’s anyway I can get a refund that would be amazing. Or if somehow you can optimize the game more.",1,2026-06-20 02:46:32+00:00,1.1.06,US,soon open the immediately kicked out and not know what there anyway can refund that would amazing somehow you can optimize the more,0,6
554937499,Earn to Die,Not Doppler,10576047647,DaWings,Causes your iPhone to overheat and fail.,"Avoid like the plague until/if this issue is fixed, unless you like buying extra phones.",1,2023-11-12 00:19:25+00:00,1.0.24,US,avoid the plague until this issue fixed unless you buying extra phones,0,6
554937499,Earn to Die,Not Doppler,10179926336,Kradkrad,Do not purchase for latest devices,"This game was last updated 5 years ago.  This game overheats my iPhone 14 pro max.  Phone gets super hot and battery dies quickly.

The 2nd version of this game, doesn’t have these issues because I bet it is written on the latest sdk",1,2023-07-25 11:46:01+00:00,1.0.24,US,this was last updated years ago this overheats pro max super hot and battery dies quickly the version this doesn have these issues because bet written the latest sdk,0,6
6740349666,Backyard Baseball '97,Playground Productions LLC,14159779739,Octotrash Hustler,Frequent Crash 16 Promax,Frequently crashes. Not a good port AT ALL,1,2026-06-08 21:02:23+00:00,1.2.4,US,frequently crashes not port all,0,2
6740349666,Backyard Baseball '97,Playground Productions LLC,14145394129,BYB sucks now,Awful,"Cant hit the ball. The game is so slow. Screw this. The memory is there, but he game sucks honestly.",1,2026-06-05 04:10:51+00:00,1.2.4,US,cant hit the ball the slow screw this the memory there but sucks honestly,0,2
6740349666,Backyard Baseball '97,Playground Productions LLC,14106315122,Backyard baseball3,Backyard baseball,This game is super hard and laggy I would spend 5 dollars on a game many people will forget about. Pitching is weird and hitting is hard,2,2026-05-26 00:37:11+00:00,1.2.4,US,this super hard and laggy would spend dollars many people will forget about pitching weird and hitting hard,0,2
6740349666,Backyard Baseball '97,Playground Productions LLC,13905040967,BTShake,FIX THE STATS AND STOP SENDING ERROR MESSAGES WHEN I PLAY OFFLINE!!!!!,"I turned off my data and Wi-Fi on purpose!! I don’t need to be reminded every five seconds like I’m stupid.

Edit: Fix the bug with season mode statistics!!!!",1,2026-03-30 23:19:38+00:00,1.2.2,US,turned off data and wi-fi purpose don need reminded every five seconds stupid edit fix the bug with season mode statistics,0,2
578448682,Grand Theft Auto: Vice City,Rockstar Games,14376732135,Rickunikka,Audio,It appears that there’s a bug and audio not working,1,2026-08-02 00:58:42+00:00,1.8,US,appears that there bug and audio not working,0,6
578448682,Grand Theft Auto: Vice City,Rockstar Games,14314506155,JOSEPHHHHHHZZZZZ,Games stops working,The game stops working and the app won’t open after you get about 30% into the game. GTA 3 is the same,1,2026-07-17 14:32:05+00:00,1.8,US,the stops working and the won open after you about into the gta the same,0,6
578448682,Grand Theft Auto: Vice City,Rockstar Games,14238404387,Arnold Swartzganegger,Felt nostalgic want my money after,This must be what an escort feels like,1,2026-06-28 21:31:16+00:00,1.8,US,this must what escort feels,0,6
578448682,Grand Theft Auto: Vice City,Rockstar Games,14225265675,TonyDiamond10,Abandoned,"I was hoping we would get the remaster on M1 and M2, This version isnt even playable. I also hoped we would get Vice City Stories and that never ever happend.",1,2026-06-25 16:36:06+00:00,1.8,US,was hoping would the remaster and this version isnt even playable also hoped would vice city stories and that never ever happend,7,6
6673906410,Sea of Stars,Playdigious,14264280692,codegeek91,No controller support,Please add controller support,1,2026-07-05 02:21:10+00:00,3.0.60158,US,please add controller support,0,6
6673906410,Sea of Stars,Playdigious,14260609759,Buu99909,Boring,"Played it 10 minutes, just running around clueless in a castle.  Uninstalled.",1,2026-07-04 04:17:35+00:00,3.0.60158,US,minutes running around clueless castle uninstalled,3,6
6673906410,Sea of Stars,Playdigious,14258616524,Johnaaabbb,I keep losing my progress,"I am playing this on my phone, sometimes i pause the game and switch to other apps spend sometime on something and then return to play the game but since the save feature is trashy i lose all my progress and need to repeat same battles and same story that is very annoying and i am really regretting this purchase.",1,2026-07-03 16:28:14+00:00,3.0.60158,US,this sometimes pause the and switch other spend sometime something and then return the but since the save feature trashy lose all progress and need repeat same battles and same story that very annoying and regretting this purchase,0,6
6673906410,Sea of Stars,Playdigious,14247309876,Gjookhvg,Fantastic game but Crashes often,"Love the game but I have had to stop playing it because my load is stuck on a mission that keeps crashing and don’t want to have to start over. On the Blue crystal mission in the lab my game can not progress without crashing, also crashes after the death stare attack during the dweller of dread",1,2026-07-01 00:33:55+00:00,3.0.60158,US,the but have had stop because load stuck mission that keeps crashing and don have start over the blue crystal mission the lab can not progress without crashing also crashes after the death stare attack during the dweller dread,0,6
6673906410,Sea of Stars,Playdigious,14125340280,bradchadford,Crashes at Everest’s Landing,"Love the game so far. After the trial, thr game wont get past Everest’s landing without crashing. I have redownloaded the game twice and played with no other apps open on IOS. Very frustrated having paid for a game that I can only play the beginning of…",1,2026-05-31 00:32:21+00:00,1.1.60013,US,the far after the trial thr wont past everest landing without crashing have redownloaded the twice and with other open ios very frustrated having paid for that can only the beginning,0,6
6673906410,Sea of Stars,Playdigious,14081054004,B……….Rad,Crashing,"Keeps crashing at evermist mission. Fun game so far, but nothing works to keep it from crashing",1,2026-05-19 06:39:46+00:00,1.1.60013,US,keeps crashing evermist mission fun far but nothing works keep from crashing,3,6
1444761746,RFS - Real Flight Simulator,RORTOS SRL,14391701123,AVATION_dylan,RFS is worth it,If you really like planes it’s worth your money if you like planes and can fly and get other planes! If you want better planes you could get RFS pro,1,2026-08-05 17:03:23+00:00,3.2.5,US,you planes worth your money you planes and can fly and other planes you better planes you could rfs pro,7,2
1444761746,RFS - Real Flight Simulator,RORTOS SRL,14389710554,The Review E￼,Was Good but Keeps Crashing mid flight,Game Keep Crash Mid Flight After Recent Update :(,1,2026-08-05 05:57:20+00:00,3.2.5,US,keep crash mid flight after recent update,0,2
1444761746,RFS - Real Flight Simulator,RORTOS SRL,14379946268,Stinkypakrat,In game purchase,"I bought this game a little while ago for something like $3… what I did not know what there was also in game purchases that you also have to buy, like a subscription..",2,2026-08-02 19:56:13+00:00,3.2.5,US,bought this little while ago for something what did not know what there was also purchases that you also have buy subscription,0,2
1444761746,RFS - Real Flight Simulator,RORTOS SRL,14320177422,Reviewerguy322,Paywall,Its a cool game - but the limitations for just buying the app and not buying subscriptions makes it unplayable,1,2026-07-18 23:36:09+00:00,3.2.1,US,its cool but the limitations for buying the and not buying subscriptions unplayable,0,2
1444761746,RFS - Real Flight Simulator,RORTOS SRL,14313433915,爱公司的小陈 China🇨🇳,No,Join the Google account to log in！,1,2026-07-17 08:37:03+00:00,3.2.1,US,join the google account log,0,2
1563121109,Shattered Pixel Dungeon,Evan Debenham,14388721753,Boner69&69somemore,Make it a little harder,I don’t understand why this game is so popular. It’s damn near impossible to get anywhere,2,2026-08-04 23:29:46+00:00,3.3.8,US,don understand why this popular damn near impossible anywhere,0,5
1563121109,Shattered Pixel Dungeon,Evan Debenham,14373447830,Syne612,Bad update,The new update must be vibe coded because nothing works.,2,2026-08-01 05:56:20+00:00,3.3.8,US,the new update must vibe coded because nothing works,0,5
1563121109,Shattered Pixel Dungeon,Evan Debenham,14353633615,Jin_Ant,Fire level a dumb and a bad design,Nothing like the original fires levels just meant to keep you from actually having fun no one wants to play the floor is lava when carrying valuable loot dude please fix.,1,2026-07-27 09:32:54+00:00,3.3.8,US,nothing the original fires levels meant keep you from actually having fun one wants the floor lava when carrying valuable loot dude please fix,3,5
1563121109,Shattered Pixel Dungeon,Evan Debenham,14343609994,Tepisoecofederal01,Es absolute cine,"Este juego lo commence a jugar en un LG que tenía está gratis en ese entonces y sinceramente ahora que trabajo y lo puedo pagar o, vale totalmente la pena una obra de arte 10/10 y I love Mago con lanza",1,2026-07-24 19:07:53+00:00,3.3.8,US,este juego commence jugar que ten est gratis ese entonces sinceramente ahora que trabajo puedo pagar vale totalmente pena una obra arte mago con lanza,0,5
1563121109,Shattered Pixel Dungeon,Evan Debenham,14323272702,paass212,The Tyranny of the Evil Eye: A Cancer on Fair Play!,"The ""Evil Eye"" direct damage mechanic is an absolute abomination! It is a blight upon the very soul of this game! To call it ""difficult"" is a lie; it is nothing more than a lazy, incompetent, and utterly disgraceful cheat!
How dare the developers spit in the face of strategy like this?! This mechanic is a direct insult to every player who has ever spent hours refining their deck and mastering their tactics! What is the point of building a defense?! What is the point of managing the board?! The ""Evil Eye"" ignores it all! It bypasses every rule of fairness with a disgusting, brute-force laziness that makes me sick!
This is not game design; this is a crime against balance! It is a broken, ungodly joke that rewards bad gameplay and punishes skill! It turns a calculated battle into a mindless numbers game! Why should we tolerate a mechanic that acts like a loaded gun pointed at our heads?! It creates a scenario of inevitable loss based on nothing but raw, unfair statistics!
Enough is enough! There is zero honor in this mechanic! It is a coward’s tool! It must be neutered! It must be destroyed! To allow this monstrosity to exist is to admit that you do not care about your players! Remove this plague immediately or watch your game die a well-deserved death! Shame on you!",1,2026-07-19 17:52:00+00:00,3.3.8,US,the evil eye direct damage mechanic absolute abomination blight upon the very soul this call difficult lie nothing more than lazy incompetent and utterly disgraceful cheat how dare the developers spit the face strategy this this mechanic direct insult every who has ever spent hours refining their deck and mastering their tactics what the point building defense what the point managing the board the evil eye ignores all bypasses every rule fairness with disgusting brute-force laziness that sick this not design this crime against balance broken ungodly joke that rewards gameplay and punishes skill turns calculated battle into mindless numbers why should tolerate mechanic that acts loaded gun pointed our heads creates scenario inevitable loss based nothing but raw unfair statistics enough enough there zero honor this mechanic coward tool must neutered must destroyed allow this monstrosity exist admit that you not care about your remove this plague immediately watch your die well-deserved death shame you,0,5
1563121109,Shattered Pixel Dungeon,Evan Debenham,14275713455,NayrAuhsoJ,No cloud save,I’d put effort into it if it had cloud saves 🤷‍♂️,1,2026-07-07 22:27:30+00:00,3.3.8,US,put effort into had cloud saves,0,5
1499849161,Ultimate Custom Night,CLICKTEAM LLC USA,14384698695,beekid23,Sound,There is no sound on my game which is needed for the animatronics,1,2026-08-04 00:00:28+00:00,1.0.6,US,there sound which needed for the animatronics,0,7
1499849161,Ultimate Custom Night,CLICKTEAM LLC USA,14351583686,brendannotmy,Good game but,Fnaf ucn is great but the control/button layout on this iOS version is just terrible,2,2026-07-26 19:48:59+00:00,1.0.6,US,fnaf ucn but the control button layout this ios version terrible,7,7
1459520638,Wingspan: The Board Game,Monster Couch,14393605477,dokzap,same problem!,just updated.  Still crashes halfway through the game!,2,2026-08-06 04:46:32+00:00,1.8.1249,US,updated still crashes halfway through the,0,4
1459520638,Wingspan: The Board Game,Monster Couch,14352060076,dr3a2020,Love the game,Love the game but am constantly getting kicked out and then can’t get bag in so I lose the game and karma points. I have cleared out my phone but it doesn’t seem to matter and I can’t find any help online with the problem. Maybe developers could give me some advice?,1,2026-07-26 22:48:54+00:00,1.8.1241,US,the but constantly kicked out and then can bag lose the and karma points have cleared out but doesn seem matter and can find any help online with the problem maybe developers could give some advice,0,4
1459520638,Wingspan: The Board Game,Monster Couch,14351882201,elz123345,Bugs,I LOVE wingspan but I can’t get past one or 2 turns on my iPad without it crashing and forcing me to reload it and start over. Essentially it’s unplayable on my iPad. I have plenty of storage and I’ve tried all kinds of resets and upgrades on my iPad. I’m so disappointed I can’t play it and wasted my money.,1,2026-07-26 21:38:09+00:00,1.8.1241,US,wingspan but can past one turns without crashing and forcing reload and start over essentially unplayable have plenty storage and tried all kinds resets and upgrades disappointed can and wasted money,7,4
1459520638,Wingspan: The Board Game,Monster Couch,14348252065,Heartland Bakes,Hard to see or read,What so excited to get this game even with accessibility settings unfortunately I can’t read the font on my phone and most things are not recognized by the screen reader. Hey dev team help a girl out please!,1,2026-07-25 23:44:08+00:00,1.8.1241,US,what excited this even with accessibility settings unfortunately can read the font and most are not recognized the screen reader hey dev team help girl out please,6,4
1459520638,Wingspan: The Board Game,Monster Couch,14341070651,Nello324,Games crashes frequently,"I’m a huge fan of this game and have played over 900 hours of it on Steam with zero performance issues. However, the iPad version is a huge disappointment. I bought it for my iPad today and played an online game with one friend and three AI players. The game crashed at least 10 times over the course of the game causing me to have to launch it again to resume the game. Every time I launched the game, including the very first time, it sat there for a very long time on the title screen, sometimes 1-2 minutes and sometimes 3-4 minutes. My iPad is up to date on the latest iOS. I hope these performance issues get resolved as it’s truly a remarkable game and Monster Couch’s digital implementation is so superbly well done.",2,2026-07-24 04:31:56+00:00,1.8.1238,US,huge fan this and have over hours steam with zero performance issues however the version huge disappointment bought for today and online with one friend and three the crashed least over the course the causing have launch again resume the every launched the including the very first sat there for very long the title screen sometimes minutes and sometimes minutes date the latest ios hope these performance issues resolved truly remarkable and monster couch digital implementation superbly well done,7,4
1459520638,Wingspan: The Board Game,Monster Couch,14327133299,Trendyleft,“Settings” freezes game and rules for online gaming?,Accidentally hitting “Settings” freezes app and have to uninstall (ios 14pro). Also no online game /scoring rules! What is the neon pink icon??,1,2026-07-20 17:24:56+00:00,1.8.1224,US,accidentally hitting settings freezes and have uninstall ios pro also online scoring rules what the neon pink icon,0,4
1459520638,Wingspan: The Board Game,Monster Couch,14325285007,Jinglechick1,"Great, but crashing a lot","We really like playing this, but the game keeps crashing. It crashes most often when switching from player to player. It happens so often we almost can’t play it. If this could be fixed, it would be perfect.",2,2026-07-20 06:54:41+00:00,1.8.1224,US,this but the keeps crashing crashes most often when switching from happens often almost can this could fixed would perfect,0,4
1459520638,Wingspan: The Board Game,Monster Couch,14320663128,Calabrorate and listen,Crashes all the time on iPhone,Crashes all the time on iPhone,1,2026-07-19 02:45:02+00:00,1.8.1224,US,crashes all the,0,4
1459520638,Wingspan: The Board Game,Monster Couch,14315955035,tmoneyayoooo,Karma Points glitch,"On group games, will randomly not inform me when it’s my turn.  I am trying to claw my way out of 1/100 for months now due to this glitch.  Have tried reaching out to developer to restore my points and no response.  Have invested many hours into this game trying to build up, and it goes to waste when this glitch takes place.

I hope during your next update you’ll restore everyone’s karma points to 100 and have the bugged fix, as this has obviously affected lots of players when you read recent reviews.",1,2026-07-17 22:18:51+00:00,1.8.1224,US,group will randomly not inform when turn trying claw way out for months now due this glitch have tried reaching out developer restore points and response have invested many hours into this trying build and goes waste when this glitch takes place hope during your next update you restore everyone karma points and have the bugged fix this has obviously affected lots when you read recent reviews,6,4
1459520638,Wingspan: The Board Game,Monster Couch,14259555594,jaCkdArippEr13$,Doesn’t work,Doesn’t even let me play a bird card.,1,2026-07-03 21:34:28+00:00,1.8.1224,US,doesn even let bird card,0,4
6747814605,Is This Seat Taken?,Poti Poti Studio,14160891196,iPhone 14 gamer,Repetitive gameplay,It’s an ok game.   I didn’t experience any bugs and found it very playable.  It was just very repetitive so I got bored.  Id suggest lowering the price to 1 dollar and remove half the levels and add a boss per city.,1,2026-06-09 04:31:23+00:00,1.2.1,US,didn experience any bugs and found very playable was very repetitive bored suggest lowering the price dollar and remove half the levels and add boss per city,7,10
6747814605,Is This Seat Taken?,Poti Poti Studio,14140455148,Jackivee,Doesn’t load,"If it’s a device compatibility issue, that should be specified in the description.",1,2026-06-03 20:35:30+00:00,1.2.1,US,device compatibility issue that should specified the description,0,10
6747814605,Is This Seat Taken?,Poti Poti Studio,14138080701,The-Obelisk,Game doesn’t launch,"Will update when I can play. iPhone 17 Pro, 26.6. Blue screen after logos",1,2026-06-03 06:52:42+00:00,1.2.1,US,will update when can pro blue screen after logos,6,10
6747814605,Is This Seat Taken?,Poti Poti Studio,14127509804,rewlsjae,It’s not working,Its just a gray screen and its not letting me do anything,1,2026-05-31 14:37:52+00:00,1.2.1,US,its gray screen and its not letting anything,6,10
6747814605,Is This Seat Taken?,Poti Poti Studio,14008025475,Five up!!!!!!!!!!!!!!!!!!!!,WORST GAME EVER,This was the shortest game ever. The story is very short and I want more detail. It was so glitched and puzzles were pretty easy. I wanted it to be able to be played offline. It is also so so so overpriced. It should be free or like 20 cents or less. Not worth my time.,1,2026-04-29 04:17:40+00:00,1.2.1,US,this was the shortest ever the story very short and more detail was glitched and puzzles were pretty easy able offline also overpriced should free cents less not worth,7,10
6747814605,Is This Seat Taken?,Poti Poti Studio,13881517208,Mariman Reviews,"Good game and worth it, but it reset my progress","I loved Is This Seat Taken, but one day, it reset my progress for some reason.",2,2026-03-24 10:53:30+00:00,1.2.1,US,loved this seat taken but one day reset progress for some reason,0,10
6747814605,Is This Seat Taken?,Poti Poti Studio,13835358537,DadzillaNerd,No family sharing support?,"I specifically bought this game because it says it supports family sharing. Well no it does not. So I’m out $10, thanks.",1,2026-03-11 01:37:47+00:00,1.2.1,US,specifically bought this because says supports family sharing well does not out thanks,0,10
1622869542,Kingdom Rush 5: Alliance TD,Ironhide S.A.,14233260834,MattyPaz,Greed.,"I grew up playing these games and now they’ve just become a typical money grab game, where everything costs extra. It’s an embarrassment to the gaming industry and it’s the downfall of pure gaming. I will never buy another game from you or add ons.",1,2026-06-27 15:40:42+00:00,7.00.62,US,grew these and now they become typical money grab where everything costs extra embarrassment the industry and the downfall pure will never buy another from you add ons,1,1
1622869542,Kingdom Rush 5: Alliance TD,Ironhide S.A.,14202292375,jjjttang,Cash Grab,Kingdom Rush was a great game before. Now it’s a cash grab. Half the campaign is locked by paywall. Didn’t I pay for this game already?,1,2026-06-19 18:31:10+00:00,7.00.62,US,kingdom rush was before now cash grab half the campaign locked paywall didn pay for this already,5,1
1622869542,Kingdom Rush 5: Alliance TD,Ironhide S.A.,14187241156,Rixelkirii,Meh,"I’ve loved all the Kingdom Rush games and played them all fully. I fully enjoy the mix of towers and swapping them out in this game. However….This “game” just feels like an ad. I’ve dropped a looooot of money on this, including what I thought would unlock all those pesky “available” maps, only to find it just unlocked towers I either already PAID for, or I’ll never use. No new levels. The map is FULL of unplayable levels because you have to buy them. It’s incredibly frustrating to buy a game, but almost $50 (probably more at this point honestly) and still have HALF the map unplayable. Severe disappointment to PAY for a game only to have it be an advertisement.",2,2026-06-15 21:59:52+00:00,7.00.62,US,loved all the kingdom rush and them all fully fully enjoy the mix towers and swapping them out this however this feels dropped looooot money this including what thought would unlock all those pesky available maps only find unlocked towers either already paid for never use new levels the map full unplayable levels because you have buy them incredibly frustrating buy but almost probably more this point honestly and still have half the map unplayable severe disappointment pay for only have advertisement,0,1
1622869542,Kingdom Rush 5: Alliance TD,Ironhide S.A.,14169171576,ChaplainDiaz,Overcharged hero bundle purchase?,"I just bought the hero bundle, which was showing as $30 dollars, but my charge was $66.86?  What’s up with that?",1,2026-06-11 09:01:56+00:00,7.00.62,US,bought the hero bundle which was showing dollars but charge was what with that,0,1
1622869542,Kingdom Rush 5: Alliance TD,Ironhide S.A.,14102982052,Richard Yeung,Nickle and Dime,"If you hate free to play apps that charge you for everything, you’ll be even more frustrated by this paid app that then proceeds to charge you more for heroes, towers, and content.",2,2026-05-25 03:49:25+00:00,7.00.62,US,you hate free that charge you for everything you even more frustrated this paid that then proceeds charge you more for heroes towers and content,0,1
1622869542,Kingdom Rush 5: Alliance TD,Ironhide S.A.,13996264080,RelasTarkun,"Don’t bother, this is just greedy.","So, I sometimes use the Apple game thing to “demo” games and the Apple game thing has it where the ‘premium’ heroes can be unlocked via just playing through the game, so I figured here I could do the same thing.

I bought the two dlc, and then noticed the game itself felt like a slog to play, I didn’t have much fun, and it half felt like with how often it was tossing the diamonds at me, the premium currency, that okay fine, it’s a game where I’m meant to grind. Kinda annoying that every time I go into the hero tab to upgrade I’m reminded of all the paid for heroes but it’s fine, I can unlock them by playing the game.

No. You can’t.

The premium heroes and towers are purely purchase, for the paid for version, while the arcade version you MUST beat the level that the hero is attributed to.

The game isn’t fun, and after paying over twenty six dollars for just the dlc and base game, the game then demands you cough up another FIFTY DOLLARS for the premium heroes and towers. And I was even wondering why the towers felt so weak, compared to the DLC towers, cause I beat the entire game just spamming the dragon brood tower, cause it had a map-wide kinda mortar attack and a stun.

And then it hit me that the reason why is cause it’s trying to make you get the premium stuff, to pay that extra 50 (cause buying the towers/heroes solo would be a bit of a waste when the bundles are 50% off, according to the store itself) and on top of that there’s also an option to buy the premium currency, which is used for these extra three slots on the lower right hand side…

For anywhere from five bucks to a hundred dollars.

I remember the original kingdom rush, how much fun it was, and iron marines was kinda…meh, with the other installments being either annoyingly hard or just so far out in left field it didn’t feel like the same game nor really worth playing. This one however? I never had a kingdom rush game actively make me hate it, never made me hate it enough that I actually come in and write a review for it.

Yet here we are. This is by far one of the worst games I’ve ever played and it’s purely cause of the sheer greed. You want 50 dollars from me? Make a game worth that 50 dollars and not this microtransaction bs. Kingdom Two Crowns was a hell of a lot more fun, and a lot more simple, and I know from past installments that you can do better than this from the original games.",1,2026-04-25 17:59:26+00:00,7.00.62,US,sometimes use the demo and the has where the premium heroes can unlocked via through the figured here could the same bought the two dlc and then noticed the itself felt slog didn have much fun and half felt with how often was tossing the diamonds the premium currency that okay fine where meant grind kinda annoying that every into the hero tab upgrade reminded all the paid for heroes but fine can unlock them the you can the premium heroes and towers are purely purchase for the paid for version while the arcade version you must beat the level that the hero attributed the isn fun and after paying over twenty six dollars for the dlc and base the then demands you cough another fifty dollars for the premium heroes and towers and was even wondering why the towers felt weak compared the dlc towers cause beat the entire spamming the dragon brood tower cause had map-wide kinda mortar attack and stun and then hit that the reason why cause trying you the premium stuff pay that extra cause buying the towers heroes solo would bit waste when the bundles are off according the store itself and top that there also option buy the premium currency which used for these extra three slots the lower right hand side for anywhere from five bucks hundred dollars remember the original kingdom rush how much fun was and iron marines was kinda meh with the other installments being either annoyingly hard far out left field didn feel the same nor worth this one however never had kingdom rush actively hate never made hate enough that actually come and write review for yet here are this far one the worst ever and purely cause the sheer greed you dollars from worth that dollars and not this microtransaction kingdom two crowns was hell lot more fun and lot more simple and know from past installments that you can better than this from the original,7,1
1622869542,Kingdom Rush 5: Alliance TD,Ironhide S.A.,13939170370,Mdl39,Boring,Recycled maps are lazy.,2,2026-04-09 12:50:27+00:00,7.00.62,US,recycled maps are lazy,0,1
1622869542,Kingdom Rush 5: Alliance TD,Ironhide S.A.,13937402465,neight88dbo33,DO NOT BUY,"You have to pay to unlock stages.. after paying for the game up front. That’s ridiculous, it’s basically a scam.",1,2026-04-08 23:41:24+00:00,7.00.62,US,you have pay unlock stages after paying for the front that ridiculous basically scam,5,1
1622869542,Kingdom Rush 5: Alliance TD,Ironhide S.A.,13846010875,TennisBone,"No Endless Map,over 7 years waiting","Developer does listed to customers.  The only thing we have been asking for the last 7+ years is an endless map.  That’s it.  It’s been promised and never delivered.  They just want your money, they don’t listen to what customers want.",1,2026-03-14 04:54:56+00:00,7.00.26,US,developer does listed customers the only have been asking for the last years endless map that been promised and never delivered they your money they don listen what customers,1,1
1591627945,Papa's Cluckeria To Go!,Flipline Studios,13616034175,Keyxmoney,Lost progress,I love this game but I’m so mad all of my progress got deleted when I accidentally deleted the app!! I’ve deleted it before and reinstalled it and all my progress was this there but not this time and I’m upset because I had so much unlocked!,1,2026-01-10 06:03:36+00:00,1.0.1,US,this but mad all progress deleted when accidentally deleted the deleted before and reinstalled and all progress was this there but not this and upset because had much unlocked,0,8
1591627945,Papa's Cluckeria To Go!,Flipline Studios,12408918937,Joshua D.,Please Stop Opening App Store,"I would think that it’s completely against App Store policy for a developer to have an app or game open the App Store when a customer closes their apps. But that’s just what this game and many other Flipline games do. You quit playing their game and it opens the App Store to one of their other games. 

Please update your games and stop this from happening. I have purchased pretty much every one of your titles and I even spend money in them outside of the initial purchase price. But, it’s become very annoying that every time I’m done playing one of them. That the App Store opens without my permission. That just seems like malware activity if I’m honest. 

Again, please would you update your games and stop them from doing this annoying behavior?

Outside of this problem I really enjoy so many of the Papa Louie’s video games a lot. I’ve played quite a few of them to completion. I definitely would recommend their titles but I just wish they would get rid of this annoying tactic please. Thank you.",2,2025-03-11 18:05:51+00:00,1.0.1,US,would think that completely against store policy for developer have open the store when customer closes their but that what this and many other flipline you quit their and opens the store one their other please update your and stop this from happening have purchased pretty much every one your titles and even spend money them outside the initial purchase price but become very annoying that every done one them that the store opens without permission that seems malware activity honest again please would you update your and stop them from doing this annoying behavior outside this problem enjoy many the papa louie video lot quite few them completion definitely would recommend their titles but wish they would rid this annoying tactic please thank you,7,8
1591627945,Papa's Cluckeria To Go!,Flipline Studios,12333622853,hunibeee,Least favorite papa game,"I love papa games, and they are so addicting, but this one seems kinda irritating to me. The customers are impatient, even when I rush on their orders..",1,2025-02-20 13:14:40+00:00,1.0.1,US,papa and they are addicting but this one seems kinda irritating the customers are impatient even when rush their orders,0,8
1207867591,Papa's Taco Mia To Go!,Flipline Studios,13242150606,icantgetaunusednickname:(,Terrible graphics,"The graphics are literally so bad i was almost shocked. The way each sprite moves looks like if someone tried to recreate the papa louie games on scratch. I want a refund🥲 but at the same time it’s understandable because it’s one of the early installments of papa louie into mobile games, but they still should really update this.",2,2025-10-09 01:24:18+00:00,1.1.1,US,the graphics are literally was almost shocked the way each sprite moves looks someone tried recreate the papa louie scratch refund but the same understandable because one the early installments papa louie into mobile but they still should update this,0,0
1207867591,Papa's Taco Mia To Go!,Flipline Studios,13095751803,madz__💞,the quality???,just downloaded and i really wish that i saw that this game hasn’t been updated in years lol. in comparison to the new to go games the one looks horrible lol. if u can update the app that would be amazing. i mean for a games that cost  money (even though it’s cheap) i feel like the quality should be up to date .,2,2025-09-03 23:40:20+00:00,1.1.1,US,downloaded and wish that saw that this hasn been updated years lol comparison the new the one looks horrible lol can update the that would amazing mean for that cost money even though cheap feel the quality should date,7,0
1207867591,Papa's Taco Mia To Go!,Flipline Studios,11442974297,ok hig Vincent hunt,Bad graphic low quality,I don’t think I’m the only one to say this the graphics on this game is worse then the other 1.99 ones it makes my eyes hurt trying to play it I bought it and seen the graphics and never liked them please fix the graphics,2,2024-07-01 04:39:50+00:00,1.1.1,US,don think the only one say this the graphics this worse then the other ones eyes hurt trying bought and seen the graphics and never liked them please fix the graphics,0,0
1207867591,Papa's Taco Mia To Go!,Flipline Studios,11101088895,aQuaranteen,price for quality??,i’ve bought most of the papas games and all of the $1.99 ones are high quality except this one. it’s grainy and completely lacking the updated look and feel of all the rest of them. it’s only $1.99 but feels like a ripoff tbh. disappointed :(,2,2024-03-30 05:00:02+00:00,1.1.1,US,bought most the papas and all the ones are high quality except this one grainy and completely lacking the updated look and feel all the rest them only but feels ripoff tbh disappointed,0,0
598581396,Kingdom Rush Frontiers TD,Ironhide S.A.,14352699279,TylerB329,Good game but give me the dlc,I paid for the dang game now gimme the stuff. I don’t want to pay 7$ for a bone dragon,2,2026-07-27 03:00:18+00:00,6.4.22,US,paid for the dang now gimme the stuff don pay for bone dragon,5,1
598581396,Kingdom Rush Frontiers TD,Ironhide S.A.,13574756054,MrMiguel,Stop,Asking for feedback,1,2025-12-30 22:44:20+00:00,6.4.20,US,asking for feedback,0,1
598581396,Kingdom Rush Frontiers TD,Ironhide S.A.,13566576569,Lace N,Invulnerability bug,"I love Kingdom Rush but after working tirelessly on leveling up and beating the final boss using a TON of items, I hit a glitch during and it reset my level progress. Way to ruin a fun time right at the finish line.",2,2025-12-28 21:54:13+00:00,6.4.20,US,kingdom rush but after working tirelessly leveling and beating the final boss using ton items hit glitch during and reset level progress way ruin fun right the finish line,6,1
598581396,Kingdom Rush Frontiers TD,Ironhide S.A.,13402186937,LumpyTommr,I haven't played for a few days. Can I get a refund? Recommend it,I just don't know how to play. Want apply for a refund.,1,2025-11-15 18:54:08+00:00,6.4.16,US,don't know how apply for refund,0,1
598581396,Kingdom Rush Frontiers TD,Ironhide S.A.,13394386538,Kerrigan’s,Truly stupid,"Honestly, I’ve never been more frustrated with gameplay before. You can’t save your session, so that means you either do battle for 25+ minutes or just waste your time. The amount of time I’ve sunk into a battle only to find out the boss deletes your stations at the end.. oh good lord I’ll never waste my time on this game again. So so frustrating",2,2025-11-13 21:42:38+00:00,6.4.16,US,honestly never been more frustrated with gameplay before you can save your session that means you either battle for minutes waste your the amount sunk into battle only find out the boss deletes your stations the end lord never waste this again frustrating,0,1
598581396,Kingdom Rush Frontiers TD,Ironhide S.A.,13257464442,Charles25368743796432,Pay to pay,"Two dollars for a standard tower defense game should be a good deal, but it is not the whole game. It is still in app purchases. It is still geared to where you have to spend money to complete the game. It is a regular pay to play a game that you have to buy to figure out I feel scammed. I just want to purchase a one time purchase tower defense game that doesn’t want more money.",1,2025-10-12 15:34:45+00:00,6.1.25,US,two dollars for standard tower defense should deal but not the whole still purchases still geared where you have spend money complete the regular pay that you have buy figure out feel scammed purchase one purchase tower defense that doesn more money,1,1
598581396,Kingdom Rush Frontiers TD,Ironhide S.A.,13134374287,Jasonnator98,Last Level,Final boss deletes your towers and you’re supposed to beat him and massive hordes with 4 remaining towers. Saved all the gems through the campaign to have enough gold to buy towers. Still. Dumb final boss,1,2025-09-13 23:48:33+00:00,6.1.25,US,final boss deletes your towers and you supposed beat him and massive hordes with remaining towers saved all the gems through the campaign have enough gold buy towers still dumb final boss,0,1
6758360195,OOTP Baseball 27 Go!,Out of the Park Developments,14149726123,gimme4,Lame,Lame for nerds. If you don’t manage every pitch the effin Rays score 5 runs in the 9th three games in a row? Lazy sim,1,2026-06-06 07:24:05+00:00,27.3.62.10,US,lame for nerds you don manage every pitch the effin rays score runs the three row lazy sim,0,2
6758360195,OOTP Baseball 27 Go!,Out of the Park Developments,14058367795,EZRider9919,PLEASE fix.,"I’ve supported this game and devs back to 2016- both mobile and desktop, however for the last 3 years, a persistent issue with the “action” button while on lineup screen or player profile fails to work. I keep waiting for it to be fixed, thinking at the very least it’ll be fixed with each new edition- yet nothing, however the price keeps rising. Please, please fix this, it makes the game almost unplayable, especially on iPad.",1,2026-05-13 02:28:26+00:00,27.2.53.7.1,US,supported this and devs back both mobile and desktop however for the last years persistent issue with the action button while lineup screen profile fails work keep waiting for fixed thinking the very least fixed with each new edition yet nothing however the price keeps rising please please fix this the almost unplayable especially,0,2
6758360195,OOTP Baseball 27 Go!,Out of the Park Developments,14047516667,dnd skekf chsks d,AI is broken,I set lineups and depth charts to myself instead of ai and after every game the ai changes all of my lineups and depth charts,2,2026-05-10 03:31:53+00:00,27.2.53.7.1,US,set lineups and depth charts myself instead and after every the changes all lineups and depth charts,0,2
6758360195,OOTP Baseball 27 Go!,Out of the Park Developments,13965527828,Hambowna,Crashing,"Love OOTP, and I’ll edit my review once it’s fixed. But the game has crashed 3 times in less than 3 hours of game play. Frustrating…",1,2026-04-16 23:41:26+00:00,27.1.52.6,US,ootp and edit review once fixed but the has crashed less than hours frustrating,0,2
6758360195,OOTP Baseball 27 Go!,Out of the Park Developments,13963371125,Dan27518,This app worked in previous years,"Crashes constantly during inaugural draft. No matter which of the three game modes chosen, the game will not complete an initial draft. Plus the ability to customize season length, rating system and player info presentation is very limited. Customization should be available in all choices under historical and fictional setups",1,2026-04-16 10:13:32+00:00,27.1.52.6,US,crashes constantly during inaugural draft matter which the three modes chosen the will not complete initial draft plus the ability customize season length rating system and info presentation very limited customization should available all choices under historical and fictional setups,0,2
1150534552,Clue: Classic Edition,Marmalade Game Studio,14185327539,mctoast,"Paid for Classic Board Bundle, now it’s gone","I paid for the classic board bundle and all the characters that came with it (the board with the Art Deco rooms). I had the game offloaded from my iPad for a long while. I recently reinstalled the game and the bundle wouldn’t load for me. I went to settings and tapped on restore purchases, but it still wouldn’t load for me. The game even said that I already purchased that bundle. I updated the app, and now even that is gone, and it’s telling me to buy the classic board again! And what of the characters that came with it! I am being ripped off by Marmalade Studios!",1,2026-06-15 11:55:33+00:00,2.16.0,US,paid for the classic board bundle and all the characters that came with the board with the art deco rooms had the offloaded from for long while recently reinstalled the and the bundle wouldn load for went settings and tapped restore purchases but still wouldn load for the even said that already purchased that bundle updated the and now even that gone and telling buy the classic board again and what the characters that came with being ripped off marmalade studios,0,4
1150534552,Clue: Classic Edition,Marmalade Game Studio,14184255454,CPA2b233,Freezes,"This game freezes too much. We tried playing it a couple times and it just becomes unresponsive in the middle of the game, this has happened multiple times we have never been able to finish the game because it always just freezes.",1,2026-06-15 04:02:16+00:00,2.16.0,US,this freezes too much tried couple and becomes unresponsive the middle the this has happened multiple have never been able finish the because always freezes,7,4
1150534552,Clue: Classic Edition,Marmalade Game Studio,13778531007,Hashtagawesome99,"Boring, with auto notes",The best part of clue is taking notes and this game auto takes notes for you so it’s really boring. You don’t have to think at all,1,2026-02-22 22:11:11+00:00,2.16.0,US,the best part clue taking notes and this auto takes notes for you boring you don have think all,0,4
1150534552,Clue: Classic Edition,Marmalade Game Studio,13677894318,Lalena9,Clue,Isn’t fun after awhile,1,2026-01-26 13:20:26+00:00,2.16.0,US,isn fun after awhile,3,4
1150534552,Clue: Classic Edition,Marmalade Game Studio,13644679238,Captain James T. Kirk,No multiplayer unless you buy it for each player,"Cash grab, I can’t even play the game I bought.  I’m not going to play this game alone, that’s ridiculous.",1,2026-01-17 17:00:58+00:00,2.16.0,US,cash grab can even the bought not going this alone that ridiculous,0,4
6633412890,Tiny Terraces,Jaxon Gallegos Garcia,14201840819,Recursion0817,Great so far,"Small learning curve at the beginning after that very straight forward and fun! One thing, the UI including the font could use a big rework that would really make the game a lot more pleasant to play!",2,2026-06-19 16:09:26+00:00,0.93.966.10754,US,small learning curve the beginning after that very straight forward and fun one the including the font could use big rework that would the lot more pleasant,3,6
6633412890,Tiny Terraces,Jaxon Gallegos Garcia,14025926034,kryneb,Unplayable controls,"I want to like this game but the controls are just awful. Idk if theyre just buggy or not user friendly but when i buy a sprinker, hit the button to stop buying sprinklers, click/tap away, why does it then buy 3 more sprinklers?!",1,2026-05-04 02:37:11+00:00,0.92.927.10101,US,this but the controls are awful idk theyre buggy not user friendly but when buy sprinker hit the button stop buying sprinklers click tap away why does then buy more sprinklers,0,6
904278510,Hitman Sniper,Deca Live Operations GmbH,14344503541,I-Use-A-Phone,Doesn’t work,"The game is literally unplayable, I cannot play it, the game does not load. Don’t waste your money.",1,2026-07-25 00:49:54+00:00,1.23.9,US,the literally unplayable cannot the does not load don waste your money,1,1
904278510,Hitman Sniper,Deca Live Operations GmbH,14276091200,magastud,Finial argument rifle,I have played this game for years now and it done all requirements to Obtain the rifle and I still cannot get it but it will let me buy anything else except the weapon,1,2026-07-08 00:56:00+00:00,1.23.9,US,have this for years now and done all requirements obtain the rifle and still cannot but will let buy anything else except the weapon,0,1
904278510,Hitman Sniper,Deca Live Operations GmbH,14266690023,Leisure-play,Very repetitive,Same map same movements all characters have the same repetition. Each time you complete a mission. You get to do the same thing again but this time the characters name changes that its the whole game is that. Nothing ever changes. Same map same character same movement different names to characters nothing else.,1,2026-07-05 16:49:57+00:00,1.23.9,US,same map same movements all characters have the same repetition each you complete mission you the same again but this the characters name changes that its the whole that nothing ever changes same map same character same movement different names characters nothing else,0,1
904278510,Hitman Sniper,Deca Live Operations GmbH,14187071291,grrreddie,Facebook login doesn’t work,"I used to play this game A LOT and I loved it, I unlocked so many guns and all the game modes, but I got a new phone and now it doesn’t let me log into facebook where all my progress is saved. Help!",1,2026-06-15 20:58:06+00:00,1.23.9,US,used this lot and loved unlocked many guns and all the modes but new and now doesn let log into facebook where all progress saved help,0,1
904278510,Hitman Sniper,Deca Live Operations GmbH,14164524534,I am very patient,Exorbitant,"In five minutes of gameplay, it is in my opinion that this game, Hitman Sniper has asked for an exorbitant amount of money.",1,2026-06-10 02:56:46+00:00,1.22.17,US,five minutes gameplay opinion that this hitman sniper has asked for exorbitant amount money,1,1
904278510,Hitman Sniper,Deca Live Operations GmbH,13923340617,Onithius,Missing items,I redownloaded this to my new iPad after years of not playing. Only to find all my purchases are no longer there and it was a substantial amount I had spent and the missions freeze and I am unable to play…,1,2026-04-05 00:05:23+00:00,1.21,US,redownloaded this new after years not only find all purchases are longer there and was substantial amount had spent and the missions freeze and unable,0,1
6468845068,GTA: San Andreas – Definitive,Rockstar Games,14350983512,tacobellovich,Trash,"This game have so many bugs, and 20$ is so much for this game",1,2026-07-26 16:34:28+00:00,1.86,US,this have many bugs and much for this,0,6
6468845068,GTA: San Andreas – Definitive,Rockstar Games,14150396039,D2796,Don’t buy,"Title stopped working last week… whenever i open it, it crashes on the loading screen.",1,2026-06-06 11:52:28+00:00,1.86,US,title stopped working last week whenever open crashes the loading screen,6,6
6468845068,GTA: San Andreas – Definitive,Rockstar Games,14095788826,Check out999,Scammers,Refund my money back if y’all don’t wanna allow me play,1,2026-05-23 07:16:39+00:00,1.86,US,refund money back all don wanna allow,1,6
6468845068,GTA: San Andreas – Definitive,Rockstar Games,13927230345,Ls36712,Not working properly,Keeps crashing after title screen,1,2026-04-06 02:36:30+00:00,1.86,US,keeps crashing after title screen,6,6
6468845068,GTA: San Andreas – Definitive,Rockstar Games,13886669105,morgletta2,Impossible to get 100%,It's impossible to achieve 100% completion. Some of the photographs you have to find don't work.,1,2026-03-25 20:46:21+00:00,1.86,US,it's impossible achieve completion some the photographs you have find don't work,0,6
6468845068,GTA: San Andreas – Definitive,Rockstar Games,13844173014,hgjbfgvcf,Where is 60 fps?,"The game is delightful compared to the standard version. But where are the 60 FPS? After initially buying the original, I thought that purchasing the Definitive Edition would make the gameplay experience even better—and that it would be an open-world title without equal. However, upon launching the game and discovering that 60 FPS was missing—unlike in the original—I was disappointed. It is literally difficult to play. All the graphical beauty becomes meaningless without a smooth frame rate. Rockstar, PLEASE add 60 FPS. I would be extremely grateful. I am deeply disappointed in a game that boasts beautiful graphics yet lacks a simple 60 FPS option.",1,2026-03-13 16:29:26+00:00,1.86,US,the delightful compared the standard version but where are the fps after initially buying the original thought that purchasing the definitive edition would the gameplay experience even better and that would open-world title without equal however upon launching the and discovering that fps was missing unlike the original was disappointed literally difficult all the graphical beauty becomes meaningless without smooth frame rate rockstar please add fps would extremely grateful deeply disappointed that boasts beautiful graphics yet lacks simple fps option,7,6
1462324486,Papa's Donuteria To Go!,Flipline Studios,13343645470,Lil lucas guy2@,>:(,Make moe single for charlie,1,2025-11-01 19:28:53+00:00,1.0.1,US,moe single for charlie,4,8
1462324486,Papa's Donuteria To Go!,Flipline Studios,12871023429,drmemesarecool,DONT GET THIS GAME,I had to get a new phone and 3 years of progress gone there’s no data saves this game is not a good game don’t get it,1,2025-07-09 12:32:06+00:00,1.0.1,US,had new and years progress gone there data saves this not don,0,8
1462324486,Papa's Donuteria To Go!,Flipline Studios,12456075334,Milkxsweet,No me gustó,"Cuando intento poner las chispas, se me queda frisado sin poderle poner la que quiero, sino la que está en el medio.",2,2025-03-23 20:20:08+00:00,1.0.1,US,cuando intento poner las chispas queda frisado sin poderle poner que quiero sino que est medio,0,8
564874986,Backflip Madness,Gamesoul Studio,10720863515,[ APPLAUSE ],Input Lag,funny but almost impossible to play due to massive input lag,2,2023-12-20 03:36:22+00:00,1.2.1,US,funny but almost impossible due massive input lag,0,2
564874986,Backflip Madness,Gamesoul Studio,9565139852,Embroidery Boi 99,Paid but cant play,“get more” option covers up the “play” button. I paid $1 but now i cant play.,1,2023-01-30 21:02:42+00:00,1.2.0,US,more option covers the button paid but now cant,0,2
564874986,Backflip Madness,Gamesoul Studio,8889004821,HappyManOOG,Not worth paying,They want you to play a game that you can beat in a hour,2,2022-07-19 07:13:07+00:00,1.1.10,US,they you that you can beat hour,0,2
1113736426,RollerCoaster Tycoon® Classic,Atari,14364363731,ap3nko,Wont allow you to restore purchases,This game wont let you restore purchases,1,2026-07-29 23:53:46+00:00,1.2.435,US,this wont let you restore purchases,0,4
1113736426,RollerCoaster Tycoon® Classic,Atari,14067609785,TheFireStorm,Crashes at launch,App only opens to black screen on iPad A16,1,2026-05-15 15:37:50+00:00,1.2.435,US,only opens black screen,6,4
1113736426,RollerCoaster Tycoon® Classic,Atari,14057828548,Wardog108,No way to buy add ons,Was really looking forward to purchasing the add on but it’s impossible,1,2026-05-12 22:41:35+00:00,1.2.435,US,was looking forward purchasing the add but impossible,0,4
1113736426,RollerCoaster Tycoon® Classic,Atari,13972381203,Hodhoer,Stole my money,App won’t restore my purchases so I guess thanks for stealing my cash.,1,2026-04-18 20:53:14+00:00,1.2.435,US,won restore purchases guess thanks for stealing cash,0,4
335029050,Catan Classic,USM,14384876174,CatsnChanel,AI ruined it,"Used to be balanced and fun playing with Bots, until AI was clearly incorporated and ruined the gameplay. Strategic building no longer matters, as the high probability numbers will never roll (unless you share the tile with multiple opponents). I counted a game where 3s and 2s rolled more frequently than 8s and 6s. Giving up a number to build on a port will also not matter, as that number will never roll. Even if a bot has the highest number of points and you’re stuck at 3, other bots will use all their knights on you. Went from fun to infuriating.",1,2026-08-04 01:06:34+00:00,4.8.2,US,used balanced and fun with bots until was clearly incorporated and ruined the gameplay strategic building longer matters the high probability numbers will never roll unless you share the tile with multiple opponents counted where and rolled more frequently than and giving number build port will also not matter that number will never roll even bot has the highest number points and you stuck other bots will use all their knights you went from fun infuriating,3,4
335029050,Catan Classic,USM,14346940468,Mr. Rutherford The Brave,Cutting corners… literally,The corners are cut off so I can’t see the resource number on the top two players.,2,2026-07-25 15:51:13+00:00,4.8.2,US,the corners are cut off can see the resource number the top two,0,4
335029050,Catan Classic,USM,14327606202,Vasia8,Game is not working,The game isn't working; it's freezing.,1,2026-07-20 20:01:35+00:00,4.8.2,US,the isn't working it's freezing,0,4
335029050,Catan Classic,USM,14311131507,Petting turtles,Cheating online game,"I love catan but this computer version cheats HARD. Every time finally get over 7 cards the next play will be a 7 while other bots will have 10 cards+ for multiple rounds. The bots will randomly have monopoly cards, 3-4 victory cards, and road building cards, while all you will ever pull is 1 victory card and knight cards. It’s rigged and not worth it. Definitely disappointed.",1,2026-07-16 18:00:38+00:00,4.8.2,US,catan but this computer version cheats hard every finally over cards the next will while other bots will have cards for multiple rounds the bots will randomly have monopoly cards victory cards and road building cards while all you will ever pull victory card and knight cards rigged and not worth definitely disappointed,7,4
335029050,Catan Classic,USM,14289374704,Opisetday,Unbalanced,"I love the game of Catan but would not recommend playing against the AI. It is extremely unbalanced, the RNG seems highly rigged toward the AI. The AI will not trade with you, their tiles will be rolled 7 times before yours are. Every time a 7 is rolled the robber will go onto your tile regardless if you are losing heavily. If you use a knight to move the robber it will be moved right back onto your tile the next turn. Good luck winning because I can’t seem to figure it out.",1,2026-07-11 08:56:00+00:00,4.8.2,US,the catan but would not recommend against the extremely unbalanced the rng seems highly rigged toward the the will not trade with you their tiles will rolled before yours are every rolled the robber will onto your tile regardless you are losing heavily you use knight move the robber will moved right back onto your tile the next turn luck winning because can seem figure out,0,4
335029050,Catan Classic,USM,14271964866,Gerald w.B.,Want my money back,"Game keeps shutting down, can’t get a single game for 20 minutes. Garbage.",1,2026-07-07 00:11:45+00:00,4.8.2,US,keeps shutting down can single for minutes garbage,3,4
335029050,Catan Classic,USM,14257959105,Connected2,paid but doesn’t allow me to sign in,not sure if this is a scam,1,2026-07-03 13:29:39+00:00,4.8.2,US,not sure this scam,0,4
335029050,Catan Classic,USM,14251751159,xcrossfirex,Username,Brand new to this game and app and cannot register ive tried random letter for a username ive used my own made up words and nothing. So 5 dollars wasted and no game to play,1,2026-07-02 01:27:00+00:00,4.8.2,US,brand new this and and cannot register ive tried random letter for username ive used own made words and nothing dollars wasted and,0,4
335029050,Catan Classic,USM,14205689517,gate49,The game is fine. The GDPR announcements are annoying,"Every time a GDPR announcement comes up, always randomly, it erases all the custom settings",2,2026-06-20 15:41:34+00:00,4.8.2,US,every gdpr announcement comes always randomly erases all the custom settings,0,4
335029050,Catan Classic,USM,14203371823,Magmaknee3346,DO NOT BUY THIS GAME!!,Do not buy this game unless you want to be frustrated. As others have said the targeting AI is horrible. If you are ahead in victory points The bots will roll a bunch of 7’s in a row then just keep stealing from you. Then they will hoard development cards and randomly win the game with 5 victory points. Just save your money fam!,1,2026-06-20 01:13:44+00:00,4.8.2,US,not buy this unless you frustrated others have said the targeting horrible you are ahead victory points the bots will roll bunch row then keep stealing from you then they will hoard development cards and randomly win the with victory points save your money fam,1,4
1293681293,Pocket Build,MoonBear LTD,14375063019,Dascoutte,Dead game,"No more updates, abandoned by devs",1,2026-08-01 15:17:30+00:00,4.11,US,more updates abandoned devs,0,1
1293681293,Pocket Build,MoonBear LTD,13487508093,i hat bite squad,Please don’t let this game die!!,"So this is an awesome game. There are so many great things about it…… but people are conceived that the devs have given up on it. There are so many cool updates that are allegedly coming but the game is dead. Devs, please keep building this game. It has so much potential and it would be tragic if yall let it go to waste",1,2025-12-07 20:22:48+00:00,4.11,US,this awesome there are many about but people are conceived that the devs have given there are many cool updates that are allegedly coming but the dead devs please keep building this has much potential and would tragic yall let waste,0,1
1293681293,Pocket Build,MoonBear LTD,13448780039,Random_Brian,Abandoned,No major updates in years. Is it abandoned?,2,2025-11-27 23:49:18+00:00,4.11,US,major updates years abandoned,0,1
1293681293,Pocket Build,MoonBear LTD,13375916980,edaciouspod,Downloaded on its own!,Beware! I did not download this app. It purchased itself for me and download it on its own. Beware! Fraud! Bots!,1,2025-11-09 10:05:33+00:00,4.11,US,beware did not download this purchased itself for and download its own beware fraud bots,0,1
1293681293,Pocket Build,MoonBear LTD,12832654478,The earl 1297,Needs to be fixed,I tried putting Jesus as my world name but it says it’s inappropriate but allows me to put satan as a name,1,2025-06-29 20:44:30+00:00,4.11,US,tried putting jesus world name but says inappropriate but allows put satan name,0,1
1261834568,Shadow Fight 2 Special Edition,Nekki Limited,14312160181,Mjit33,XP locks game by stage 2,"Seriously, just got to lvl 10 and the xp grind gets absurd. Paid for this game btw. You finish off all the stuff around your level and get stuck grinding survival where I would need 40 rounds to get the last bit of the bar from 10-11. The game costs money but feels PTW and I’m not running 40 matches to get 1 lousy level. Don’t buy this.",2,2026-07-17 00:12:47+00:00,1.0.4,US,seriously lvl and the grind absurd paid for this btw you finish off all the stuff around your level and stuck grinding survival where would need rounds the last bit the bar from the costs money but feels ptw and not running matches lousy level don buy this,4,5
1261834568,Shadow Fight 2 Special Edition,Nekki Limited,14297000808,Jjisahoopedfrfrd,Idk,Hey I thought we get hella gems?,1,2026-07-13 06:48:18+00:00,1.0.4,US,hey thought hella gems,0,5
1261834568,Shadow Fight 2 Special Edition,Nekki Limited,14290192273,Ивъ,Act 2 can’t be downloaded.,"No updates, no reaction. Simple scam",1,2026-07-11 13:42:22+00:00,1.0.4,US,updates reaction simple scam,0,5
1261834568,Shadow Fight 2 Special Edition,Nekki Limited,14288573337,J'son Juel Ross,Not the same at all,"Let me just say I’ve been playing sf2 since 2014 and I only just tried this version to see what it was about. The fighting is not even remotely the same, magic can be blocked, kunai can be blocked, the whole game is literally just a block simulator. It literally makes you buying magic useless. There is significantly less story than the original. No enchanting as well. The forward dash is literally useless because you still get hit. The only positive things about this game is the story is still the same,  progression is quicker, and gems. But on the contrary why even have all those gyms if there’s no raids? I’m sorry but the sensei storyline is so dumb and has such lazy writing",2,2026-07-11 03:22:59+00:00,1.0.4,US,let say been since and only tried this version see what was about the fighting not even remotely the same magic can blocked kunai can blocked the whole literally block simulator literally you buying magic useless there significantly less story than the original enchanting well the forward dash literally useless because you still hit the only positive about this the story still the same progression quicker and gems but the contrary why even have all those gyms there raids sorry but the sensei storyline dumb and has such lazy writing,0,5
1461751938,Purple Place - Classic Games,Semyon Popov,13649406690,WrenPopPuss,Disappointment,"Genuinely this game is such a disappointment. I bought it because like everyone else, nostalgia. I wish I could go back in time to tell my younger self to enjoy it because the 2026 version would be so trash.",1,2026-01-18 21:20:41+00:00,3.0.1,US,genuinely this such disappointment bought because everyone else nostalgia wish could back tell younger self enjoy because the version would trash,7,3
1461751938,Purple Place - Classic Games,Semyon Popov,13462988858,thaibackhand,SICK AND TWISTED,"the game isn't even a game, its just tap tap tap, there's ur nostalgia now gimme my money. its a money grab that's a direct copy of a game from my childhood. they did the bare minimum and nothing more. because once they get their $2 they don't care about whose fond memories they're taking advantage of. they just want their measly profit from the occasional kid whose mourning their youth.",1,2025-12-01 14:46:12+00:00,3.0.1,US,the isn't even its tap tap tap there's nostalgia now gimme money its money grab that's direct copy from childhood they did the bare minimum and nothing more because once they their they don't care about whose fond memories they're taking advantage they their measly profit from the occasional kid whose mourning their youth,1,3
1461751938,Purple Place - Classic Games,Semyon Popov,13202323574,Lica:,Oh?,"Lowkey i was so excited when i saw this but it ain’t nothing like the original like lowkey i was expecting the same sound affects or At least close to the old characters but nope i use to play this game so much but i cant cause this ain’t kinda a replica, can y’all change the sound or characters specially for the cake game i beggggg.",2,2025-09-29 23:16:31+00:00,3.0.1,US,lowkey was excited when saw this but ain nothing the original lowkey was expecting the same sound affects least close the old characters but nope use this much but cant cause this ain kinda replica can all change the sound characters specially for the cake beggggg,0,3
1461751938,Purple Place - Classic Games,Semyon Popov,13172869296,Taha kezzllbach,Bad game,I’m looking for this game but as pc software so it would be better and more enjoyable I was chocked it’s not,2,2025-09-23 04:39:05+00:00,3.0.1,US,looking for this but software would better and more enjoyable was chocked not,7,3
1461751938,Purple Place - Classic Games,Semyon Popov,12888894989,Darcy1M,Not like Windows Classic Game and Glitches,"Ever so often the entire game board shrinks and the squares overlap each and the only way to get it back to normal is back out and get back in and (most of the time), this starts a new game. Annoying and useless. Definitely not like the original, which would be okay (sort of), if it didn’t glitch.",1,2025-07-14 01:55:36+00:00,3.0.1,US,ever often the entire board shrinks and the squares overlap each and the only way back normal back out and back and most the this starts new annoying and useless definitely not the original which would okay sort didn glitch,7,3
1461751938,Purple Place - Classic Games,Semyon Popov,12837897469,ihat3sleepingalone,😑false advertising,"i was looking for this game for the longest but it was only on the old pc software so i finally found it on the app store and it’s not the same as before, completely different and not really anything to do anymore its boring and light work🤦🏽‍♀️, even though it’s just $2 it’s not worth those $2.",1,2025-07-01 05:06:26+00:00,3.0.1,US,was looking for this for the longest but was only the old software finally found the store and not the same before completely different and not anything anymore its boring and light work even though not worth those,7,3
1461751938,Purple Place - Classic Games,Semyon Popov,12507872505,a concerned commenter 101,this game is trash :(,"The game is general is just buggy and.. idk even know.. its buggy, it glitches, the characters look freaky..",1,2025-04-05 19:09:15+00:00,3.0.1,US,the general buggy and idk even know its buggy glitches the characters look freaky,0,3
1461751938,Purple Place - Classic Games,Semyon Popov,12502107432,mayaaa5756,Don’t buy it,It’s not nostalgic how it was back then I’m a 06 baby and it just doesn’t hit the same anymore,1,2025-04-04 11:05:56+00:00,3.0.1,US,not nostalgic how was back then baby and doesn hit the same anymore,0,3
1461751938,Purple Place - Classic Games,Semyon Popov,12484967615,chanel.esp2,Not Worth It,This is a generic version of the game. Not the same creator. Wouldn’t suggest spending the $1.99.,1,2025-03-31 02:23:40+00:00,3.0.1,US,this generic version the not the same creator wouldn suggest spending the,7,3
1461751938,Purple Place - Classic Games,Semyon Popov,12484094684,renwhit $&@,Meh,Nothing like the original game wish I could get a refund.,2,2025-03-30 20:41:36+00:00,3.0.1,US,nothing the original wish could refund,7,3
1461751938,Purple Place - Classic Games,Semyon Popov,12443298133,PinkBunnybl00d,Not what you think,"It’s not what you think but it is what you think it was, it’s those games but they aren’t the same and don’t play out as they did when you played it before, the idea is there but the execution isn’t the best.",1,2025-03-20 16:58:57+00:00,3.0.1,US,not what you think but what you think was those but they aren the same and don out they did when you before the idea there but the execution isn the best,0,3
1461751938,Purple Place - Classic Games,Semyon Popov,12437140185,BurntToast099,Not real purble place,It's okay I guess... But not worth the $1.99 it's a bad replica of purble place with worse graphics and bad sound design. The original purble place is free and still available to play on computer so just get that instead,1,2025-03-19 01:42:36+00:00,3.0.1,US,it's okay guess but not worth the it's replica purble place with worse graphics and sound design the original purble place free and still available computer that instead,7,3
1117405948,The Game of Life,Marmalade Game Studio,14364074692,anonima2345,don't download this version!!,if you want to play multiplayer online this version fails go for game of life +2.,2,2026-07-29 22:00:31+00:00,2.2.2,US,you multiplayer online this version fails for life,7,4
1117405948,The Game of Life,Marmalade Game Studio,14211099428,xXJmikerXx,Could not start the game,"This game was a favorite of mine as a kid. As I began to set it up for my two kids under 6 years old, I noticed quite a few confusing pay options. After 20 minutes of just deciding what our 3 character set ups would be we lost our patience. Needless to say we never even started the game despite paying for it already. No thanks, too complicated. Change the age requirement to 6 years and up please.",2,2026-06-22 01:08:58+00:00,2.2.2,US,this was favorite mine kid began set for two kids under years old noticed quite few confusing pay options after minutes deciding what our character set ups would lost our patience needless say never even started the despite paying for already thanks too complicated change the age requirement years and please,5,4
1117405948,The Game of Life,Marmalade Game Studio,14210430302,E is frustrated!!&@$,Wheel lag,Please fix the lag in the wheel where it affects the pace of the spin!  It’s annoying,2,2026-06-21 20:37:55+00:00,2.2.2,US,please fix the lag the wheel where affects the pace the spin annoying,0,4
1117405948,The Game of Life,Marmalade Game Studio,14123155807,Utboat,Wasted money,"Paid actual money to play with wife only to have to login to Facebook, which would be fine if I could… but I get an error saying, “App not active: This app is not accessible right now and the app developer is aware of the issue. You will be able to log in when the app is reactivated.”",1,2026-05-30 12:22:52+00:00,2.2.2,US,paid actual money with wife only have login facebook which would fine could but error saying not active this not accessible right now and the developer aware the issue you will able log when the reactivated,7,4
1117405948,The Game of Life,Marmalade Game Studio,13856235784,Pedacito23,Robo de dinero,No vale el juego  local y no conecta com Facebook tampoco,1,2026-03-17 02:14:20+00:00,2.2.2,US,vale juego local conecta com facebook tampoco,0,4
1117405948,The Game of Life,Marmalade Game Studio,13823999208,Roadrunner1596,Didn’t work - crashes and no online play,"Couldn’t get online play to work, login via Facebook wasn’t available after entering credentials. Please refund",1,2026-03-07 17:06:31+00:00,2.2.2,US,couldn online work login via facebook wasn available after entering credentials please refund,0,4
1117405948,The Game of Life,Marmalade Game Studio,13563517925,Booemr135381,Doesn’t work,Wasted $5 because Facebook wouldn’t connect and can’t play with friends,1,2025-12-28 03:49:52+00:00,2.2.2,US,wasted because facebook wouldn connect and can with friends,7,4
1439187947,Rebel Inc.,Ndemic Creations,14363239810,DavidTheTruth,Missing a lot,"Here guys, we got another example of a company focused on producing average games instead of finishing one",2,2026-07-29 17:13:31+00:00,1.18.2,US,here guys another example company focused producing average instead finishing one,0,6
1439187947,Rebel Inc.,Ndemic Creations,14207385203,Curlupndyy,Shallow,High Score for bloody war;  lots and lots of it. Lower score for civilizing and less battle.,1,2026-06-21 02:00:53+00:00,1.18.2,US,high score for bloody war lots and lots lower score for civilizing and less battle,0,6
1518055618,Papa's Pastaria To Go!,Flipline Studios,13350880022,nalen12,Not bad… One problem,"It is fun to play but the sauce station is annoying. it smears off of the pasta and it doesn’t cover the entire pasta. I think it is because i have OCD, and i have never ever gotten 100 on this game.",2,2025-11-03 11:23:07+00:00,1.0.1,US,fun but the sauce station annoying smears off the pasta and doesn cover the entire pasta think because have ocd and have never ever gotten this,3,8
1518055618,Papa's Pastaria To Go!,Flipline Studios,12342936995,DOWNLOAD THIS NOWWWW,need a hd!,this game is good but it is so confusing compared to the computer version make a hd please i love this game its the best out of all except its not hd,2,2025-02-22 19:59:25+00:00,1.0.1,US,this but confusing compared the computer version please this its the best out all except its not,7,8
1518055618,Papa's Pastaria To Go!,Flipline Studios,11554200510,Nelly121998,Was a great game until..,"So I played this game faithfully for months but then decided to take a break from playing it so much. I returned about 2 weeks and all of my data was gone! I’m so disappointed because it was a fun game, but I just don’t feel like starting back over.",2,2024-07-31 03:04:33+00:00,1.0.1,US,this faithfully for months but then decided take break from much returned about weeks and all data was gone disappointed because was fun but don feel starting back over,3,8
1518055618,Papa's Pastaria To Go!,Flipline Studios,11026716797,hdjebdbjdjeb,I want a refund,"The game was amazing…until the end of the second day. I was on my last two dishes (one of them was a closer) and the place where you are supposed to put your ticket to sell wasn’t showing up after I hit the check mark. The game ended up freezing after that and wouldn’t work, causing me to have to restart day two and never ending up finishing it. I am very disappointed as a frequent papa’s player. Do better.",1,2024-03-09 19:47:49+00:00,1.0.1,US,the was amazing until the end the second day was last two dishes one them was closer and the place where you are supposed put your ticket sell wasn showing after hit the check mark the ended freezing after that and wouldn work causing have restart day two and never ending finishing very disappointed frequent papa better,7,8
1474716211,60 Seconds! Reatomized,Robot Gentleman sp. z o.o.,14234717170,Toofosh,Good but broke,"It’s a good and great game but recently it won’t let me play it , it just sits on the loading screen no matter how long I wait.",1,2026-06-28 00:04:09+00:00,1.2.5,US,and but recently won let sits the loading screen matter how long wait,6,6
1385258906,Mindustry,Anton Kramskoi,14380244080,Volunae,Not the best on a phone,"It might have been better if I had played this somewhere else before but starting with this version it is unplayable and a waste of money. The text is too small to read and making it bigger means zooming and scrolling back and forth and trying to figure out what it wants me to do next. And it’s not like it’s hard to tap on a skill/tech to research, it just takes a ridiculous amount of time and effort to see the sentence telling you to do so.",1,2026-08-02 21:43:33+00:00,8.159.7,US,might have been better had this somewhere else before but starting with this version unplayable and waste money the text too small read and bigger means zooming and scrolling back and forth and trying figure out what wants next and not hard tap skill tech research takes ridiculous amount and effort see the sentence telling you,7,1
1385258906,Mindustry,Anton Kramskoi,14377209590,Not on a phone,No thanks,"I can see this being everything I want in a rts td resource manager game but personally on the new iphone the controls are terrible. I have to research how to do everything and the building system is just not smooth. 
I wouldnt even mash this on a tablet, its clunky.",2,2026-08-02 04:03:01+00:00,8.159.7,US,can see this being everything rts resource manager but personally the new the controls are terrible have research how everything and the building system not smooth wouldnt even mash this tablet its clunky,0,1
1385258906,Mindustry,Anton Kramskoi,13971908783,lololololololo'lololololo,No fairness for erekir basin,"Basin is literally impossible cause of the flying units they have, until you fix it i will remain as a person of no forgiveness for this game",1,2026-04-18 17:58:07+00:00,8.157.2,US,basin literally impossible cause the flying units they have until you fix will remain person forgiveness for this,0,1
1385258906,Mindustry,Anton Kramskoi,13888394695,Vonkorki,Update the game!!!,"My friend has build 156, can you update the game to that version please?",1,2026-03-26 10:02:39+00:00,7.146.0,US,friend has build can you update the that version please,7,1
1385258906,Mindustry,Anton Kramskoi,13764673200,Evan28362846,kind of annoying to use,"I reinstalled this game to give it another chance and immediately remembered why I left. Fix the controls or at least make them more clear on what to do. I got softlocked on a level because the drone you play as randomly dissapeared and I couldn't do anything. Also, trying to repair previously destroyed buildings is really annoying because it move it off grid where you originally had it which makes your whole base overlap and it is really devestating for gameplay. Losing once is also extremely brutal, you have to go to your previous base and wait for resources to try again. Who's idea of fun is that? Just let us retry the level, why does it have to be so complicated? It's a really cool game, just not very good towards new players.",2,2026-02-19 01:47:46+00:00,7.146.0,US,reinstalled this give another chance and immediately remembered why left fix the controls least them more clear what softlocked level because the drone you randomly dissapeared and couldn't anything also trying repair previously destroyed buildings annoying because move off grid where you originally had which your whole base overlap and devestating for gameplay losing once also extremely brutal you have your previous base and wait for resources try again who's idea fun that let retry the level why does have complicated it's cool not very towards new,4,1
417817520,Tiny Wings,Andreas Illiger,14174849419,GGuy5,Update is laggy,"I don’t mind updates but the game now has major framerate issues even on my two-generations-old iPhone. I also don’t like the new entering fever mode sound effect but that’s more of a subjective opinion. The game is amazing otherwise, but it’s just not playable when it randomly drops to 10 frames per second for a few seconds. If this is fixed the next time I play the game then I’ll update my review accordingly.",2,2026-06-12 18:15:58+00:00,2.5.2,US,don mind updates but the now has major framerate issues even two-generations-old also don the new entering fever mode sound effect but that more subjective opinion the amazing otherwise but not playable when randomly drops frames per second for few seconds this fixed the next the then update review accordingly,0,2
417817520,Tiny Wings,Andreas Illiger,14088628772,ItsTimeToDuel,Capitalism strikes again,"This was without a doubt one of my favorite games ever. I got all the nests, even the extremely difficult challenges, and enjoyed trying to get gold in all of flight school. Upon booting up the game again, it has become mobile game slop. I'm deeply, deeply saddened by this. The game was never free to play (and I assume it still isn't), so adding so much junk to what is supposed to be a simplistic cozy game has crushed my heart.",2,2026-05-21 09:18:03+00:00,2.5.2,US,this was without doubt one favorite ever all the nests even the extremely difficult challenges and enjoyed trying gold all flight school upon booting the again has become mobile slop i'm deeply deeply saddened this the was never free and assume still isn't adding much junk what supposed simplistic cozy has crushed heart,7,2
417817520,Tiny Wings,Andreas Illiger,13667148386,Yankees368,Frame rate issues!,I’ve been playing this game forever but it’s an unplayable mess on iOS 26. It suffers from constant frame rate drops and stuttering on the latest Pro phone. The recent app updates haven’t resolved this or even mitigated it yet.,1,2026-01-23 16:48:11+00:00,2.5.2,US,been this forever but unplayable mess ios suffers from constant frame rate drops and stuttering the latest pro the recent updates haven resolved this even mitigated yet,0,2
1300634274,Universal Paperclips™,"Everybody House Games, LLC",12033694283,Snaggs87,Lost progress.,If you change universes you loose progress.,1,2024-12-06 21:26:53+00:00,2.1,US,you change universes you loose progress,0,6
1455781522,FNaF 6: Pizzeria Simulator,CLICKTEAM LLC USA,14316890813,Tr-0y,It’s not letting me play how it’s supposed to play,So when I get my paycheck for playing the games in my pizzeria when I go into the Stan's Budget Tech and I tried to buy the animatronics in Stan's Budget Tech but they say they’re unavailable when I have enough money to buy it,1,2026-07-18 04:20:37+00:00,1.0.3,US,when paycheck for the pizzeria when into the stan's budget tech and tried buy the animatronics stan's budget tech but they say they unavailable when have enough money buy,1,7
1455781522,FNaF 6: Pizzeria Simulator,CLICKTEAM LLC USA,14080444870,Parisa21186,HORRIBLE,THE FNAF 6 NIGHT 6 ENDING CUTSCENE FROZE AND ONLY THE SONG PLAYED IN COMPLETION ENDING AND NOW I HAVE TO BEAT NIGHT 6 AGAIN BECAUSE OF YOU MAYBE IF YOU SEE THIS REVIEW WHICH YOU WONT AND TAKE ME BACK TO THE CUTSCENE AS SOON AS I START SATURDAY ILL BE HAPPY,1,2026-05-19 01:44:04+00:00,1.0.3,US,the fnaf night ending cutscene froze and only the song completion ending and now have beat night again because you maybe you see this review which you wont and take back the cutscene soon start saturday ill happy,0,7
1455781522,FNaF 6: Pizzeria Simulator,CLICKTEAM LLC USA,13992183556,jsusbdjddvjd,"Yo bro fix the time, horrible experience.","Download was 16 minutes, lwk good time.",1,2026-04-24 14:55:47+00:00,1.0.3,US,download was minutes lwk,3,7
1330451888,Pocket City,Codebrew Games Inc.,13965642627,Tonelocomotive,Doesn’t work anymore on IPads,I opened it and it was just a light blue screen for ten minutes and nothing happened I deleted it restarted the IPad and downloaded it again and it still doesn’t work.,1,2026-04-17 00:31:08+00:00,1.0.41,US,opened and was light blue screen for ten minutes and nothing happened deleted restarted the and downloaded again and still doesn work,6,6
1330451888,Pocket City,Codebrew Games Inc.,13798913582,Ibsheena99,Frustrating,It’s fun to build your city but there are so many quests that it is hard to keep up. And then a tornado or fire or storm comes and wrecks it. That’s not fun for me so I deleted the game.,2,2026-02-28 14:29:38+00:00,1.0.41,US,fun build your city but there are many quests that hard keep and then tornado fire storm comes and wrecks that not fun for deleted the,3,6
1330451888,Pocket City,Codebrew Games Inc.,13176671673,Stevessv,Green screen,My city is gone. I just have a green screen.,1,2025-09-24 01:39:18+00:00,1.0.41,US,city gone have green screen,6,6
6758201392,Slime Rancher,Playdigious,14343923346,Idchiack,I have played this game before and I really like it such a good game but am having and issue with,This phone version any solution I have all ready try airplane mode and the game won’t even let me play and I have and iPhone 13 is that the problem any solution,1,2026-07-24 21:00:51+00:00,1.0.5,US,this version any solution have all ready try airplane mode and the won even let and have and that the problem any solution,7,6
6758201392,Slime Rancher,Playdigious,14323567894,👍🏻🤙🏻✌🏻🥳,Game crashes every 15-30 minutes,This game is a chill game that’s great to play if you’re looking to unwind. However there’s a bug where the game will keep crashing if you open your menu. So simply because of that this game isn’t worth its price tag and if you want my opinion save your money and don’t buy this garbage,1,2026-07-19 19:24:04+00:00,1.0.5,US,this chill that you looking unwind however there bug where the will keep crashing you open your menu simply because that this isn worth its price tag and you opinion save your money and don buy this garbage,1,6
6758201392,Slime Rancher,Playdigious,14252107232,mr.poopoo.head.head,No controller support for backbone,Please add controller input so i can add this to my backbone menu please,1,2026-07-02 03:35:52+00:00,1.0.4,US,please add controller input can add this backbone menu please,0,6
6478287619,Exploding Kittens® 2,Marmalade Game Studio,14336875861,PAPAGHOST5,REFUND ASAP!,"Did not let me play with others playing this game even after receiving code multiple times. Serious case of FOMO! Not to mention the 20minutes I spent trying to troubleshoot it, and another 10 trying to create, yet another account!! Whomever can help give me a refund asap rocky, please and thank you. Please fix these major inconvenient issues for the future!",1,2026-07-23 03:36:35+00:00,1.0.0,US,did not let with others this even after receiving code multiple serious case fomo not mention the minutes spent trying troubleshoot and another trying create yet another account whomever can help give refund asap rocky please and thank you please fix these major inconvenient issues for the future,0,4
6478287619,Exploding Kittens® 2,Marmalade Game Studio,14252147573,User 1912,Additional account needed for multiplayer,Requires a bubble.com account to play with friends. Ridiculous.,2,2026-07-02 03:51:07+00:00,1.0.0,US,requires bubble com account with friends ridiculous,0,4
6478287619,Exploding Kittens® 2,Marmalade Game Studio,14183498116,Teerrry bbbbbiiiilllllll,Terrible,"I pressed an attack and it made me press an exploding kitten, terrible not good. I’ll play it again, but like if you literally hate losing, don’t buy it please.",1,2026-06-14 22:53:09+00:00,1.0.0,US,pressed attack and made press exploding kitten terrible not again but you literally hate losing don buy please,0,4
6478287619,Exploding Kittens® 2,Marmalade Game Studio,14178427456,beachlover1425,Can’t play with 2 people present on one iPad,"I wanted to play with my friend and she’s in person. Couldn’t do it that way, only if it was online….",2,2026-06-13 16:17:54+00:00,1.0.0,US,with friend and she person couldn that way only was online,6,4
6478287619,Exploding Kittens® 2,Marmalade Game Studio,14075428400,Logamort,The first game again. Charging for the same card packs again. Here’s my recommendation to the Devs,"I really like the new animations the added to the cards. That and they’ve got rid of all the voicelines in the first game. 

Here’s the areas I’m a little disappointed in though. 

I bought the expansion packs in the first game so I was a little disappointed that the cards didn’t carry over to the new game. Well actually it did it’s just locked behind a 10 dollar paywall which will hurt matchmaking with other players online to where if you bought those packs you won’t be able to play them online just like the first game. My recommendation is to let anyone join a game with the person that owns it rather it be quick play or the custom lobby menu that way players that bought it aren’t penalized for buying it and players that didn’t buy it can try it out and see if they would enjoy it before they purchase it.

 The other one is character customization. What happened to the cat icons? There’s a progression bar but there is no customization for playing the game. Since all players bought the game this would’ve been a good opportunity to reward people who still play the game to unlock costumes, boards or card packs the more they play it to incentivize your card community to keep coming back to the app. This could be like every rank up that the game currently offers as a reward for continually playing the game while offering players an express purchase way to skip the whole ranking system. 

Next, I recommend orienting the cards so it’s straight in front of the player. Let’s make it easier to read.

In the first game each card had their own sound effects. It’s minor but it gives additional charm to the game.

The last recommendation I have is to be able to just hold on top of your hand to see th card and its animation while you hover over it.

Otherwise, nice job! You’ve made the first game cool again.

I’ve given 5 recommendations. I will update my review for each recommendation that gets implemented.",1,2026-05-17 16:46:23+00:00,1.0.0,US,the new animations the added the cards that and they rid all the voicelines the first here the areas little disappointed though bought the expansion packs the first was little disappointed that the cards didn carry over the new well actually did locked behind dollar paywall which will hurt matchmaking with other online where you bought those packs you won able them online the first recommendation let anyone join with the person that owns rather quick the custom lobby menu that way that bought aren penalized for buying and that didn buy can try out and see they would enjoy before they purchase the other one character customization what happened the cat icons there progression bar but there customization for the since all bought the this would been opportunity reward people who still the unlock costumes boards card packs the more they incentivize your card community keep coming back the this could every rank that the currently offers reward for continually the while offering express purchase way skip the whole ranking system next recommend orienting the cards straight front the let easier read the first each card had their own sound effects minor but gives additional charm the the last recommendation have able hold top your hand see card and its animation while you hover over otherwise nice job you made the first cool again given recommendations will update review for each recommendation that implemented,7,4
6508165149,Dungeon Clawler,Stray Fawn Studio,14103307246,SirOfTheDerp,Poor balance choices.,At stage 30 the game instant killed me. Hit my character with 355 damage in a single attack. Thats after they already hit me for 96. That is unavoidable entirely. Im disappointed you think thats acceptable.,1,2026-05-25 06:28:05+00:00,1.0.511,US,stage the instant killed hit character with damage single attack thats after they already hit for that unavoidable entirely disappointed you think thats acceptable,0,5
